(30, 1, 2, 3, 20);ק;ש;י;ה;מ;ל;ש;ל;ר;ש;א;ם;י;ר;י;ש;ה;ר;י;ש;(30, 1, 1, 1, 1)
(30, 1, 2, 23, 40);ם;י;ב;ו;ט;י;כ;ו;ה;י;פ;ת;ו;ק;י;ש;נ;מ;י;נ;(30, 1, 2, 4, 21)
(30, 1, 3, 12, 60);ב;ו;ט;ך;י;נ;מ;ש;ח;י;ר;ל;ן;י;י;מ;ך;י;ד;ד;(30, 1, 2, 24, 41)
(30, 1, 3, 32, 80);ו;מ;ל;ע;ן;כ;ל;ע;ך;מ;ש;ק;ר;ו;ת;ן;מ;ש;ם;י;(30, 1, 3, 13, 61)
(30, 1, 4, 14, 100);צ;ו;ר;נ;ך;י;ר;ח;א;י;נ;כ;ש;מ;ך;ו;ב;ה;א;ת;(30, 1, 3, 33, 81)
(30, 1, 4, 34, 120);ל;י;ג;נ;ו;י;ר;ד;ח;ך;ל;מ;ה;י;נ;א;י;ב;ה;ה;(30, 1, 4, 15, 101)
(30, 1, 4, 54, 140);מ;ך;י;ד;ד;ה;ר;י;כ;ז;נ;ך;ב;ה;ח;מ;ש;נ;ו;ה;(30, 1, 4, 35, 121)
(30, 1, 5, 6, 160);א;ה;ר;ו;ח;ש;ך;ו;ב;ה;א;ם;י;ר;ש;י;מ;ן;י;י;(30, 1, 4, 55, 141)
(30, 1, 5, 26, 180);ה;א;כ;ם;ל;ש;ו;ר;י;ת;ו;נ;ב;ה;ו;א;נ;ו;י;נ;(30, 1, 5, 7, 161)
(30, 1, 6, 4, 200);ר;ת;ל;א;ה;מ;ל;ש;ת;ו;ע;י;ר;י;כ;ר;ד;ק;י;ל;(30, 1, 5, 27, 181)
(30, 1, 6, 24, 220);נ;ת;פ;ז;ש;ש;ת;ר;ח;ר;ח;ש;י;נ;א;ש;י;נ;ו;א;(30, 1, 6, 5, 201)
(30, 1, 6, 44, 240);נ;מ;ש;י;ב;ו;ר;ח;נ;י;מ;א;י;נ;ב;ש;מ;ש;ה;י;(30, 1, 6, 25, 221)
(30, 1, 6, 64, 260);י;ל;ש;י;מ;ר;כ;ם;י;מ;ר;כ;ה;ת;א;ה;ר;ט;נ;י;(30, 1, 6, 45, 241)
(30, 1, 7, 13, 280);נ;ה;ב;ה;א;ש;י;ל;ה;ד;י;ג;ה;י;ת;ר;ט;נ;א;ל;(30, 1, 6, 65, 261)
(30, 1, 7, 33, 300);ץ;י;ב;ר;ת;ה;כ;י;א;ה;ע;ר;ת;ה;כ;י;א;י;ש;פ;(30, 1, 7, 14, 281)
(30, 1, 7, 53, 320);ע;ה;י;ט;ע;כ;ה;י;ה;א;ה;מ;ל;ש;ם;י;ר;ה;צ;ב;(30, 1, 7, 34, 301)
(30, 1, 8, 10, 340);ך;ל;י;ע;ד;ת;א;ל;ם;א;ך;י;ר;ב;ח;י;ר;ד;ע;ל;(30, 1, 7, 54, 321)
(30, 1, 8, 30, 360);ה;י;ב;ק;ע;ב;ך;ל;י;א;צ;ם;י;ש;נ;ב;ה;פ;י;ה;(30, 1, 8, 11, 341)
(30, 1, 8, 50, 380);כ;ש;מ;ל;ע;ך;י;ת;י;ד;ג;ת;א;י;ע;ר;ו;ן;א;צ;(30, 1, 8, 31, 361)
(30, 1, 9, 12, 400);ר;פ;י;ב;כ;ר;ב;י;ת;ס;ס;ל;ם;י;ע;ר;ה;ת;ו;נ;(30, 1, 8, 51, 381)
(30, 1, 10, 7, 420);י;ח;ל;ו;ו;א;נ;י;ת;י;ע;ר;ך;י;ת;י;מ;ד;ה;ע;(30, 1, 9, 13, 401)
(30, 1, 11, 1, 440);ת;ם;י;ז;ו;ר;ח;ב;ך;ר;א;ו;צ;ם;י;ר;ת;ב;ך;י;(30, 1, 10, 8, 421)
(30, 1, 11, 21, 460);ה;ת;ו;ד;ק;נ;ם;ע;ך;ל;ה;ש;ע;נ;ב;ה;ז;י;ר;ו;(30, 1, 11, 2, 441)
(30, 1, 12, 17, 480);נ;י;ד;ר;נ;ו;ב;ס;מ;ב;ך;ל;מ;ה;ש;ד;ע;ף;ס;כ;(30, 1, 11, 22, 461)
(30, 1, 13, 14, 500);ב;י;ל;י;ד;ו;ד;ר;מ;ה;ר;ו;ר;צ;ו;ח;י;ר;ן;ת;(30, 1, 12, 18, 481)
(30, 1, 14, 11, 520);ד;ו;ד;ר;פ;כ;ה;ל;כ;ש;א;ן;י;ל;י;י;ד;ש;ן;י;(30, 1, 13, 15, 501)
(30, 1, 15, 6, 540);ה;פ;י;ך;נ;ה;י;ד;ג;ן;י;ע;י;מ;ר;כ;ב;י;ל;י;(30, 1, 14, 12, 521)
(30, 1, 15, 26, 560);י;נ;ו;י;ך;י;נ;י;ע;ה;פ;י;ך;נ;ה;י;ת;י;ע;ר;(30, 1, 15, 7, 541)
(30, 1, 16, 19, 580);ע;ף;א;ם;י;ע;נ;ף;א;י;ד;ו;ד;ה;פ;י;ך;נ;ה;ם;(30, 1, 15, 27, 561)
(30, 1, 17, 11, 600);ר;א;ו;נ;י;ת;ב;ת;ו;ר;ק;ה;נ;נ;ע;ר;ו;נ;ש;ר;(30, 1, 16, 20, 581)
(30, 2, 1, 5, 620);ב;ח;י;נ;א;ם;י;ת;ו;ר;ב;ו;נ;ט;י;ח;ר;ם;י;ז;(30, 1, 17, 12, 601)
(30, 2, 2, 1, 640);כ;ם;י;ק;מ;ע;ה;ת;נ;ש;ו;ש;ן;ו;ר;ש;ה;ת;ל;צ;(30, 2, 1, 6, 621)
(30, 2, 2, 21, 660);ת;י;ע;ר;ן;כ;ם;י;ח;ו;ח;ה;ן;י;ב;ה;נ;ש;ו;ש;(30, 2, 2, 2, 641)
(30, 2, 3, 11, 680);י;ה;י;צ;ע;ב;ח;ו;פ;ת;כ;ת;ו;נ;ב;ה;ן;י;ב;י;(30, 2, 2, 22, 661)
(30, 2, 3, 31, 700);ו;ל;צ;ב;ם;י;נ;ב;ה;ן;י;ב;י;ד;ו;ד;ן;כ;ר;ע;(30, 2, 3, 12, 681)
(30, 2, 3, 51, 720);ק;ו;ת;מ;ו;י;ר;פ;ו;י;ת;ב;ש;י;ו;י;ת;ד;מ;ח;(30, 2, 3, 32, 701)
(30, 2, 4, 16, 740);ו;ן;י;י;ה;ת;י;ב;ל;א;י;נ;א;י;ב;ה;י;כ;ח;ל;(30, 2, 3, 52, 721)
(30, 2, 5, 9, 760);ש;א;ב;י;נ;ו;כ;מ;ס;ה;ב;ה;א;י;ל;ע;ו;ל;ג;ד;(30, 2, 4, 17, 741)
(30, 2, 5, 29, 780);ח;י;כ;ם;י;ח;ו;פ;ת;ב;י;נ;ו;ד;פ;ר;ת;ו;ש;י;(30, 2, 5, 10, 761)
(30, 2, 6, 10, 800);ר;ל;ת;ח;ת;ו;ל;א;מ;ש;י;נ;א;ה;ב;ה;א;ת;ל;ו;(30, 2, 5, 30, 781)
(30, 2, 7, 5, 820);ת;ע;ב;ש;ה;י;נ;ק;ב;ח;ת;ו;נ;י;מ;י;ו;י;ש;א;(30, 2, 6, 11, 801)
(30, 2, 7, 25, 840);ו;א;ב;צ;ב;ם;ל;ש;ו;ר;י;ת;ו;נ;ב;ם;כ;ת;א;י;(30, 2, 7, 6, 821)
(30, 2, 7, 45, 860);ו;ר;י;ע;ת;ם;א;ה;ד;ש;ה;ת;ו;ל;י;א;ב;ו;א;ת;(30, 2, 7, 26, 841)
(30, 2, 7, 65, 880);ת;ש;ד;ע;ה;ב;ה;א;ה;ת;א;ו;ר;ר;ו;ע;ת;ם;א;ו;(30, 2, 7, 46, 861)
(30, 2, 8, 17, 900);ל;ד;מ;א;ב;ה;ז;ה;נ;ה;י;ד;ו;ד;ל;ו;ק;ץ;פ;ח;(30, 2, 7, 66, 881)
(30, 2, 8, 37, 920);ת;ו;ע;ב;ג;ה;ל;ע;ץ;פ;ק;מ;ם;י;ר;ה;ה;ל;ע;ג;(30, 2, 8, 18, 901)
(30, 2, 9, 20, 940);א;ה;ר;פ;ע;ל;ו;א;י;ב;צ;ל;י;ד;ו;ד;ה;מ;ו;ד;(30, 2, 9, 1, 921)
(30, 2, 9, 40, 960);נ;ל;ת;כ;ר;ח;א;ד;מ;ו;ע;ה;ז;ה;נ;ה;ם;י;ל;י;(30, 2, 9, 21, 941)
(30, 2, 9, 60, 980);ן;מ;ץ;י;צ;מ;ת;ו;נ;ל;ח;ה;ן;מ;ח;י;ג;ש;מ;ו;(30, 2, 9, 41, 961)
(30, 2, 10, 14, 1000);ק;י;ל;ר;מ;א;ו;י;ד;ו;ד;ה;נ;ע;ם;י;כ;ר;ח;ה;(30, 2, 9, 61, 981)
(30, 2, 10, 34, 1020);ך;ל;י;כ;ל;ו;י;ת;פ;י;י;ת;י;ע;ר;ך;ל;י;מ;ו;(30, 2, 10, 15, 1001)
(30, 2, 11, 20, 1040);ה;ף;ל;ח;ם;ש;ג;ה;ר;ב;ע;ו;ת;ס;ה;ה;נ;ה;י;כ;(30, 2, 11, 1, 1021)
(30, 2, 12, 16, 1060);ת;ע;ץ;ר;א;ב;ו;א;ר;נ;ם;י;נ;צ;נ;ה;ו;ל;ך;ל;(30, 2, 11, 21, 1041)
(30, 2, 12, 36, 1080);מ;ש;נ;ר;ו;ת;ה;ל;ו;ק;ו;ע;י;ג;ה;ר;י;מ;ז;ה;(30, 2, 12, 17, 1061)
(30, 2, 13, 13, 1100);ה;י;ג;פ;ה;ט;נ;ח;ה;נ;א;ת;ה;ו;נ;צ;ר;א;ב;ע;(30, 2, 12, 37, 1081)
(30, 2, 13, 33, 1120);ו;ק;ח;י;ר;ו;נ;ת;נ;ר;ד;מ;ס;ם;י;נ;פ;ג;ה;ו;(30, 2, 13, 14, 1101)
(30, 2, 13, 53, 1140);ך;ל;י;כ;ל;ו;י;ת;פ;י;י;ת;י;ע;ר;י;כ;ל;י;מ;(30, 2, 13, 34, 1121)
(30, 2, 14, 20, 1160);מ;ה;ר;ת;ס;ב;ע;ל;ס;ה;י;ו;ג;ח;ב;י;ת;נ;ו;י;(30, 2, 14, 1, 1141)
(30, 2, 14, 40, 1180);מ;ש;ה;ך;י;א;ר;מ;ת;א;י;נ;י;א;ר;ה;ה;ג;ר;ד;(30, 2, 14, 21, 1161)
(30, 2, 14, 60, 1200);ו;ב;ר;ע;ך;ל;ו;ק;י;כ;ך;ל;ו;ק;ת;א;י;נ;ע;י;(30, 2, 14, 41, 1181)
(30, 2, 15, 11, 1220);י;ל;ע;ש;ו;נ;ל;ו;ז;ח;א;ה;ו;א;נ;ך;י;א;ר;מ;(30, 2, 14, 61, 1201)
(30, 2, 15, 31, 1240);מ;ר;כ;ם;י;ל;ב;ח;מ;ם;י;נ;ט;ק;ם;י;ל;ע;ש;ם;(30, 2, 15, 12, 1221)
(30, 2, 16, 7, 1260);ו;י;ל;י;ד;ו;ד;ר;ד;מ;ס;ו;נ;י;מ;ר;כ;ו;ם;י;(30, 2, 15, 32, 1241)
(30, 2, 17, 4, 1280);י;ש;ד;ע;ם;י;נ;ש;ו;ש;ב;ה;ע;ר;ה;ו;ל;י;נ;א;(30, 2, 16, 8, 1261)
(30, 2, 17, 24, 1300);ד;ב;ס;ם;י;ל;ל;צ;ה;ו;ס;נ;ו;ם;ו;י;ה;ח;ו;פ;(30, 2, 17, 5, 1281)
(30, 2, 17, 44, 1320);א;ה;ר;פ;ע;ל;ו;א;י;ב;צ;ל;י;ד;ו;ד;ך;ל;ה;מ;(30, 2, 17, 25, 1301)
(30, 3, 1, 8, 1340);ב;י;ב;כ;ש;מ;ל;ע;ר;ת;ב;י;ר;ה;ל;ע;ם;י;ל;י;(30, 2, 17, 45, 1321)
(30, 3, 1, 28, 1360);ש;פ;נ;ה;ב;ה;א;ש;ת;א;י;ת;ש;ק;ב;ת;ו;ל;י;ל;(30, 3, 1, 9, 1341)
(30, 3, 2, 4, 1380);מ;ו;ק;א;ו;י;ת;א;צ;מ;א;ל;ו;ו;י;ת;ש;ק;ב;י;(30, 3, 1, 29, 1361)
(30, 3, 2, 24, 1400);ם;י;ק;ו;ש;ב;ר;י;ע;ב;ה;ב;ב;ו;ס;א;ו;א;נ;ה;(30, 3, 2, 5, 1381)
(30, 3, 2, 44, 1420);נ;ה;ב;ה;א;ש;ת;א;ה;ש;ק;ב;א;ת;ו;ב;ח;ר;ב;ו;(30, 3, 2, 25, 1401)
(30, 3, 3, 2, 1440);צ;מ;ו;י;ת;א;צ;מ;א;ל;ו;ו;י;ת;ש;ק;ב;י;ש;פ;(30, 3, 2, 45, 1421)
(30, 3, 3, 22, 1460);ר;י;ע;ב;ם;י;ב;ב;ס;ה;ם;י;ר;מ;ש;ה;י;נ;ו;א;(30, 3, 3, 3, 1441)
(30, 3, 4, 4, 1480);ט;ע;מ;כ;ם;ת;י;א;ר;י;ש;פ;נ;ה;ב;ה;א;ש;ת;א;(30, 3, 3, 23, 1461)
(30, 3, 4, 24, 1500);ש;ת;א;י;ת;א;צ;מ;ש;ד;ע;ם;ה;מ;י;ת;ר;ב;ע;ש;(30, 3, 4, 5, 1481)
(30, 3, 4, 44, 1520);פ;ר;א;א;ל;ו;ו;י;ת;ז;ח;א;י;ש;פ;נ;ה;ב;ה;א;(30, 3, 4, 25, 1501)
(30, 3, 4, 64, 1540);י;מ;א;ת;י;ב;ל;א;ו;י;ת;א;י;ב;ה;ש;ד;ע;ו;נ;(30, 3, 4, 45, 1521)
(30, 3, 5, 9, 1560);כ;ת;א;י;ת;ע;ב;ש;ה;י;ת;ר;ו;ה;ר;ד;ח;ל;א;ו;(30, 3, 4, 65, 1541)
(30, 3, 5, 29, 1580);ב;ו;א;ת;ו;א;ב;צ;ב;ם;ל;ש;ו;ר;י;ת;ו;נ;ב;ם;(30, 3, 5, 10, 1561)
(30, 3, 5, 49, 1600);ת;ם;א;ו;ו;ר;י;ע;ת;ם;א;ה;ד;ש;ה;ת;ו;ל;י;א;(30, 3, 5, 30, 1581)
(30, 3, 6, 1, 1620);מ;ץ;פ;ח;ת;ש;ד;ע;ה;ב;ה;א;ה;ת;א;ו;ר;ר;ו;ע;(30, 3, 5, 50, 1601)
(30, 3, 6, 21, 1640);ו;ר;מ;י;ת;כ;ר;ב;ד;מ;ה;ן;מ;ה;ל;ע;ת;א;ז;י;(30, 3, 6, 2, 1621)
(30, 3, 6, 41, 1660);ל;כ;מ;ה;נ;ו;ב;ל;ו;ר;מ;ת;ר;ט;ק;מ;ן;ש;ע;ת;(30, 3, 6, 22, 1641)
(30, 3, 7, 12, 1680);מ;ל;ש;ל;ש;ו;ת;ט;מ;ה;נ;ה;ל;כ;ו;ר;ת;ק;ב;א;(30, 3, 6, 42, 1661)
(30, 3, 7, 32, 1700);ר;ב;ג;מ;ה;ל;ב;י;ב;ס;ם;י;ר;ב;ג;ם;י;ש;ש;ה;(30, 3, 7, 13, 1681)
(30, 3, 8, 14, 1720);ד;מ;ל;מ;ב;ר;ח;י;ז;ח;א;ם;ל;כ;ל;א;ר;ש;י;י;(30, 3, 7, 33, 1701)
(30, 3, 8, 34, 1740);מ;ו;כ;ר;י;ל;ע;ו;ב;ר;ח;ש;י;א;ה;מ;ח;ל;מ;י;(30, 3, 8, 15, 1721)
(30, 3, 9, 11, 1760);ו;ל;ה;ש;ע;ן;ו;י;ר;פ;א;ת;ו;ל;י;ל;ב;ד;ח;פ;(30, 3, 8, 35, 1741)
(30, 3, 10, 2, 1780);מ;ע;ן;ו;נ;ב;ל;ה;י;צ;ע;מ;ה;מ;ל;ש;ך;ל;מ;ה;(30, 3, 9, 12, 1761)
(30, 3, 10, 22, 1800);מ;ב;ה;ז;ו;ת;ד;י;פ;ר;ף;ס;כ;ה;ש;ע;ו;י;ד;ו;(30, 3, 10, 3, 1781)
(30, 3, 10, 42, 1820);ב;ה;א;ף;ו;צ;ר;ו;כ;ו;ת;ן;מ;ג;ר;א;ו;ב;כ;ר;(30, 3, 10, 23, 1801)
(30, 3, 11, 8, 1840);י;א;ר;ו;ה;נ;א;צ;ם;ל;ש;ו;ר;י;ת;ו;נ;ב;מ;ה;(30, 3, 10, 43, 1821)
(30, 3, 11, 28, 1860);ע;ב;ה;מ;ל;ש;ך;ל;מ;ב;ן;ו;י;צ;ת;ו;נ;ב;ה;נ;(30, 3, 11, 9, 1841)
(30, 3, 11, 48, 1880);נ;ת;ח;ם;ו;י;ב;ו;מ;א;ו;ל;ה;ר;ט;ע;ש;ה;ר;ט;(30, 3, 11, 29, 1861)
(30, 4, 1, 6, 1900);ה;פ;י;ך;נ;ה;ו;ב;ל;ת;ח;מ;ש;ם;ו;י;ב;ו;ו;ת;(30, 3, 11, 49, 1881)
(30, 4, 1, 26, 1920);י;נ;ו;י;ך;י;נ;י;ע;ה;פ;י;ך;נ;ה;י;ת;י;ע;ר;(30, 4, 1, 7, 1901)
(30, 4, 1, 46, 1940);ע;ה;ר;ד;ע;כ;ך;ר;ע;ש;ך;ת;מ;צ;ל;ד;ע;ב;מ;ם;(30, 4, 1, 27, 1921)
(30, 4, 2, 5, 1960);כ;ך;י;נ;ש;ד;ע;ל;ג;ר;ה;מ;ו;ש;ל;ג;ש;ם;י;ז;(30, 4, 1, 47, 1941)
(30, 4, 2, 25, 1980);צ;ח;ר;ה;ן;מ;ו;ל;ע;ש;ת;ו;ב;ו;צ;ק;ה;ר;ד;ע;(30, 4, 2, 6, 1961)
(30, 4, 2, 45, 2000);ן;י;א;ה;ל;כ;ש;ו;ת;ו;מ;י;א;ת;מ;ם;ל;כ;ש;ה;(30, 4, 2, 26, 1981)
(30, 4, 3, 17, 2020);מ;ו;ך;י;ת;ו;ת;פ;ש;י;נ;ש;ה;ט;ו;ח;כ;ם;ה;ב;(30, 4, 2, 46, 2001)
(30, 4, 3, 37, 2040);ת;ק;ר;ן;ו;מ;ר;ה;ח;ל;פ;כ;ה;ו;א;נ;ך;ר;ב;ד;(30, 4, 3, 18, 2021)
(30, 4, 4, 10, 2060);צ;ד;י;ו;ד;ל;ד;ג;מ;כ;ך;ת;מ;צ;ל;ד;ע;ב;מ;ך;(30, 4, 3, 38, 2041)
(30, 4, 4, 30, 2080);מ;ה;ף;ל;א;ת;ו;י;פ;ל;ת;ל;י;ו;נ;ב;ך;ר;א;ו;(30, 4, 4, 11, 2061)
(30, 4, 4, 50, 2100);ר;ב;ג;ה;י;ט;ל;ש;ל;כ;ו;י;ל;ע;י;ו;ל;ת;ן;ג;(30, 4, 4, 31, 2081)
(30, 4, 5, 18, 2120);א;ת;ם;י;ר;פ;ע;י;נ;ש;כ;ך;י;ד;ש;י;נ;ש;ם;י;(30, 4, 4, 51, 2101)
(30, 4, 5, 38, 2140);ם;י;נ;ש;ו;ש;ב;ם;י;ע;ו;ר;ה;ה;י;ב;צ;י;מ;ו;(30, 4, 5, 19, 2121)
(30, 4, 6, 20, 2160);י;ל;ל;צ;ה;ו;ס;נ;ו;ם;ו;י;ה;ח;ו;פ;י;ש;ד;ע;(30, 4, 6, 1, 2141)
(30, 4, 6, 40, 2180);ע;ב;ג;ל;א;ו;ר;ו;מ;ה;ר;ה;ל;א;י;ל;ך;ל;א;ם;(30, 4, 6, 21, 2161)
(30, 4, 7, 13, 2200);מ;ו;י;ת;י;ע;ר;ה;פ;י;ך;ל;כ;ה;נ;ו;ב;ל;ה;ת;(30, 4, 6, 41, 2181)
(30, 4, 8, 13, 2220);א;ה;ל;כ;ן;ו;נ;ב;ל;מ;י;ת;א;ך;ב;ן;י;א;ם;ו;(30, 4, 7, 14, 2201)
(30, 4, 8, 33, 2240);ר;מ;י;ר;ו;ש;ת;י;א;ו;ב;ת;ן;ו;נ;ב;ל;מ;י;ת;(30, 4, 8, 14, 2221)
(30, 4, 8, 53, 2260);ן;ו;מ;ר;ח;ו;ר;י;נ;ש;ש;א;ר;מ;ה;נ;מ;א;ש;א;(30, 4, 8, 34, 2241)
(30, 4, 8, 73, 2280);י;ר;מ;נ;י;ר;ר;ה;מ;ת;ו;י;ר;א;ת;ו;נ;ע;מ;מ;(30, 4, 8, 54, 2261)
(30, 4, 9, 19, 2300);י;נ;ת;ב;ב;ל;ה;ל;כ;י;ת;ח;א;י;נ;ת;ב;ב;ל;ם;(30, 4, 8, 74, 2281)
(30, 4, 9, 39, 2320);ו;צ;מ;ק;נ;ע;ד;ח;א;ב;ך;י;נ;י;ע;מ;ד;ח;א;ב;(30, 4, 9, 20, 2301)
(30, 4, 10, 16, 2340);ה;ל;כ;י;ת;ח;א;ך;י;ד;ד;ו;פ;י;ה;מ;ך;י;נ;ר;(30, 4, 9, 40, 2321)
(30, 4, 10, 36, 2360);נ;מ;ש;ח;י;ר;ו;ן;י;י;מ;ך;י;ד;ד;ו;ב;ט;ה;מ;(30, 4, 10, 17, 2341)
(30, 4, 11, 10, 2380);פ;ש;ה;נ;פ;ט;ת;ת;פ;נ;ם;י;מ;ש;ב;ל;כ;מ;ך;י;(30, 4, 10, 37, 2361)
(30, 4, 11, 30, 2400);ש;ל;ת;ח;ת;ב;ל;ח;ו;ש;ב;ד;ה;ל;כ;ך;י;ת;ו;ת;(30, 4, 11, 11, 2381)
(30, 4, 11, 50, 2420);נ;ב;ל;ח;י;ר;כ;ך;י;ת;מ;ל;ש;ח;י;ר;ו;ך;נ;ו;(30, 4, 11, 31, 2401)
(30, 4, 12, 18, 2440);ו;ע;נ;ל;ג;ה;ל;כ;י;ת;ח;א;ל;ו;ע;נ;ן;ג;ן;ו;(30, 4, 11, 51, 2421)
(30, 4, 13, 11, 2460);מ;ר;ס;ד;ר;פ;ך;י;ח;ל;ש;ם;ו;ת;ח;ן;י;ע;מ;ל;(30, 4, 12, 19, 2441)
(30, 4, 13, 31, 2480);ע;ם;י;ר;פ;כ;ם;י;ד;ג;מ;י;ר;פ;ם;ע;ם;י;נ;ו;(30, 4, 13, 12, 2461)
(30, 4, 14, 14, 2500);נ;ק;ו;ה;נ;ק;ם;כ;ר;כ;ו;ד;ר;נ;ם;י;ד;ר;נ;ם;(30, 4, 13, 32, 2481)
(30, 4, 14, 34, 2520);ה;א;ו;ר;מ;ה;נ;ו;ב;ל;י;צ;ע;ל;כ;ם;ע;ן;ו;מ;(30, 4, 14, 15, 2501)
(30, 4, 15, 4, 2540);ן;י;ע;מ;ם;י;מ;ש;ב;י;ש;א;ר;ל;כ;ם;ע;ת;ו;ל;(30, 4, 14, 35, 2521)
(30, 4, 15, 24, 2560);ם;י;ל;ז;נ;ו;ם;י;י;ח;ם;י;מ;ר;א;ב;ם;י;נ;ג;(30, 4, 15, 5, 2541)
(30, 4, 16, 13, 2580);י;א;ו;ב;ו;ן;ו;פ;צ;י;ר;ו;ע;ן;ו;נ;ב;ל;ן;מ;(30, 4, 15, 25, 2561)
(30, 4, 16, 33, 2600);י;מ;ש;ב;ו;ל;ז;י;י;נ;ג;י;ח;י;פ;ה;ן;מ;י;ת;(30, 4, 16, 14, 2581)
(30, 4, 16, 53, 2620);י;ר;פ;ל;כ;א;י;ו;ו;נ;ג;ל;י;ד;ו;ד;א;ב;י;ו;(30, 4, 16, 34, 2601)
(30, 5, 1, 15, 2640);ה;ל;כ;י;ת;ח;א;י;נ;ג;ל;י;ת;א;ב;ו;י;ד;ג;מ;(30, 4, 16, 54, 2621)
(30, 5, 1, 35, 2660);י;ת;ל;כ;א;י;מ;ש;ב;ם;ע;י;ר;ו;מ;י;ת;י;ר;א;(30, 5, 1, 16, 2641)
(30, 5, 1, 55, 2680);ע;י;נ;י;י;י;ת;י;ת;ש;י;ש;ב;ד;ם;ע;י;ר;ע;י;(30, 5, 1, 36, 2661)
(30, 5, 1, 75, 2700);ר;כ;ש;ו;ו;ת;ש;ם;י;ע;ר;ו;ל;כ;א;י;ב;ל;ח;ם;(30, 5, 1, 56, 2681)
(30, 5, 2, 14, 2720);ק;ר;ע;י;ב;ל;ו;ה;נ;ש;י;י;נ;א;ם;י;ד;ו;ד;ו;(30, 5, 1, 76, 2701)
(30, 5, 2, 34, 2740);י;ת;ח;א;י;ל;י;ח;ת;פ;ק;פ;ו;ד;י;ד;ו;ד;ל;ו;(30, 5, 2, 15, 2721)
(30, 5, 2, 54, 2760);נ;י;ש;א;ר;ש;י;ת;מ;ת;י;ת;נ;ו;י;י;ת;י;ע;ר;(30, 5, 2, 35, 2741)
(30, 5, 2, 74, 2780);ה;ל;י;ל;י;ס;י;ס;ר;י;ת;ו;צ;ו;ק;ל;ט;א;ל;מ;(30, 5, 2, 55, 2761)
(30, 5, 3, 20, 2800);ב;ל;א;ה;כ;כ;י;א;י;ת;נ;ת;כ;ת;א;י;ת;ט;ש;פ;(30, 5, 3, 1, 2781)
(30, 5, 3, 40, 2820);א;ה;כ;כ;י;א;י;ל;ג;ר;ת;א;י;ת;צ;ח;ר;ה;נ;ש;(30, 5, 3, 21, 2801)
(30, 5, 4, 16, 2840);ו;ר;ח;ה;ן;מ;ו;ד;י;ח;ל;ש;י;ד;ו;ד;ם;פ;נ;ט;(30, 5, 3, 41, 2821)
(30, 5, 5, 10, 2860);ת;פ;ל;י;נ;א;י;ת;מ;ק;ו;י;ל;ע;ו;מ;ה;י;ע;מ;(30, 5, 4, 17, 2841)
(30, 5, 5, 30, 2880);צ;א;ו;ר;ו;מ;ו;פ;ט;נ;י;ד;י;ו;י;ד;ו;ד;ל;ח;(30, 5, 5, 11, 2861)
(30, 5, 5, 50, 2900);ע;נ;מ;ה;ת;ו;פ;כ;ל;ע;ר;ב;ע;ר;ו;מ;י;ת;ע;ב;(30, 5, 5, 31, 2881)
(30, 5, 6, 18, 2920);י;ד;ו;ד;ו;י;ד;ו;ד;ל;י;נ;א;י;ת;ח;ת;פ;ל;ו;(30, 5, 5, 51, 2901)
(30, 5, 6, 38, 2940);ב;ו;ר;ב;ד;ב;ה;א;צ;י;י;ש;פ;נ;ר;ב;ע;ק;מ;ח;(30, 5, 6, 19, 2921)
(30, 5, 6, 58, 2960);ת;א;ר;ק;ו;ה;י;ת;א;צ;מ;א;ל;ו;ו;ה;י;ת;ש;ק;(30, 5, 6, 39, 2941)
(30, 5, 7, 11, 2980);ם;י;ר;מ;ש;ה;י;נ;א;צ;מ;י;נ;נ;ע;א;ל;ו;ו;י;(30, 5, 6, 59, 2961)
(30, 5, 7, 31, 3000);נ;ו;ע;צ;פ;י;נ;ו;כ;ה;ר;י;ע;ב;ם;י;ב;ב;ס;ה;(30, 5, 7, 12, 2981)
(30, 5, 7, 51, 3020);י;ר;מ;ש;י;ל;ע;מ;י;ד;י;ד;ר;ת;א;ו;א;ש;נ;י;(30, 5, 7, 32, 3001)
(30, 5, 8, 15, 3040);י;ת;ו;נ;ב;ם;כ;ת;א;י;ת;ע;ב;ש;ה;ת;ו;מ;ח;ה;(30, 5, 7, 52, 3021)
(30, 5, 8, 35, 3060);ה;מ;י;ד;ו;ד;ת;א;ו;א;צ;מ;ת;ם;א;ם;ל;ש;ו;ר;(30, 5, 8, 16, 3041)
(30, 5, 9, 1, 3080);מ;י;נ;א;ה;ב;ה;א;ת;ל;ו;ח;ש;ו;ל;ו;ד;י;ג;ת;(30, 5, 8, 36, 3061)
(30, 5, 9, 21, 3100);ה;מ;ם;י;ש;נ;ב;ה;פ;י;ה;ד;ו;ד;מ;ך;ד;ו;ד;ה;(30, 5, 9, 2, 3081)
(30, 5, 10, 1, 3120);ד;ו;נ;ת;ע;ב;ש;ה;ה;כ;כ;ש;ד;ו;ד;מ;ך;ד;ו;ד;(30, 5, 9, 22, 3101)
(30, 5, 11, 1, 3140);ר;ה;ב;ב;ר;מ;ל;ו;ג;ד;ם;ו;ד;א;ו;ח;צ;י;ד;ו;(30, 5, 10, 2, 3121)
(30, 5, 11, 21, 3160);י;ל;ת;ל;ת;ו;י;ת;ו;צ;ו;ק;ז;פ;ם;ת;כ;ו;ש;א;(30, 5, 11, 2, 3141)
(30, 5, 12, 9, 3180);נ;ו;י;כ;ו;י;נ;י;ע;ב;ר;ו;ע;כ;ת;ו;ר;ח;ש;ם;(30, 5, 11, 22, 3161)
(30, 5, 12, 29, 3200);ל;ח;ב;ת;ו;צ;ח;ר;ם;י;מ;י;ק;י;פ;א;ל;ע;ם;י;(30, 5, 12, 10, 3181)
(30, 5, 13, 8, 3220);ו;ר;ע;כ;ו;י;ח;ל;ת;א;ל;מ;ל;ע;ת;ו;ב;ש;י;ב;(30, 5, 12, 30, 3201)
(30, 5, 13, 28, 3240);פ;ש;ם;י;ח;ק;ר;מ;ת;ו;ל;ד;ג;מ;ם;ש;ב;ה;ת;ג;(30, 5, 13, 9, 3221)
(30, 5, 13, 48, 3260);ע;ר;ו;מ;ת;ו;פ;ט;נ;ם;י;נ;ש;ו;ש;ו;י;ת;ו;ת;(30, 5, 13, 29, 3241)
(30, 5, 14, 18, 3280);ם;י;א;ל;מ;מ;ב;ה;ז;י;ל;י;ל;ג;ו;י;ד;י;ר;ב;(30, 5, 13, 49, 3261)
(30, 5, 14, 38, 3300);ת;פ;ל;ע;מ;ן;ש;ת;ש;ע;ו;י;ע;מ;ש;י;ש;ר;ת;ב;(30, 5, 14, 19, 3281)
(30, 5, 15, 14, 3320);י;מ;ש;ש;י;ד;ו;מ;ע;ו;י;ק;ו;ש;ם;י;ר;י;פ;ס;(30, 5, 14, 39, 3301)
(30, 5, 15, 34, 3340);ב;ל;כ;ו;ה;א;ר;מ;ז;פ;י;נ;ד;א;ל;ע;ם;י;ד;ס;(30, 5, 15, 15, 3321)
(30, 5, 16, 7, 3360);ק;ת;מ;מ;ו;כ;ח;ם;י;ז;ר;א;כ;ר;ו;ח;ב;ן;ו;נ;(30, 5, 15, 35, 3341)
(30, 5, 16, 27, 3380);ז;ו;י;ד;ו;ד;ה;ז;ם;י;ד;מ;ח;מ;ו;ל;כ;ו;ם;י;(30, 5, 16, 8, 3361)
(30, 6, 1, 6, 3400);ך;ל;ה;ה;נ;א;ם;ל;ש;ו;ר;י;ת;ו;נ;ב;י;ע;ר;ה;(30, 5, 16, 28, 3381)
(30, 6, 1, 26, 3420);ד;ה;נ;פ;ה;נ;א;ם;י;ש;נ;ב;ה;פ;י;ה;ך;ד;ו;ד;(30, 6, 1, 7, 3401)
(30, 6, 2, 7, 3440);ד;ר;י;י;ד;ו;ד;ך;מ;ע;ו;נ;ש;ק;ב;נ;ו;ך;ד;ו;(30, 6, 1, 27, 3421)
(30, 6, 2, 27, 3460);ב;ת;ו;ע;ר;ל;ם;ש;ב;ה;ת;ו;ג;ר;ע;ל;ו;נ;ג;ל;(30, 6, 2, 8, 3441)
(30, 6, 3, 5, 3480);ד;ל;י;נ;א;ם;י;נ;ש;ו;ש;ט;ק;ל;ל;ו;ם;י;נ;ג;(30, 6, 2, 28, 3461)
(30, 6, 3, 25, 3500);י;נ;ש;ו;ש;ב;ה;ע;ר;ה;י;ל;י;ד;ו;ד;ו;י;ד;ו;(30, 6, 3, 6, 3481)
(30, 6, 4, 19, 3520);ה;ו;א;נ;ה;צ;ר;ת;כ;י;ת;י;ע;ר;ת;א;ה;פ;י;ם;(30, 6, 3, 26, 3501)
(30, 6, 5, 2, 3540);ס;ה;ת;ו;ל;ג;ד;נ;כ;ה;מ;י;א;ם;ל;ש;ו;ר;י;כ;(30, 6, 4, 20, 3521)
(30, 6, 5, 22, 3560);ב;י;ה;ר;ה;ם;ה;ש;י;ד;ג;נ;מ;ך;י;נ;י;ע;י;ב;(30, 6, 5, 3, 3541)
(30, 6, 5, 42, 3580);ו;ש;ל;ג;ש;ם;י;ז;ע;ה;ר;ד;ע;כ;ך;ר;ע;ש;י;נ;(30, 6, 5, 23, 3561)
(30, 6, 6, 13, 3600);י;ל;ח;ר;ה;ר;ד;ע;כ;ך;י;נ;ש;ד;ע;ל;ג;ה;ן;מ;(30, 6, 5, 43, 3581)
(30, 6, 6, 33, 3620);י;א;ת;מ;ם;ל;כ;ש;ה;צ;ח;ר;ה;ן;מ;ו;ל;ע;ש;ם;(30, 6, 6, 14, 3601)
(30, 6, 7, 6, 3640);ר;ה;ח;ל;פ;כ;ם;ה;ב;ן;י;א;ה;ל;כ;ש;ו;ת;ו;מ;(30, 6, 6, 34, 3621)
(30, 6, 8, 4, 3660);ם;י;ש;ש;ך;ת;מ;צ;ל;ד;ע;ב;מ;ך;ת;ק;ר;ן;ו;מ;(30, 6, 7, 7, 3641)
(30, 6, 8, 24, 3680);י;ש;ג;ל;י;פ;ם;י;נ;מ;ש;ו;ת;ו;כ;ל;מ;ה;מ;ה;(30, 6, 8, 5, 3661)
(30, 6, 9, 6, 3700);א;י;ה;ת;ח;א;ר;פ;ס;מ;ן;י;א;ת;ו;מ;ל;ע;ו;ם;(30, 6, 8, 25, 3681)
(30, 6, 9, 26, 3720);ב;ה;מ;א;ל;א;י;ה;ת;ח;א;י;ת;מ;ת;י;ת;נ;ו;י;(30, 6, 9, 7, 3701)
(30, 6, 9, 46, 3740);ת;ו;נ;ב;ה;ו;א;ר;ה;ת;ד;ל;ו;י;ל;א;י;ה;ה;ר;(30, 6, 9, 27, 3721)
(30, 6, 9, 66, 3760);ם;י;ש;ג;ל;י;פ;ו;ת;ו;כ;ל;מ;ה;ו;ר;ש;א;י;ו;(30, 6, 9, 47, 3741)
(30, 6, 10, 13, 3780);מ;כ;ה;פ;ק;ש;נ;ה;ת;א;ז;י;מ;ה;ו;ל;ל;ה;י;ו;(30, 6, 9, 67, 3761)
(30, 6, 10, 33, 3800);א;ה;מ;ח;כ;ה;ר;ב;ה;נ;ב;ל;כ;ה;פ;י;ר;ח;ש;ו;(30, 6, 10, 14, 3781)
(30, 6, 11, 10, 3820);י;ז;ו;ג;א;ת;נ;ג;ל;א;ת;ו;ל;ג;ד;נ;כ;ה;מ;י;(30, 6, 10, 34, 3801)
(30, 6, 11, 30, 3840);א;ר;ל;ל;ח;נ;ה;י;ב;א;ב;ת;ו;א;ר;ל;י;ת;ד;ר;(30, 6, 11, 11, 3821)
(30, 6, 11, 50, 3860);י;נ;מ;ר;ה;ו;צ;נ;ה;ן;פ;ג;ה;ה;ח;ר;פ;ה;ת;ו;(30, 6, 11, 31, 3841)
(30, 6, 12, 19, 3880);כ;ר;מ;י;נ;ת;מ;ש;י;ש;פ;נ;י;ת;ע;ד;י;א;ל;ם;(30, 6, 11, 51, 3861)
(30, 7, 1, 10, 3900);ש;ה;י;ב;ו;ש;י;ב;ו;ש;ב;י;ד;נ;י;מ;ע;ת;ו;ב;(30, 6, 12, 20, 3881)
(30, 7, 1, 30, 3920);ך;ב;ה;ז;ח;נ;ו;י;ב;ו;ש;י;ב;ו;ש;ת;י;מ;ל;ו;(30, 7, 1, 11, 3901)
(30, 7, 1, 50, 3940);מ;ה;ת;ל;ח;מ;כ;ת;י;מ;ל;ו;ש;ב;ו;ז;ח;ת;ה;מ;(30, 7, 1, 31, 3921)
(30, 7, 2, 16, 3960);ם;י;ל;ע;נ;ב;ך;י;מ;ע;פ;ו;פ;י;ה;מ;ם;י;נ;ח;(30, 7, 1, 51, 3941)
(30, 7, 2, 36, 3980);ח;ו;מ;כ;ך;י;כ;ר;י;י;ק;ו;מ;ח;ב;י;ד;נ;ת;ב;(30, 7, 2, 17, 3961)
(30, 7, 3, 6, 4000);ג;א;ך;ר;ר;ש;ן;מ;א;י;ד;י;ה;ש;ע;מ;ם;י;א;ל;(30, 7, 2, 37, 3981)
(30, 7, 3, 26, 4020);ע;ך;נ;ט;ב;ג;ז;מ;ה;ר;ס;ח;י;ל;א;ר;ה;ס;ה;ן;(30, 7, 3, 7, 4001)
(30, 7, 4, 2, 4040);נ;ש;ם;י;נ;ש;ו;ש;ב;ה;ג;ו;ס;ם;י;ט;ח;ת;מ;ר;(30, 7, 3, 27, 4021)
(30, 7, 4, 22, 4060);ב;צ;י;מ;א;ת;ם;י;ר;פ;ע;י;נ;ש;כ;ך;י;ד;ש;י;(30, 7, 4, 3, 4041)
(30, 7, 5, 18, 4080);ך;י;נ;י;ע;ן;ש;ה;ל;ד;ג;מ;כ;ך;ר;א;ו;צ;ה;י;(30, 7, 4, 23, 4061)
(30, 7, 5, 38, 4100);ב;ר;ת;ב;ר;ע;ש;ל;ע;ן;ו;ב;ש;ח;ב;ת;ו;כ;ר;ב;(30, 7, 5, 19, 4081)
(30, 7, 5, 58, 4120);ה;פ;ו;צ;ן;ו;נ;ב;ל;ה;ל;ד;ג;מ;כ;ך;פ;א;ם;י;(30, 7, 5, 39, 4101)
(30, 7, 6, 13, 4140);ל;מ;ר;כ;כ;ך;י;ל;ע;ך;ש;א;ר;ק;ש;מ;ד;י;נ;פ;(30, 7, 5, 59, 4121)
(30, 7, 6, 33, 4160);ו;ס;א;ך;ל;מ;ן;מ;ג;ר;א;כ;ך;ש;א;ר;ת;ל;ד;ו;(30, 7, 6, 14, 4141)
(30, 7, 7, 13, 4180);ת;מ;ע;נ;ה;מ;ו;ת;י;פ;י;ה;מ;ם;י;ט;ה;ר;ב;ר;(30, 7, 6, 34, 4161)
(30, 7, 8, 8, 4200);ך;ת;מ;ו;ק;ת;א;ז;ם;י;ג;ו;נ;ע;ת;ב;ה;ב;ה;א;(30, 7, 7, 14, 4181)
(30, 7, 8, 28, 4220);ת;ו;ל;כ;ש;א;ל;ך;י;ד;ש;ו;ר;מ;ת;ל;ה;ת;מ;ד;(30, 7, 8, 9, 4201)
(30, 7, 9, 20, 4240);נ;ס;ב;ה;ז;ח;א;ר;מ;ת;ב;ה;ל;ע;א;י;ת;ר;מ;א;(30, 7, 9, 1, 4221)
(30, 7, 9, 40, 4260);ל;כ;ש;א;כ;ך;י;ד;ש;א;נ;ו;י;ה;י;ו;ו;י;נ;ס;(30, 7, 9, 21, 4241)
(30, 7, 9, 60, 4280);ם;י;ח;ו;פ;ת;כ;ך;פ;א;ח;י;ר;ו;ן;פ;ג;ה;ת;ו;(30, 7, 9, 41, 4261)
(30, 7, 10, 20, 4300);ד;ו;ד;ל;ך;ל;ו;ה;ב;ו;ט;ה;ן;י;י;כ;ך;כ;ח;ו;(30, 7, 10, 1, 4281)
(30, 7, 10, 40, 4320);י;נ;ש;י;י;ת;פ;ש;ב;ב;ו;ד;ם;י;ר;ש;י;מ;ל;י;(30, 7, 10, 21, 4301)
(30, 7, 12, 1, 4340);ל;ו;ת;ק;ו;ש;ת;י;ל;ע;ו;י;ד;ו;ד;ל;י;נ;א;ם;(30, 7, 10, 41, 4321)
(30, 7, 12, 21, 4360);כ;ב;ה;נ;י;ל;נ;ה;ד;ש;ה;א;צ;נ;י;ד;ו;ד;ה;כ;(30, 7, 12, 2, 4341)
(30, 7, 13, 16, 4380);ה;א;ר;נ;ם;י;מ;ר;כ;ל;ה;מ;י;כ;ש;נ;ם;י;ר;פ;(30, 7, 12, 22, 4361)
(30, 7, 13, 36, 4400);נ;ה;ר;ד;מ;ס;ה;ח;ת;פ;ן;פ;ג;ה;ה;ח;ר;פ;ם;א;(30, 7, 13, 17, 4381)
(30, 7, 13, 56, 4420);ל;י;ד;ד;ת;א;ן;ת;א;ם;ש;ם;י;נ;ו;מ;ר;ה;ו;צ;(30, 7, 13, 37, 4401)
(30, 7, 14, 19, 4440);ת;פ;ל;ע;ו;ח;י;ר;ו;נ;ת;נ;ם;י;א;ד;ו;ד;ה;ך;(30, 7, 13, 57, 4421)
(30, 7, 14, 39, 4460);ש;י;ם;ג;ם;י;ש;ד;ח;ם;י;ד;ג;מ;ל;כ;ו;נ;י;ח;(30, 7, 14, 20, 4441)
(30, 8, 1, 6, 4480);ך;נ;ת;י;י;מ;ך;ל;י;ת;נ;פ;צ;י;ד;ו;ד;ם;י;נ;(30, 7, 14, 40, 4461)
(30, 8, 1, 26, 4500);ך;א;צ;מ;א;י;מ;א;י;ד;ש;ק;נ;ו;י;י;ל;ח;א;כ;(30, 8, 1, 7, 4481)
(30, 8, 2, 2, 4520);נ;א;י;ל;ו;ז;ב;י;א;ל;ם;ג;ך;ק;ש;א;ץ;ו;ח;ב;(30, 8, 1, 27, 4501)
(30, 8, 2, 22, 4540);ד;מ;ל;ת;י;מ;א;ת;י;ב;ל;א;ך;א;י;ב;א;ך;ג;ה;(30, 8, 2, 3, 4521)
(30, 8, 2, 42, 4560);ר;ס;י;ס;ע;מ;ח;ק;ר;ה;ן;י;י;מ;ך;ק;ש;א;י;נ;(30, 8, 2, 23, 4541)
(30, 8, 3, 17, 4580);נ;י;מ;י;ו;י;ש;א;ר;ת;ח;ת;ו;ל;א;מ;ש;י;נ;מ;(30, 8, 2, 43, 4561)
(30, 8, 4, 13, 4600);ו;נ;ב;ם;כ;ת;א;י;ת;ע;ב;ש;ה;י;נ;ק;ב;ח;ת;ו;(30, 8, 3, 18, 4581)
(30, 8, 4, 33, 4620);ר;ע;ת;ה;מ;ו;ו;ר;י;ע;ת;ה;מ;ם;ל;ש;ו;ר;י;ת;(30, 8, 4, 14, 4601)
(30, 8, 5, 4, 4640);א;ז;י;מ;ץ;פ;ח;ת;ש;ד;ע;ה;ב;ה;א;ה;ת;א;ו;ר;(30, 8, 4, 34, 4621)
(30, 8, 5, 24, 4660);ד;ל;ע;ת;ק;פ;ר;ת;מ;ר;ב;ד;מ;ה;ן;מ;ה;ל;ע;ת;(30, 8, 5, 5, 4641)
(30, 8, 5, 44, 4680);מ;ש;ך;י;ת;ר;ר;ו;ע;ח;ו;פ;ת;ה;ת;ח;ת;ה;ד;ו;(30, 8, 5, 25, 4661)
(30, 8, 5, 64, 4700);ת;ד;ל;י;ה;ל;ב;ח;ה;מ;ש;ך;מ;א;ך;ת;ל;ב;ח;ה;(30, 8, 5, 45, 4681)
(30, 8, 6, 19, 4720);ת;ו;ח;כ;ך;ב;ל;ל;ע;ם;ת;ו;ח;כ;י;נ;מ;י;ש;ך;(30, 8, 5, 65, 4701)
(30, 8, 6, 39, 4740);ב;ה;א;ת;ו;מ;כ;ה;ז;ע;י;כ;ך;ע;ו;ר;ז;ל;ע;ם;(30, 8, 6, 20, 4721)
(30, 8, 6, 59, 4760);ש;ר;ה;י;פ;ש;ר;ה;א;נ;ק;ל;ו;א;ש;כ;ה;ש;ק;ה;(30, 8, 6, 40, 4741)
(30, 8, 7, 9, 4780);א;ל;ם;י;ב;ר;ם;י;מ;ה;י;ת;ב;ה;ל;ש;ש;א;י;פ;(30, 8, 6, 60, 4761)
(30, 8, 7, 29, 4800);ה;נ;ו;ה;ב;ה;א;ה;ת;א;ת;ו;ב;כ;ל;ו;ל;כ;ו;י;(30, 8, 7, 10, 4781)
(30, 8, 7, 49, 4820);א;ש;י;א;ן;ת;י;ם;א;ה;ו;פ;ט;ש;י;א;ל;ת;ו;ר;(30, 8, 7, 30, 4801)
(30, 8, 7, 69, 4840);ב;י;ז;ו;ב;ה;ב;ה;א;ב;ו;ת;י;ב;ן;ו;ה;ל;כ;ת;(30, 8, 7, 50, 4821)
(30, 8, 8, 15, 4860);י;ד;ש;ו;ה;נ;ט;ק;ו;נ;ל;ת;ו;ח;א;ו;ל;ו;ז;ו;(30, 8, 7, 70, 4841)
(30, 8, 8, 35, 4880);י;ב;ו;נ;ת;ח;א;ל;ה;ש;ע;נ;ה;מ;ה;ל;ן;י;א;ם;(30, 8, 8, 16, 4861)
(30, 8, 9, 11, 4900);ב;נ;א;י;ה;ה;מ;ו;ח;ם;א;ה;ב;ר;ב;ד;י;ש;ם;ו;(30, 8, 8, 36, 4881)
(30, 8, 9, 31, 4920);ה;ת;ל;ד;ם;א;ו;ף;ס;כ;ת;ר;י;ט;ה;י;ל;ע;ה;נ;(30, 8, 9, 12, 4901)
(30, 8, 10, 4, 4940);ח;י;נ;א;ז;ר;א;ח;ו;ל;ה;י;ל;ע;ר;ו;צ;נ;א;י;(30, 8, 9, 32, 4921)
(30, 8, 10, 24, 4960);ת;י;י;ה;ז;א;ת;ו;ל;ד;ג;מ;כ;י;ד;ש;ו;ה;מ;ו;(30, 8, 10, 5, 4941)
(30, 8, 11, 3, 4980);ם;ר;כ;ם;ו;ל;ש;ת;א;צ;ו;מ;כ;ו;י;נ;י;ע;ב;י;(30, 8, 10, 25, 4961)
(30, 8, 11, 23, 5000);א;ן;ת;נ;ן;ו;מ;ה;ל;ע;ב;ב;ה;מ;ל;ש;ל;ה;י;ה;(30, 8, 11, 4, 4981)
(30, 8, 11, 43, 5020);ר;פ;ב;א;ב;י;ש;י;א;ם;י;ר;ט;נ;ל;ם;ר;כ;ה;ת;(30, 8, 11, 24, 5001)
(30, 8, 12, 12, 5040);ה;י;נ;פ;ל;י;ל;ש;י;מ;ר;כ;ף;ס;כ;ף;ל;א;ו;י;(30, 8, 11, 44, 5021)
(30, 8, 12, 32, 5060);י;ר;ט;נ;ל;ם;י;ת;א;מ;ו;ה;מ;ל;ש;ך;ל;ף;ל;א;(30, 8, 12, 13, 5041)
(30, 8, 13, 13, 5080);ב;ח;ם;י;נ;ג;ב;ת;ב;ש;ו;י;ה;ו;י;ר;פ;ת;א;ם;(30, 8, 12, 33, 5061)
(30, 8, 13, 33, 5100);ע;י;מ;ש;ה;ך;ל;ו;ק;ל;ם;י;ב;י;ש;ק;מ;ם;י;ר;(30, 8, 13, 14, 5081)
(30, 8, 14, 18, 5120);א;י;ב;צ;ל;ך;ל;ה;מ;ד;ו;י;ד;ו;ד;ח;ר;ב;י;נ;(30, 8, 13, 34, 5101)
(30, 8, 14, 38, 5140);י;מ;ש;ב;י;ר;ה;ל;ע;ם;י;ל;י;א;ה;ר;פ;ע;ל;ו;(30, 8, 14, 19, 5121)
(30, 8, 14, 39, 5141); ; ; ; ; ; ; ; ; ; ; ; ; ; ; ; ; ; ; ;ם;(30, 8, 14, 39, 5141)
