(n, d, k);[Gematria of ELS];ELS Search Term;Found in WordNumber In Text;WordCoordinatesDWTK;Found in Word In Text;LetterPositionIndex In Word;LetterCoordinatesD5K of First Letter in ELS;Found In Verse
(13129, -100, 4);[8, 10, 300, 40];משיח;3336;(8, 10, 2, 9, 3336);רחל;2;(8, 10, 2, 35, 13129);בלכתך היום מעמדי ומצאת שני אנשים עם קברת רחל בגבול בנימן בצלצח ואמרו אליך נמצאו האתנות אשר הלכת לבקש והנה נטש אביך את דברי האתנות ודאג לכם לאמר מה אעשה לבני
(14554, -100, 4);[8, 10, 300, 40];משיח;3695;(8, 10, 24, 8, 3695);בחר;2;(8, 10, 24, 28, 14554);ויאמר שמואל אל כל העם הראיתם אשר בחר בו יהוה כי אין כמהו בכל העם וירעו כל העם ויאמרו יחי המלך
(52486, -96, 4);[8, 10, 300, 40];משיח;13563;(9, 1, 22, 3, 13563);מחלב;2;(9, 1, 22, 10, 52486);מדם חללים מחלב גבורים קשת יהונתן לא נשוג אחור וחרב שאול לא תשוב ריקם
(57657, -96, 4);[8, 10, 300, 40];משיח;14899;(9, 4, 6, 13, 14899);אחיו;2;(9, 4, 6, 46, 57657);והנה באו עד תוך הבית לקחי חטים ויכהו אל החמש ורכב ובענה אחיו נמלטו
(65356, -94, 4);[8, 10, 300, 40];משיח;16899;(9, 10, 11, 12, 16899);יחזקו;2;(9, 10, 11, 43, 65356);ויאמר אם תחזק ארם ממני והיתה לי לישועה ואם בני עמון יחזקו ממך והלכתי להושיע לך
(18724, -93, 4);[8, 10, 300, 40];משיח;4758;(8, 13, 21, 4, 4758);למחרשת;3;(8, 13, 21, 17, 18724);והיתה הפצירה פים למחרשת ולאתים ולשלש קלשון ולהקרדמים ולהציב הדרבן
(65383, -91, 4);[8, 10, 300, 40];משיח;16905;(9, 10, 12, 2, 16905);ונתחזק;4;(9, 10, 12, 7, 65383);חזק ונתחזק בעד עמנו ובעד ערי אלהינו ויהוה יעשה הטוב בעיניו
(75109, -88, 4);[8, 10, 300, 40];משיח;19465;(9, 15, 14, 29, 19465);חרב;1;(9, 15, 14, 112, 75109);ויאמר דוד לכל עבדיו אשר אתו בירושלם קומו ונברחה כי לא תהיה לנו פליטה מפני אבשלם מהרו ללכת פן ימהר והשגנו והדיח עלינו את הרעה והכה העיר לפי חרב
(23710, -85, 4);[8, 10, 300, 40];משיח;6045;(8, 15, 27, 4, 6045);ויחזק;3;(8, 15, 27, 16, 23710);ויסב שמואל ללכת ויחזק בכנף מעילו ויקרע
(31413, -85, 4);[8, 10, 300, 40];משיח;8009;(8, 19, 8, 2, 8009);המלחמה;4;(8, 19, 8, 9, 31413);ותוסף המלחמה להיות ויצא דוד וילחם בפלשתים ויך בהם מכה גדולה וינסו מפניו
(85442, -84, 4);[8, 10, 300, 40];משיח;22200;(9, 20, 3, 6, 22200);ויקח;4;(9, 20, 3, 23, 85442);ויבא דוד אל ביתו ירושלם ויקח המלך את עשר נשים פלגשים אשר הניח לשמר הבית ויתנם בית משמרת ויכלכלם ואליהם לא בא ותהיינה צררות עד יום מתן אלמנות חיות
(90046, -83, 4);[8, 10, 300, 40];משיח;23377;(9, 22, 49, 6, 23377);חמסים;1;(9, 22, 49, 29, 90046);ומוציאי מאיבי ומקמי תרוממני מאיש חמסים תצילני
(54025, -82, 4);[8, 10, 300, 40];משיח;13947;(9, 2, 21, 13, 13947);אחד;2;(9, 2, 21, 40, 54025);ויאמר לו אבנר נטה לך על ימינך או על שמאלך ואחז לך אחד מהנערים וקח לך את חלצתו ולא אבה עשהאל לסור מאחריו
(67278, -82, 4);[8, 10, 300, 40];משיח;17393;(9, 11, 23, 15, 17393);פתח;3;(9, 11, 23, 61, 67278);ויאמר המלאך אל דוד כי גברו עלינו האנשים ויצאו אלינו השדה ונהיה עליהם עד פתח השער
(23911, -77, 4);[8, 10, 300, 40];משיח;6094;(8, 15, 31, 5, 6094);וישתחו;5;(8, 15, 31, 22, 23911);וישב שמואל אחרי שאול וישתחו שאול ליהוה
(55423, -73, 4);[8, 10, 300, 40];משיח;14302;(9, 3, 12, 1, 14302);וישלח;5;(9, 3, 12, 5, 55423);וישלח אבנר מלאכים אל דוד תחתו לאמר למי ארץ לאמר כרתה בריתך אתי והנה ידי עמך להסב אליך את כל ישראל
(36085, -70, 4);[8, 10, 300, 40];משיח;9270;(8, 22, 1, 9, 9270);אחיו;2;(8, 22, 1, 33, 36085);וילך דוד משם וימלט אל מערת עדלם וישמעו אחיו וכל בית אביו וירדו אליו שמה
(44876, -70, 4);[8, 10, 300, 40];משיח;11591;(8, 26, 19, 14, 11591);מנחה;3;(8, 26, 19, 47, 44876);ועתה ישמע נא אדני המלך את דברי עבדו אם יהוה הסיתך בי ירח מנחה ואם בני האדם ארורים הם לפני יהוה כי גרשוני היום מהסתפח בנחלת יהוה לאמר לך עבד אלהים אחרים
(66182, -70, 4);[8, 10, 300, 40];משיח;17105;(9, 11, 6, 1, 17105);וישלח;5;(9, 11, 6, 5, 66182);וישלח דוד אל יואב שלח אלי את אוריה החתי וישלח יואב את אוריה אל דוד
(76570, -70, 4);[8, 10, 300, 40];משיח;19850;(9, 16, 1, 11, 19850);חמרים;1;(9, 16, 1, 43, 76570);ודוד עבר מעט מהראש והנה ציבא נער מפיבשת לקראתו וצמד חמרים חבשים ועליהם מאתים לחם ומאה צמוקים ומאה קיץ ונבל יין
(85374, -70, 4);[8, 10, 300, 40];משיח;22183;(9, 20, 2, 7, 22183);אחרי;2;(9, 20, 2, 24, 85374);ויעל כל איש ישראל מאחרי דוד אחרי שבע בן בכרי ואיש יהודה דבקו במלכם מן הירדן ועד ירושלם
(58452, -69, 4);[8, 10, 300, 40];משיח;15106;(9, 5, 5, 1, 15106);בחברון;2;(9, 5, 5, 2, 58452);בחברון מלך על יהודה שבע שנים וששה חדשים ובירושלם מלך שלשים ושלש שנה על כל ישראל ויהודה
(24428, -68, 4);[8, 10, 300, 40];משיח;6232;(8, 16, 4, 10, 6232);ויחרדו;3;(8, 16, 4, 34, 24428);ויעש שמואל את אשר דבר יהוה ויבא בית לחם ויחרדו זקני העיר לקראתו ויאמר שלם בואך
(60386, -66, 4);[8, 10, 300, 40];משיח;15603;(9, 6, 14, 8, 15603);חגור;1;(9, 6, 14, 27, 60386);ודוד מכרכר בכל עז לפני יהוה ודוד חגור אפוד בד
(27339, -65, 4);[8, 10, 300, 40];משיח;6967;(8, 17, 28, 33, 6967);המלחמה;4;(8, 17, 28, 123, 27339);וישמע אליאב אחיו הגדול בדברו אל האנשים ויחר אף אליאב בדוד ויאמר למה זה ירדת ועל מי נטשת מעט הצאן ההנה במדבר אני ידעתי את זדנך ואת רע לבבך כי למען ראות המלחמה ירדת
(67278, -64, 4);[8, 10, 300, 40];משיח;17393;(9, 11, 23, 15, 17393);פתח;3;(9, 11, 23, 61, 67278);ויאמר המלאך אל דוד כי גברו עלינו האנשים ויצאו אלינו השדה ונהיה עליהם עד פתח השער
(92220, -61, 4);[8, 10, 300, 40];משיח;23939;(9, 24, 6, 6, 23939);חדשי;1;(9, 24, 6, 23, 92220);ויבאו הגלעדה ואל ארץ תחתים חדשי ויבאו דנה יען וסביב אל צידון
(7328, -60, 4);[8, 10, 300, 40];משיח;1885;(8, 6, 3, 3, 1885);משלחים;4;(8, 6, 3, 12, 7328);ויאמרו אם משלחים את ארון אלהי ישראל אל תשלחו אתו ריקם כי השב תשיבו לו אשם אז תרפאו ונודע לכם למה לא תסור ידו מכם
(61719, -60, 4);[8, 10, 300, 40];משיח;15954;(9, 7, 12, 10, 15954);אחריך;2;(9, 7, 12, 38, 61719);כי ימלאו ימיך ושכבת את אבתיך והקימתי את זרעך אחריך אשר יצא ממעיך והכינתי את ממלכתו
(74039, -59, 4);[8, 10, 300, 40];משיח;19193;(9, 14, 32, 11, 19193);ואשלחה;5;(9, 14, 32, 43, 74039);ויאמר אבשלום אל יואב הנה שלחתי אליך לאמר בא הנה ואשלחה אתך אל המלך לאמר למה באתי מגשור טוב לי עד אני שם ועתה אראה פני המלך ואם יש בי עון והמתני
(22432, -57, 4);[8, 10, 300, 40];משיח;5714;(8, 15, 5, 7, 5714);בנחל;3;(8, 15, 5, 24, 22432);ויבא שאול עד עיר עמלק וירב בנחל
(5030, -56, 4);[8, 10, 300, 40];משיח;1322;(8, 4, 3, 14, 1322);נקחה;3;(8, 4, 3, 58, 5030);ויבא העם אל המחנה ויאמרו זקני ישראל למה נגפנו יהוה היום לפני פלשתים נקחה אלינו משלה את ארון ברית יהוה ויבא בקרבנו וישענו מכף איבינו
(16358, -55, 4);[8, 10, 300, 40];משיח;4151;(8, 12, 9, 1, 4151);וישכחו;5;(8, 12, 9, 5, 16358);וישכחו את יהוה אלהיהם וימכר אתם ביד סיסרא שר צבא חצור וביד פלשתים וביד מלך מואב וילחמו בם
(49766, -53, 4);[8, 10, 300, 40];משיח;12863;(8, 30, 18, 6, 12863);לקחו;3;(8, 30, 18, 17, 49766);ויצל דוד את כל אשר לקחו עמלק ואת שתי נשיו הציל דוד
(21699, -51, 4);[8, 10, 300, 40];משיח;5522;(8, 14, 45, 13, 5522);חלילה;1;(8, 14, 45, 53, 21699);ויאמר העם אל שאול היונתן ימות אשר עשה הישועה הגדולה הזאת בישראל חלילה חי יהוה אם יפל משערת ראשו ארצה כי עם אלהים עשה היום הזה ויפדו העם את יונתן ולא מת
(78374, -51, 4);[8, 10, 300, 40];משיח;20324;(9, 17, 8, 2, 20324);חושי;1;(9, 17, 8, 6, 78374);ויאמר חושי אתה ידעת את אביך ואת אנשיו כי גברים המה ומרי נפש המה כדב שכול בשדה ואביך איש מלחמה ולא ילין את העם
(48452, -50, 4);[8, 10, 300, 40];משיח;12524;(8, 29, 8, 21, 12524);ונלחמתי;4;(8, 29, 8, 73, 48452);ויאמר דוד אל אכיש כי מה עשיתי ומה מצאת בעבדך מיום אשר הייתי לפניך עד היום הזה כי לא אבוא ונלחמתי באיבי אדני המלך
(64401, -50, 4);[8, 10, 300, 40];משיח;16653;(9, 9, 10, 19, 16653);לחם;2;(9, 9, 10, 77, 64401);ועבדת לו את האדמה אתה ובניך ועבדיך והבאת והיה לבן אדניך לחם ואכלו ומפיבשת בן אדניך יאכל תמיד לחם על שלחני ולציבא חמשה עשר בנים ועשרים עבדים
(11178, -49, 4);[8, 10, 300, 40];משיח;2829;(8, 9, 1, 14, 2829);אפיח;4;(8, 9, 1, 47, 11178);ויהי איש מבן ימין ושמו קיש בן אביאל בן צרור בן בכורת בן אפיח בן איש ימיני גבור חיל
(85687, -48, 4);[8, 10, 300, 40];משיח;22266;(9, 20, 6, 19, 22266);אחריו;2;(9, 20, 6, 63, 85687);ויאמר דוד אל אבישי עתה ירע לנו שבע בן בכרי מן אבשלום אתה קח את עבדי אדניך ורדף אחריו פן מצא לו ערים בצרות והציל עיננו
(86323, -48, 4);[8, 10, 300, 40];משיח;22431;(9, 20, 15, 12, 22431);בחל;2;(9, 20, 15, 50, 86323);ויבאו ויצרו עליו באבלה בית המעכה וישפכו סללה אל העיר ותעמד בחל וכל העם אשר את יואב משחיתם להפיל החומה
(80046, -47, 4);[8, 10, 300, 40];משיח;20759;(9, 18, 2, 1, 20759);וישלח;5;(9, 18, 2, 5, 80046);וישלח דוד את העם השלשית ביד יואב והשלשית ביד אבישי בן צרויה אחי יואב והשלשת ביד אתי הגתי ויאמר המלך אל העם יצא אצא גם אני עמכם
(10797, -46, 4);[8, 10, 300, 40];משיח;2737;(8, 8, 16, 4, 2737);שפחותיכם;3;(8, 8, 16, 15, 10797);ואת עבדיכם ואת שפחותיכם ואת בחוריכם הטובים ואת חמוריכם יקח ועשה למלאכתו
(34229, -46, 4);[8, 10, 300, 40];משיח;8765;(8, 20, 30, 1, 8765);ויחר;3;(8, 20, 30, 3, 34229);ויחר אף שאול ביהונתן ויאמר לו בן נעות המרדות הלוא ידעתי כי בחר אתה לבן ישי לבשתך ולבשת ערות אמך
(15467, -45, 4);[8, 10, 300, 40];משיח;3924;(8, 11, 11, 2, 3924);ממחרת;3;(8, 11, 11, 7, 15467);ויהי ממחרת וישם שאול את העם שלשה ראשים ויבאו בתוך המחנה באשמרת הבקר ויכו את עמון עד חם היום ויהי הנשארים ויפצו ולא נשארו בם שנים יחד
(43691, -43, 4);[8, 10, 300, 40];משיח;11265;(8, 26, 2, 11, 11265);בחורי;2;(8, 26, 2, 39, 43691);ויקם שאול וירד אל מדבר זיף ואתו שלשת אלפים איש בחורי ישראל לבקש את דוד במדבר זיף
(67948, -43, 4);[8, 10, 300, 40];משיח;17577;(9, 12, 7, 13, 17577);משחתיך;3;(9, 12, 7, 45, 67948);ויאמר נתן אל דוד אתה האיש כה אמר יהוה אלהי ישראל אנכי משחתיך למלך על ישראל ואנכי הצלתיך מיד שאול
(6382, -41, 4);[8, 10, 300, 40];משיח;1654;(8, 5, 2, 1, 1654);ויקחו;4;(8, 5, 2, 4, 6382);ויקחו פלשתים את ארון האלהים ויבאו אתו בית דגון ויציגו אתו אצל דגון
(25901, -41, 4);[8, 10, 300, 40];משיח;6609;(8, 17, 7, 1, 6609);וחץ;2;(8, 17, 7, 2, 25901);וחץ חניתו כמנור ארגים ולהבת חניתו שש מאות שקלים ברזל ונשא הצנה הלך לפניו
(40551, -41, 4);[8, 10, 300, 40];משיח;10448;(8, 24, 20, 12, 10448);תחת;2;(8, 24, 20, 45, 40551);וכי ימצא איש את איבו ושלחו בדרך טובה ויהוה ישלמך טובה תחת היום הזה אשר עשיתה לי
(91739, -40, 4);[8, 10, 300, 40];משיח;23811;(9, 23, 35, 1, 23811);חצרו;1;(9, 23, 35, 1, 91739);חצרו הכרמלי פערי הארבי
(23219, -39, 4);[8, 10, 300, 40];משיח;5918;(8, 15, 18, 11, 5918);ונלחמת;4;(8, 15, 18, 46, 23219);וישלחך יהוה בדרך ויאמר לך והחרמתה את החטאים את עמלק ונלחמת בו עד כלותם אתם
(34974, -37, 4);[8, 10, 300, 40];משיח;8966;(8, 20, 42, 9, 8966);אנחנו;3;(8, 20, 42, 39, 34974);ויאמר יהונתן לדוד לך לשלום אשר נשבענו שנינו אנחנו בשם יהוה לאמר יהוה יהיה ביני ובינך ובין זרעי ובין זרעך עד עולם
(76349, -35, 4);[8, 10, 300, 40];משיח;19798;(9, 15, 34, 21, 19798);אחיתפל;2;(9, 15, 34, 79, 76349);ואם העיר תשוב ואמרת לאבשלום עבדך אני המלך אהיה עבד אביך ואני מאז ועתה ואני עבדך והפרתה לי את עצת אחיתפל
(50223, -33, 4);[8, 10, 300, 40];משיח;12989;(8, 30, 24, 10, 12989);וכחלק;3;(8, 30, 24, 36, 50223);ומי ישמע לכם לדבר הזה כי כחלק הירד במלחמה וכחלק הישב על הכלים יחדו יחלקו
(43719, -31, 4);[8, 10, 300, 40];משיח;11272;(8, 26, 3, 1, 11272);ויחן;3;(8, 26, 3, 3, 43719);ויחן שאול בגבעת החכילה אשר על פני הישימן על הדרך ודוד ישב במדבר וירא כי בא שאול אחריו המדברה
(24885, -30, 4);[8, 10, 300, 40];משיח;6352;(8, 16, 12, 1, 6352);וישלח;5;(8, 16, 12, 5, 24885);וישלח ויביאהו והוא אדמוני עם יפה עינים וטוב ראי ויאמר יהוה קום משחהו כי זה הוא
(23197, -28, 4);[8, 10, 300, 40];משיח;5913;(8, 15, 18, 6, 5913);והחרמתה;3;(8, 15, 18, 24, 23197);וישלחך יהוה בדרך ויאמר לך והחרמתה את החטאים את עמלק ונלחמת בו עד כלותם אתם
(1946, -27, 4);[8, 10, 300, 40];משיח;506;(8, 2, 9, 2, 506);חסידו;1;(8, 2, 9, 5, 1946);רגלי חסידו ישמר ורשעים בחשך ידמו כי לא בכח יגבר איש
(16766, -27, 4);[8, 10, 300, 40];משיח;4256;(8, 12, 14, 22, 4256);אחר;2;(8, 12, 14, 78, 16766);אם תיראו את יהוה ועבדתם אתו ושמעתם בקולו ולא תמרו את פי יהוה והיתם גם אתם וגם המלך אשר מלך עליכם אחר יהוה אלהיכם
(25848, -27, 4);[8, 10, 300, 40];משיח;6597;(8, 17, 5, 11, 6597);חמשת;1;(8, 17, 5, 46, 25848);וכובע נחשת על ראשו ושריון קשקשים הוא לבוש ומשקל השריון חמשת אלפים שקלים נחשת
(19407, -26, 4);[8, 10, 300, 40];משיח;4933;(8, 14, 9, 10, 4933);תחתינו;2;(8, 14, 9, 38, 19407);אם כה יאמרו אלינו דמו עד הגיענו אליכם ועמדנו תחתינו ולא נעלה אליהם
(46171, -26, 4);[8, 10, 300, 40];משיח;11931;(8, 28, 1, 7, 11931);מחניהם;2;(8, 28, 1, 28, 46171);ויהי בימים ההם ויקבצו פלשתים את מחניהם לצבא להלחם בישראל ויאמר אכיש אל דוד ידע תדע כי אתי תצא במחנה אתה ואנשיך
(15268, -25, 4);[8, 10, 300, 40];משיח;3879;(8, 11, 7, 29, 3879);אחד;2;(8, 11, 7, 114, 15268);ויקח צמד בקר וינתחהו וישלח בכל גבול ישראל ביד המלאכים לאמר אשר איננו יצא אחרי שאול ואחר שמואל כה יעשה לבקרו ויפל פחד יהוה על העם ויצאו כאיש אחד
(35593, -23, 4);[8, 10, 300, 40];משיח;9138;(8, 21, 9, 14, 9138);חרבי;1;(8, 21, 9, 43, 35593);ויאמר דוד לאחימלך ואין יש פה תחת ידך חנית או חרב כי גם חרבי וגם כלי לא לקחתי בידי כי היה דבר המלך נחוץ
(68839, -23, 4);[8, 10, 300, 40];משיח;17818;(9, 12, 20, 18, 17818);לחם;2;(9, 12, 20, 73, 68839);ויקם דוד מהארץ וירחץ ויסך ויחלף שמלתו ויבא בית יהוה וישתחו ויבא אל ביתו וישאל וישימו לו לחם ויאכל
(89630, -21, 4);[8, 10, 300, 40];משיח;23278;(9, 22, 35, 4, 23278);ונחת;3;(9, 22, 35, 16, 89630);מלמד ידי למלחמה ונחת קשת נחושה זרעתי
(49766, -20, 4);[8, 10, 300, 40];משיח;12863;(8, 30, 18, 6, 12863);לקחו;3;(8, 30, 18, 17, 49766);ויצל דוד את כל אשר לקחו עמלק ואת שתי נשיו הציל דוד
(90281, -20, 4);[8, 10, 300, 40];משיח;23436;(9, 23, 4, 3, 23436);יזרח;4;(9, 23, 4, 12, 90281);וכאור בקר יזרח שמש בקר לא עבות מנגה ממטר דשא מארץ
(12736, -18, 4);[8, 10, 300, 40];משיח;3238;(8, 9, 24, 2, 3238);הטבח;4;(8, 9, 24, 8, 12736);וירם הטבח את השוק והעליה וישם לפני שאול ויאמר הנה הנשאר שים לפניך אכל כי למועד שמור לך לאמר העם קראתי ויאכל שאול עם שמואל ביום ההוא
(67683, -18, 4);[8, 10, 300, 40];משיח;17504;(9, 12, 3, 16, 17504);יחדו;2;(9, 12, 3, 52, 67683);ולרש אין כל כי אם כבשה אחת קטנה אשר קנה ויחיה ותגדל עמו ועם בניו יחדו מפתו תאכל ומכסו תשתה ובחיקו תשכב ותהי לו כבת
(9650, -17, 4);[8, 10, 300, 40];משיח;2455;(8, 7, 12, 4, 2455);אחת;2;(8, 7, 12, 14, 9650);ויקח שמואל אבן אחת וישם בין המצפה ובין השן ויקרא את שמה אבן העזר ויאמר עד הנה עזרנו יהוה
(17462, -15, 4);[8, 10, 300, 40];משיח;4444;(8, 13, 2, 1, 4444);ויבחר;4;(8, 13, 2, 4, 17462);ויבחר לו שאול שלשת אלפים מישראל ויהיו עם שאול אלפים במכמש ובהר בית אל ואלף היו עם יונתן בגבעת בנימין ויתר העם שלח איש לאהליו
(76844, -15, 4);[8, 10, 300, 40];משיח;19916;(9, 16, 4, 13, 19916);חן;1;(9, 16, 4, 52, 76844);ויאמר המלך לצבא הנה לך כל אשר למפיבשת ויאמר ציבא השתחויתי אמצא חן בעיניך אדני המלך
(36881, -13, 4);[8, 10, 300, 40];משיח;9492;(8, 22, 13, 13, 9492);וחרב;2;(8, 22, 13, 43, 36881);ויאמר אלו שאול למה קשרתם עלי אתה ובן ישי בתתך לו לחם וחרב ושאול לו באלהים לקום אלי לארב כיום הזה
(89836, -13, 4);[8, 10, 300, 40];משיח;23327;(9, 22, 43, 1, 23327);ואשחקם;4;(9, 22, 43, 4, 89836);ואשחקם כעפר ארץ כטיט חוצות אדקם ארקעם
(26989, -12, 4);[8, 10, 300, 40];משיח;6873;(8, 17, 25, 9, 6873);לחרף;2;(8, 17, 25, 34, 26989);ויאמר איש ישראל הראיתם האיש העלה הזה כי לחרף את ישראל עלה והיה האיש אשר יכנו יעשרנו המלך עשר גדול ואת בתו יתן לו ואת בית אביו יעשה חפשי בישראל
(72792, -12, 4);[8, 10, 300, 40];משיח;18859;(9, 14, 14, 14, 18859);וחשב;2;(9, 14, 14, 50, 72792);כי מות נמות וכמים הנגרים ארצה אשר לא יאספו ולא ישא אלהים נפש וחשב מחשבות לבלתי ידח ממנו נדח
(75799, -12, 4);[8, 10, 300, 40];משיח;19656;(9, 15, 25, 11, 19656);חן;1;(9, 15, 25, 40, 75799);ויאמר המלך לצדוק השב את ארון האלהים העיר אם אמצא חן בעיני יהוה והשבני והראני אתו ואת נוהו
(15503, -10, 4);[8, 10, 300, 40];משיח;3933;(8, 11, 11, 11, 3933);המחנה;3;(8, 11, 11, 43, 15503);ויהי ממחרת וישם שאול את העם שלשה ראשים ויבאו בתוך המחנה באשמרת הבקר ויכו את עמון עד חם היום ויהי הנשארים ויפצו ולא נשארו בם שנים יחד
(18467, -10, 4);[8, 10, 300, 40];משיח;4693;(8, 13, 16, 11, 4693);חנו;1;(8, 13, 16, 48, 18467);ושאול ויונתן בנו והעם הנמצא עמם ישבים בגבע בנימן ופלשתים חנו במכמש
(69409, -10, 4);[8, 10, 300, 40];משיח;17973;(9, 12, 31, 8, 17973);ובחרצי;3;(9, 12, 31, 28, 69409);ואת העם אשר בה הוציא וישם במגרה ובחרצי הברזל ובמגזרת הברזל והעביר אותם במלכן וכן יעשה לכל ערי בני עמון וישב דוד וכל העם ירושלם
(49305, -8, 4);[8, 10, 300, 40];משיח;12743;(8, 30, 12, 3, 12743);פלח;3;(8, 30, 12, 10, 49305);ויתנו לו פלח דבלה ושני צמקים ויאכל ותשב רוחו אליו כי לא אכל לחם ולא שתה מים שלשה ימים ושלשה לילות
(8138, -6, 4);[8, 10, 300, 40];משיח;2090;(8, 6, 13, 5, 2090);חטים;1;(8, 6, 13, 17, 8138);ובית שמש קצרים קציר חטים בעמק וישאו את עיניהם ויראו את הארון וישמחו לראות
(69489, -4, 4);[8, 10, 300, 40];משיח;17992;(9, 13, 1, 2, 17992);אחרי;2;(9, 13, 1, 6, 69489);ויהי אחרי כן ולאבשלום בן דוד אחות יפה ושמה תמר ויאהבה אמנון בן דוד
(38922, -2, 4);[8, 10, 300, 40];משיח;10018;(8, 23, 23, 6, 10018);יתחבא;3;(8, 23, 23, 24, 38922);וראו ודעו מכל המחבאים אשר יתחבא שם ושבתם אלי אל נכון והלכתי אתכם והיה אם ישנו בארץ וחפשתי אתו בכל אלפי יהודה
(2044, -1, 4);[8, 10, 300, 40];משיח;531;(8, 2, 10, 16, 531);משיחו;4;(8, 2, 10, 62, 2044);יהוה יחתו מריבו עלו בשמים ירעם יהוה ידין אפסי ארץ ויתן עז למלכו וירם קרן משיחו
(3604, -1, 4);[8, 10, 300, 40];משיח;949;(8, 2, 35, 15, 949);משיחי;4;(8, 2, 35, 64, 3604);והקימתי לי כהן נאמן כאשר בלבבי ובנפשי יעשה ובניתי לו בית נאמן והתהלך לפני משיחי כל הימים
(15962, -1, 4);[8, 10, 300, 40];משיח;4049;(8, 12, 3, 7, 4049);משיחו;4;(8, 12, 3, 24, 15962);הנני ענו בי נגד יהוה ונגד משיחו את שור מי לקחתי וחמור מי לקחתי ואת מי עשקתי את מי רצותי ומיד מי לקחתי כפר ואעלים עיני בו ואשיב לכם
(16107, -1, 4);[8, 10, 300, 40];משיח;4088;(8, 12, 5, 7, 4088);משיחו;4;(8, 12, 5, 26, 16107);ויאמר אליהם עד יהוה בכם ועד משיחו היום הזה כי לא מצאתם בידי מאומה ויאמר עד
(24564, -1, 4);[8, 10, 300, 40];משיח;6265;(8, 16, 6, 10, 6265);משיחו;4;(8, 16, 6, 38, 24564);ויהי בבואם וירא את אליאב ויאמר אך נגד יהוה משיחו
(39739, -1, 4);[8, 10, 300, 40];משיח;10228;(8, 24, 7, 12, 10228);למשיח;5;(8, 24, 7, 48, 39739);ויאמר לאנשיו חלילה לי מיהוה אם אעשה את הדבר הזה לאדני למשיח יהוה לשלח ידי בו כי משיח יהוה הוא
(39758, -1, 4);[8, 10, 300, 40];משיח;10234;(8, 24, 7, 18, 10234);משיח;4;(8, 24, 7, 67, 39758);ויאמר לאנשיו חלילה לי מיהוה אם אעשה את הדבר הזה לאדני למשיח יהוה לשלח ידי בו כי משיח יהוה הוא
(40039, -1, 4);[8, 10, 300, 40];משיח;10308;(8, 24, 11, 23, 10308);משיח;4;(8, 24, 11, 85, 40039);הנה היום הזה ראו עיניך את אשר נתנך יהוה היום בידי במערה ואמר להרגך ותחס עליך ואמר לא אשלח ידי באדני כי משיח יהוה הוא
(44204, -1, 4);[8, 10, 300, 40];משיח;11402;(8, 26, 9, 11, 11402);במשיח;5;(8, 26, 9, 39, 44204);ויאמר דוד אל אבישי אל תשחיתהו כי מי שלח ידו במשיח יהוה ונקה
(44292, -1, 4);[8, 10, 300, 40];משיח;11426;(8, 26, 11, 6, 11426);במשיח;5;(8, 26, 11, 24, 44292);חלילה לי מיהוה משלח ידי במשיח יהוה ועתה קח נא את החנית אשר מראשתו ואת צפחת המים ונלכה לנו
(44690, -1, 4);[8, 10, 300, 40];משיח;11538;(8, 26, 16, 19, 11538);משיח;4;(8, 26, 16, 60, 44690);לא טוב הדבר הזה אשר עשית חי יהוה כי בני מות אתם אשר לא שמרתם על אדניכם על משיח יהוה ועתה ראה אי חנית המלך ואת צפחת המים אשר מראשתו
(45212, -1, 4);[8, 10, 300, 40];משיח;11679;(8, 26, 23, 17, 11679);במשיח;5;(8, 26, 23, 66, 45212);ויהוה ישיב לאיש את צדקתו ואת אמנתו אשר נתנך יהוה היום ביד ולא אביתי לשלח ידי במשיח יהוה
(52140, -1, 4);[8, 10, 300, 40];משיח;13471;(9, 1, 14, 11, 13471);משיח;4;(9, 1, 14, 38, 52140);ויאמר אליו דוד איך לא יראת לשלח ידך לשחת את משיח יהוה
(52234, -1, 4);[8, 10, 300, 40];משיח;13497;(9, 1, 16, 15, 13497);משיח;4;(9, 1, 16, 50, 52234);ויאמר אליו דוד דמיך על ראשך כי פיך ענה בך לאמר אנכי מתתי את משיח יהוה
(52472, -1, 4);[8, 10, 300, 40];משיח;13559;(9, 1, 21, 18, 13559);משיח;4;(9, 1, 21, 63, 52472);הרי בגלבע אל טל ואל מטר עליכם ושדי תרומת כי שם נגעל מגן גבורים מגן שאול בלי משיח בשמן
(83765, -1, 4);[8, 10, 300, 40];משיח;21743;(9, 19, 22, 14, 21743);משיח;4;(9, 19, 22, 49, 83765);ויען אבישי בן צרויה ויאמר התחת זאת לא יומת שמעי כי קלל את משיח יהוה
(90109, -1, 4);[8, 10, 300, 40];משיח;23391;(9, 22, 51, 6, 23391);למשיחו;5;(9, 22, 51, 27, 90109);מגדיל ישועות מלכו ועשה חסד למשיחו לדוד ולזרעו עד עולם
(90172, -1, 4);[8, 10, 300, 40];משיח;23408;(9, 23, 1, 13, 23408);משיח;4;(9, 23, 1, 46, 90172);ואלה דברי דוד האחרנים נאם דוד בן ישי ונאם הגבר הקם על משיח אלהי יעקב ונעים זמרות ישראל
(24428, -68, 6);[8, 10, 300, 40, 400, 1];את משיח;6232;(8, 16, 4, 10, 6232);ויחרדו;3;(8, 16, 4, 34, 24428);ויעש שמואל את אשר דבר יהוה ויבא בית לחם ויחרדו זקני העיר לקראתו ויאמר שלם בואך
(64401, -50, 6);[8, 10, 300, 40, 400, 1];את משיח;16653;(9, 9, 10, 19, 16653);לחם;2;(9, 9, 10, 77, 64401);ועבדת לו את האדמה אתה ובניך ועבדיך והבאת והיה לבן אדניך לחם ואכלו ומפיבשת בן אדניך יאכל תמיד לחם על שלחני ולציבא חמשה עשר בנים ועשרים עבדים
(52140, -1, 6);[8, 10, 300, 40, 400, 1];את משיח;13471;(9, 1, 14, 11, 13471);משיח;4;(9, 1, 14, 38, 52140);ויאמר אליו דוד איך לא יראת לשלח ידך לשחת את משיח יהוה
(52234, -1, 6);[8, 10, 300, 40, 400, 1];את משיח;13497;(9, 1, 16, 15, 13497);משיח;4;(9, 1, 16, 50, 52234);ויאמר אליו דוד דמיך על ראשך כי פיך ענה בך לאמר אנכי מתתי את משיח יהוה
(83765, -1, 6);[8, 10, 300, 40, 400, 1];את משיח;21743;(9, 19, 22, 14, 21743);משיח;4;(9, 19, 22, 49, 83765);ויען אבישי בן צרויה ויאמר התחת זאת לא יומת שמעי כי קלל את משיח יהוה
(75109, -88, 5);[8, 10, 300, 40, 30];למשיח;19465;(9, 15, 14, 29, 19465);חרב;1;(9, 15, 14, 112, 75109);ויאמר דוד לכל עבדיו אשר אתו בירושלם קומו ונברחה כי לא תהיה לנו פליטה מפני אבשלם מהרו ללכת פן ימהר והשגנו והדיח עלינו את הרעה והכה העיר לפי חרב
(23710, -85, 5);[8, 10, 300, 40, 30];למשיח;6045;(8, 15, 27, 4, 6045);ויחזק;3;(8, 15, 27, 16, 23710);ויסב שמואל ללכת ויחזק בכנף מעילו ויקרע
(61719, -60, 5);[8, 10, 300, 40, 30];למשיח;15954;(9, 7, 12, 10, 15954);אחריך;2;(9, 7, 12, 38, 61719);כי ימלאו ימיך ושכבת את אבתיך והקימתי את זרעך אחריך אשר יצא ממעיך והכינתי את ממלכתו
(21699, -51, 5);[8, 10, 300, 40, 30];למשיח;5522;(8, 14, 45, 13, 5522);חלילה;1;(8, 14, 45, 53, 21699);ויאמר העם אל שאול היונתן ימות אשר עשה הישועה הגדולה הזאת בישראל חלילה חי יהוה אם יפל משערת ראשו ארצה כי עם אלהים עשה היום הזה ויפדו העם את יונתן ולא מת
(85687, -48, 5);[8, 10, 300, 40, 30];למשיח;22266;(9, 20, 6, 19, 22266);אחריו;2;(9, 20, 6, 63, 85687);ויאמר דוד אל אבישי עתה ירע לנו שבע בן בכרי מן אבשלום אתה קח את עבדי אדניך ורדף אחריו פן מצא לו ערים בצרות והציל עיננו
(43691, -43, 5);[8, 10, 300, 40, 30];למשיח;11265;(8, 26, 2, 11, 11265);בחורי;2;(8, 26, 2, 39, 43691);ויקם שאול וירד אל מדבר זיף ואתו שלשת אלפים איש בחורי ישראל לבקש את דוד במדבר זיף
(25901, -41, 5);[8, 10, 300, 40, 30];למשיח;6609;(8, 17, 7, 1, 6609);וחץ;2;(8, 17, 7, 2, 25901);וחץ חניתו כמנור ארגים ולהבת חניתו שש מאות שקלים ברזל ונשא הצנה הלך לפניו
(23219, -39, 5);[8, 10, 300, 40, 30];למשיח;5918;(8, 15, 18, 11, 5918);ונלחמת;4;(8, 15, 18, 46, 23219);וישלחך יהוה בדרך ויאמר לך והחרמתה את החטאים את עמלק ונלחמת בו עד כלותם אתם
(35593, -23, 5);[8, 10, 300, 40, 30];למשיח;9138;(8, 21, 9, 14, 9138);חרבי;1;(8, 21, 9, 43, 35593);ויאמר דוד לאחימלך ואין יש פה תחת ידך חנית או חרב כי גם חרבי וגם כלי לא לקחתי בידי כי היה דבר המלך נחוץ
(39739, -1, 5);[8, 10, 300, 40, 30];למשיח;10228;(8, 24, 7, 12, 10228);למשיח;5;(8, 24, 7, 48, 39739);ויאמר לאנשיו חלילה לי מיהוה אם אעשה את הדבר הזה לאדני למשיח יהוה לשלח ידי בו כי משיח יהוה הוא
(44690, -1, 5);[8, 10, 300, 40, 30];למשיח;11538;(8, 26, 16, 19, 11538);משיח;4;(8, 26, 16, 60, 44690);לא טוב הדבר הזה אשר עשית חי יהוה כי בני מות אתם אשר לא שמרתם על אדניכם על משיח יהוה ועתה ראה אי חנית המלך ואת צפחת המים אשר מראשתו
(90109, -1, 5);[8, 10, 300, 40, 30];למשיח;23391;(9, 22, 51, 6, 23391);למשיחו;5;(9, 22, 51, 27, 90109);מגדיל ישועות מלכו ועשה חסד למשיחו לדוד ולזרעו עד עולם
(90172, -1, 5);[8, 10, 300, 40, 30];למשיח;23408;(9, 23, 1, 13, 23408);משיח;4;(9, 23, 1, 46, 90172);ואלה דברי דוד האחרנים נאם דוד בן ישי ונאם הגבר הקם על משיח אלהי יעקב ונעים זמרות ישראל
(66182, -70, 5);[8, 10, 300, 40, 40];ממשיח;17105;(9, 11, 6, 1, 17105);וישלח;5;(9, 11, 6, 5, 66182);וישלח דוד אל יואב שלח אלי את אוריה החתי וישלח יואב את אוריה אל דוד
(74039, -59, 5);[8, 10, 300, 40, 40];ממשיח;19193;(9, 14, 32, 11, 19193);ואשלחה;5;(9, 14, 32, 43, 74039);ויאמר אבשלום אל יואב הנה שלחתי אליך לאמר בא הנה ואשלחה אתך אל המלך לאמר למה באתי מגשור טוב לי עד אני שם ועתה אראה פני המלך ואם יש בי עון והמתני
(49766, -53, 5);[8, 10, 300, 40, 40];ממשיח;12863;(8, 30, 18, 6, 12863);לקחו;3;(8, 30, 18, 17, 49766);ויצל דוד את כל אשר לקחו עמלק ואת שתי נשיו הציל דוד
(76844, -15, 5);[8, 10, 300, 40, 40];ממשיח;19916;(9, 16, 4, 13, 19916);חן;1;(9, 16, 4, 52, 76844);ויאמר המלך לצבא הנה לך כל אשר למפיבשת ויאמר ציבא השתחויתי אמצא חן בעיניך אדני המלך
(36881, -13, 5);[8, 10, 300, 40, 40];ממשיח;9492;(8, 22, 13, 13, 9492);וחרב;2;(8, 22, 13, 43, 36881);ויאמר אלו שאול למה קשרתם עלי אתה ובן ישי בתתך לו לחם וחרב ושאול לו באלהים לקום אלי לארב כיום הזה
(85374, -70, 5);[8, 10, 300, 40, 5];המשיח;22183;(9, 20, 2, 7, 22183);אחרי;2;(9, 20, 2, 24, 85374);ויעל כל איש ישראל מאחרי דוד אחרי שבע בן בכרי ואיש יהודה דבקו במלכם מן הירדן ועד ירושלם
(27339, -65, 5);[8, 10, 300, 40, 5];המשיח;6967;(8, 17, 28, 33, 6967);המלחמה;4;(8, 17, 28, 123, 27339);וישמע אליאב אחיו הגדול בדברו אל האנשים ויחר אף אליאב בדוד ויאמר למה זה ירדת ועל מי נטשת מעט הצאן ההנה במדבר אני ידעתי את זדנך ואת רע לבבך כי למען ראות המלחמה ירדת
(22432, -57, 5);[8, 10, 300, 40, 5];המשיח;5714;(8, 15, 5, 7, 5714);בנחל;3;(8, 15, 5, 24, 22432);ויבא שאול עד עיר עמלק וירב בנחל
(48452, -50, 5);[8, 10, 300, 40, 5];המשיח;12524;(8, 29, 8, 21, 12524);ונלחמתי;4;(8, 29, 8, 73, 48452);ויאמר דוד אל אכיש כי מה עשיתי ומה מצאת בעבדך מיום אשר הייתי לפניך עד היום הזה כי לא אבוא ונלחמתי באיבי אדני המלך
(86323, -48, 5);[8, 10, 300, 40, 5];המשיח;22431;(9, 20, 15, 12, 22431);בחל;2;(9, 20, 15, 50, 86323);ויבאו ויצרו עליו באבלה בית המעכה וישפכו סללה אל העיר ותעמד בחל וכל העם אשר את יואב משחיתם להפיל החומה
(15503, -10, 5);[8, 10, 300, 40, 5];המשיח;3933;(8, 11, 11, 11, 3933);המחנה;3;(8, 11, 11, 43, 15503);ויהי ממחרת וישם שאול את העם שלשה ראשים ויבאו בתוך המחנה באשמרת הבקר ויכו את עמון עד חם היום ויהי הנשארים ויפצו ולא נשארו בם שנים יחד
(24564, -1, 5);[8, 10, 300, 40, 5];המשיח;6265;(8, 16, 6, 10, 6265);משיחו;4;(8, 16, 6, 38, 24564);ויהי בבואם וירא את אליאב ויאמר אך נגד יהוה משיחו
(85374, -70, 6);[8, 10, 300, 40, 5, 40];מהמשיח;22183;(9, 20, 2, 7, 22183);אחרי;2;(9, 20, 2, 24, 85374);ויעל כל איש ישראל מאחרי דוד אחרי שבע בן בכרי ואיש יהודה דבקו במלכם מן הירדן ועד ירושלם
(23988, -77, 5);[10, 8, 10, 300, 40];משיחי;6115;(8, 15, 33, 1, 6115);ויאמר;2;(8, 15, 33, 2, 23988);ויאמר שמואל כאשר שכלה נשים חרבך כן תשכל מנשים אמך וישסף שמואל את אגג לפני יהוה בגלגל
(27404, -65, 5);[10, 8, 10, 300, 40];משיחי;6985;(8, 17, 30, 9, 6985);וישבהו;2;(8, 17, 30, 31, 27404);ויסב מאצלו אל מול אחר ויאמר כדבר הזה וישבהו העם דבר כדבר הראשון
(48502, -50, 5);[10, 8, 10, 300, 40];משיחי;12537;(8, 29, 9, 10, 12537);בעיני;3;(8, 29, 9, 34, 48502);ויען אכיש ויאמר אל דוד ידעתי כי טוב אתה בעיני כמלאך אלהים אך שרי פלשתים אמרו לא יעלה עמנו במלחמה
(80093, -47, 5);[10, 8, 10, 300, 40];משיחי;20772;(9, 18, 2, 14, 20772);יואב;1;(9, 18, 2, 52, 80093);וישלח דוד את העם השלשית ביד יואב והשלשית ביד אבישי בן צרויה אחי יואב והשלשת ביד אתי הגתי ויאמר המלך אל העם יצא אצא גם אני עמכם
(67991, -43, 5);[10, 8, 10, 300, 40];משיחי;17588;(9, 12, 8, 4, 17588);בית;2;(9, 12, 8, 11, 67991);ואתנה לך את בית אדניך ואת נשי אדניך בחיקך ואתנה לך את בית ישראל ויהודה ואם מעט ואספה לך כהנה וכהנה
(17477, -15, 5);[10, 8, 10, 300, 40];משיחי;4448;(8, 13, 2, 5, 4448);אלפים;4;(8, 13, 2, 19, 17477);ויבחר לו שאול שלשת אלפים מישראל ויהיו עם שאול אלפים במכמש ובהר בית אל ואלף היו עם יונתן בגבעת בנימין ויתר העם שלח איש לאהליו
(49313, -8, 5);[10, 8, 10, 300, 40];משיחי;12745;(8, 30, 12, 5, 12745);ושני;4;(8, 30, 12, 18, 49313);ויתנו לו פלח דבלה ושני צמקים ויאכל ותשב רוחו אליו כי לא אכל לחם ולא שתה מים שלשה ימים ושלשה לילות
(3605, -1, 5);[10, 8, 10, 300, 40];משיחי;949;(8, 2, 35, 15, 949);משיחי;5;(8, 2, 35, 65, 3605);והקימתי לי כהן נאמן כאשר בלבבי ובנפשי יעשה ובניתי לו בית נאמן והתהלך לפני משיחי כל הימים
(39740, -1, 5);[10, 8, 10, 300, 40];משיחי;10229;(8, 24, 7, 13, 10229);יהוה;1;(8, 24, 7, 49, 39740);ויאמר לאנשיו חלילה לי מיהוה אם אעשה את הדבר הזה לאדני למשיח יהוה לשלח ידי בו כי משיח יהוה הוא
(39759, -1, 5);[10, 8, 10, 300, 40];משיחי;10235;(8, 24, 7, 19, 10235);יהוה;1;(8, 24, 7, 68, 39759);ויאמר לאנשיו חלילה לי מיהוה אם אעשה את הדבר הזה לאדני למשיח יהוה לשלח ידי בו כי משיח יהוה הוא
(40040, -1, 5);[10, 8, 10, 300, 40];משיחי;10309;(8, 24, 11, 24, 10309);יהוה;1;(8, 24, 11, 86, 40040);הנה היום הזה ראו עיניך את אשר נתנך יהוה היום בידי במערה ואמר להרגך ותחס עליך ואמר לא אשלח ידי באדני כי משיח יהוה הוא
(44205, -1, 5);[10, 8, 10, 300, 40];משיחי;11403;(8, 26, 9, 12, 11403);יהוה;1;(8, 26, 9, 40, 44205);ויאמר דוד אל אבישי אל תשחיתהו כי מי שלח ידו במשיח יהוה ונקה
(44293, -1, 5);[10, 8, 10, 300, 40];משיחי;11427;(8, 26, 11, 7, 11427);יהוה;1;(8, 26, 11, 25, 44293);חלילה לי מיהוה משלח ידי במשיח יהוה ועתה קח נא את החנית אשר מראשתו ואת צפחת המים ונלכה לנו
(44691, -1, 5);[10, 8, 10, 300, 40];משיחי;11539;(8, 26, 16, 20, 11539);יהוה;1;(8, 26, 16, 61, 44691);לא טוב הדבר הזה אשר עשית חי יהוה כי בני מות אתם אשר לא שמרתם על אדניכם על משיח יהוה ועתה ראה אי חנית המלך ואת צפחת המים אשר מראשתו
(45213, -1, 5);[10, 8, 10, 300, 40];משיחי;11680;(8, 26, 23, 18, 11680);יהוה;1;(8, 26, 23, 67, 45213);ויהוה ישיב לאיש את צדקתו ואת אמנתו אשר נתנך יהוה היום ביד ולא אביתי לשלח ידי במשיח יהוה
(52141, -1, 5);[10, 8, 10, 300, 40];משיחי;13472;(9, 1, 14, 12, 13472);יהוה;1;(9, 1, 14, 39, 52141);ויאמר אליו דוד איך לא יראת לשלח ידך לשחת את משיח יהוה
(52235, -1, 5);[10, 8, 10, 300, 40];משיחי;13498;(9, 1, 16, 16, 13498);יהוה;1;(9, 1, 16, 51, 52235);ויאמר אליו דוד דמיך על ראשך כי פיך ענה בך לאמר אנכי מתתי את משיח יהוה
(83766, -1, 5);[10, 8, 10, 300, 40];משיחי;21744;(9, 19, 22, 15, 21744);יהוה;1;(9, 19, 22, 50, 83766);ויען אבישי בן צרויה ויאמר התחת זאת לא יומת שמעי כי קלל את משיח יהוה
(52141, -1, 7);[10, 8, 10, 300, 40, 400, 1];את משיחי;13472;(9, 1, 14, 12, 13472);יהוה;1;(9, 1, 14, 39, 52141);ויאמר אליו דוד איך לא יראת לשלח ידך לשחת את משיח יהוה
(52235, -1, 7);[10, 8, 10, 300, 40, 400, 1];את משיחי;13498;(9, 1, 16, 16, 13498);יהוה;1;(9, 1, 16, 51, 52235);ויאמר אליו דוד דמיך על ראשך כי פיך ענה בך לאמר אנכי מתתי את משיח יהוה
(83766, -1, 7);[10, 8, 10, 300, 40, 400, 1];את משיחי;21744;(9, 19, 22, 15, 21744);יהוה;1;(9, 19, 22, 50, 83766);ויען אבישי בן צרויה ויאמר התחת זאת לא יומת שמעי כי קלל את משיח יהוה
(39740, -1, 6);[10, 8, 10, 300, 40, 30];למשיחי;10229;(8, 24, 7, 13, 10229);יהוה;1;(8, 24, 7, 49, 39740);ויאמר לאנשיו חלילה לי מיהוה אם אעשה את הדבר הזה לאדני למשיח יהוה לשלח ידי בו כי משיח יהוה הוא
(44691, -1, 6);[10, 8, 10, 300, 40, 30];למשיחי;11539;(8, 26, 16, 20, 11539);יהוה;1;(8, 26, 16, 61, 44691);לא טוב הדבר הזה אשר עשית חי יהוה כי בני מות אתם אשר לא שמרתם על אדניכם על משיח יהוה ועתה ראה אי חנית המלך ואת צפחת המים אשר מראשתו
(65474, -91, 5);[20, 8, 10, 300, 40];משיחך;16927;(9, 10, 14, 4, 16927);כי;1;(9, 10, 14, 12, 65474);ובני עמון ראו כי נס ארם וינסו מפני אבישי ויבאו העיר וישב יואב מעל בני עמון ויבא ירושלם
(7388, -60, 5);[20, 8, 10, 300, 40];משיחך;1902;(8, 6, 3, 20, 1902);לכם;2;(8, 6, 3, 72, 7388);ויאמרו אם משלחים את ארון אלהי ישראל אל תשלחו אתו ריקם כי השב תשיבו לו אשם אז תרפאו ונודע לכם למה לא תסור ידו מכם
(16413, -55, 5);[20, 8, 10, 300, 40];משיחך;4165;(8, 12, 9, 15, 4165);מלך;3;(8, 12, 9, 60, 16413);וישכחו את יהוה אלהיהם וימכר אתם ביד סיסרא שר צבא חצור וביד פלשתים וביד מלך מואב וילחמו בם
(76384, -35, 5);[20, 8, 10, 300, 40];משיחך;19806;(9, 15, 35, 8, 19806);כל;1;(9, 15, 35, 31, 76384);והלוא עמך שם צדוק ואביתר הכהנים והיה כל הדבר אשר תשמע מבית המלך תגיד לצדוק ולאביתר הכהנים
(46197, -26, 5);[20, 8, 10, 300, 40];משיחך;11936;(8, 28, 1, 12, 11936);אכיש;2;(8, 28, 1, 54, 46197);ויהי בימים ההם ויקבצו פלשתים את מחניהם לצבא להלחם בישראל ויאמר אכיש אל דוד ידע תדע כי אתי תצא במחנה אתה ואנשיך
(76859, -15, 5);[20, 8, 10, 300, 40];משיחך;19919;(9, 16, 4, 16, 19919);המלך;4;(9, 16, 4, 67, 76859);ויאמר המלך לצבא הנה לך כל אשר למפיבשת ויאמר ציבא השתחויתי אמצא חן בעיניך אדני המלך
(76859, -15, 6);[20, 8, 10, 300, 40, 40];ממשיחך;19919;(9, 16, 4, 16, 19919);המלך;4;(9, 16, 4, 67, 76859);ויאמר המלך לצבא הנה לך כל אשר למפיבשת ויאמר ציבא השתחויתי אמצא חן בעיניך אדני המלך
(13229, -100, 5);[6, 8, 10, 300, 40];משיחו;3361;(8, 10, 3, 3, 3361);והלאה;1;(8, 10, 3, 9, 13229);וחלפת משם והלאה ובאת עד אלון תבור ומצאוך שם שלשה אנשים עלים אל האלהים בית אל אחד נשא שלשה גדיים ואחד נשא שלשת ככרות לחם ואחד נשא נבל יין
(14654, -100, 5);[6, 8, 10, 300, 40];משיחו;3722;(8, 10, 25, 14, 3722);שמואל;3;(8, 10, 25, 55, 14654);וידבר שמואל אל העם את משפט המלכה ויכתב בספר וינח לפני יהוה וישלח שמואל את כל העם איש לביתו
(18817, -93, 5);[6, 8, 10, 300, 40];משיחו;4780;(8, 13, 22, 16, 4780);ותמצא;1;(8, 13, 22, 54, 18817);והיה ביום מלחמת ולא נמצא חרב וחנית ביד כל העם אשר את שאול ואת יונתן ותמצא לשאול וליונתן בנו
(55496, -73, 5);[6, 8, 10, 300, 40];משיחו;14323;(9, 3, 13, 1, 14323);ויאמר;1;(9, 3, 13, 1, 55496);ויאמר טוב אני אכרת אתך ברית אך דבר אחד אנכי שאל מאתך לאמר לא תראה את פני כי אם לפני הביאך את מיכל בת שאול בבאך לראות את פני
(36155, -70, 5);[6, 8, 10, 300, 40];משיחו;9291;(8, 22, 2, 15, 9291);ויהי;1;(8, 22, 2, 46, 36155);ויתקבצו אליו כל איש מצוק וכל איש אשר לו נשא וכל איש מר נפש ויהי עליהם לשר ויהיו עמו כארבע מאות איש
(76640, -70, 5);[6, 8, 10, 300, 40];משיחו;19868;(9, 16, 2, 8, 19868);ויאמר;1;(9, 16, 2, 23, 76640);ויאמר המלך אל ציבא מה אלה לך ויאמר ציבא החמורים לבית המלך לרכב ולהלחם והקיץ לאכול הנערים והיין לשתות היעף במדבר
(58521, -69, 5);[6, 8, 10, 300, 40];משיחו;15123;(9, 5, 6, 1, 15123);וילך;1;(9, 5, 6, 1, 58521);וילך המלך ואנשיו ירושלם אל היבסי יושב הארץ ויאמר לדוד לאמר לא תבוא הנה כי אם הסירך העורים והפסחים לאמר לא יבוא דוד הנה
(61779, -60, 5);[6, 8, 10, 300, 40];משיחו;15968;(9, 7, 13, 8, 15968);ממלכתו;6;(9, 7, 13, 31, 61779);הוא יבנה בית לשמי וכננתי את כסא ממלכתו עד עולם
(85735, -48, 5);[6, 8, 10, 300, 40];משיחו;22278;(9, 20, 7, 5, 22278);והכרתי;1;(9, 20, 7, 19, 85735);ויצאו אחריו אנשי יואב והכרתי והפלתי וכל הגברים ויצאו מירושלם לרדף אחרי שבע בן בכרי
(40592, -41, 5);[6, 8, 10, 300, 40];משיחו;10460;(8, 24, 21, 7, 10460);וקמה;1;(8, 24, 21, 23, 40592);ועתה הנה ידעתי כי מלך תמלוך וקמה בידך ממלכת ישראל
(24915, -30, 5);[6, 8, 10, 300, 40];משיחו;6359;(8, 16, 12, 8, 6359);וטוב;3;(8, 16, 12, 35, 24915);וישלח ויביאהו והוא אדמוני עם יפה עינים וטוב ראי ויאמר יהוה קום משחהו כי זה הוא
(19433, -26, 5);[6, 8, 10, 300, 40];משיחו;4939;(8, 14, 10, 3, 4939);יאמרו;5;(8, 14, 10, 10, 19433);ואם כה יאמרו עלו עלינו ועלינו כי נתנם יהוה בידנו וזה לנו האות
(2045, -1, 5);[6, 8, 10, 300, 40];משיחו;531;(8, 2, 10, 16, 531);משיחו;5;(8, 2, 10, 63, 2045);יהוה יחתו מריבו עלו בשמים ירעם יהוה ידין אפסי ארץ ויתן עז למלכו וירם קרן משיחו
(15963, -1, 5);[6, 8, 10, 300, 40];משיחו;4049;(8, 12, 3, 7, 4049);משיחו;5;(8, 12, 3, 25, 15963);הנני ענו בי נגד יהוה ונגד משיחו את שור מי לקחתי וחמור מי לקחתי ואת מי עשקתי את מי רצותי ומיד מי לקחתי כפר ואעלים עיני בו ואשיב לכם
(16108, -1, 5);[6, 8, 10, 300, 40];משיחו;4088;(8, 12, 5, 7, 4088);משיחו;5;(8, 12, 5, 27, 16108);ויאמר אליהם עד יהוה בכם ועד משיחו היום הזה כי לא מצאתם בידי מאומה ויאמר עד
(24565, -1, 5);[6, 8, 10, 300, 40];משיחו;6265;(8, 16, 6, 10, 6265);משיחו;5;(8, 16, 6, 39, 24565);ויהי בבואם וירא את אליאב ויאמר אך נגד יהוה משיחו
(90110, -1, 5);[6, 8, 10, 300, 40];משיחו;23391;(9, 22, 51, 6, 23391);למשיחו;6;(9, 22, 51, 28, 90110);מגדיל ישועות מלכו ועשה חסד למשיחו לדוד ולזרעו עד עולם
(61779, -60, 6);[6, 8, 10, 300, 40, 30];למשיחו;15968;(9, 7, 13, 8, 15968);ממלכתו;6;(9, 7, 13, 31, 61779);הוא יבנה בית לשמי וכננתי את כסא ממלכתו עד עולם
(85735, -48, 6);[6, 8, 10, 300, 40, 30];למשיחו;22278;(9, 20, 7, 5, 22278);והכרתי;1;(9, 20, 7, 19, 85735);ויצאו אחריו אנשי יואב והכרתי והפלתי וכל הגברים ויצאו מירושלם לרדף אחרי שבע בן בכרי
(90110, -1, 6);[6, 8, 10, 300, 40, 30];למשיחו;23391;(9, 22, 51, 6, 23391);למשיחו;6;(9, 22, 51, 28, 90110);מגדיל ישועות מלכו ועשה חסד למשיחו לדוד ולזרעו עד עולם
(60452, -66, 5);[5, 8, 10, 300, 40];משיחה;15619;(9, 6, 16, 3, 15619);יהוה;4;(9, 6, 16, 12, 60452);והיה ארון יהוה בא עיר דוד ומיכל בת שאול נשקפה בעד החלון ותרא את המלך דוד מפזז ומכרכר לפני יהוה ותבז לו בלבה
(15512, -45, 5);[5, 8, 10, 300, 40];משיחה;3935;(8, 11, 11, 13, 3935);הבקר;1;(8, 11, 11, 52, 15512);ויהי ממחרת וישם שאול את העם שלשה ראשים ויבאו בתוך המחנה באשמרת הבקר ויכו את עמון עד חם היום ויהי הנשארים ויפצו ולא נשארו בם שנים יחד
(23258, -39, 5);[5, 8, 10, 300, 40];משיחה;5930;(8, 15, 19, 8, 5930);השלל;1;(8, 15, 19, 25, 23258);ולמה לא שמעת בקול יהוה ותעט אל השלל ותעש הרע בעיני יהוה
(50256, -33, 5);[5, 8, 10, 300, 40];משיחה;12997;(8, 30, 25, 3, 12997);ההוא;2;(8, 30, 25, 11, 50256);ויהי מהיום ההוא ומעלה וישמה לחק ולמשפט לישראל עד היום הזה
(16793, -27, 5);[5, 8, 10, 300, 40];משיחה;4263;(8, 12, 15, 5, 4263);יהוה;2;(8, 12, 15, 16, 16793);ואם לא תשמעו בקול יהוה ומריתם את פי יהוה והיתה יד יהוה בכם ובאבתיכם
(35616, -23, 5);[5, 8, 10, 300, 40];משיחה;9145;(8, 21, 9, 21, 9145);היה;1;(8, 21, 9, 66, 35616);ויאמר דוד לאחימלך ואין יש פה תחת ידך חנית או חרב כי גם חרבי וגם כלי לא לקחתי בידי כי היה דבר המלך נחוץ
(68862, -23, 5);[5, 8, 10, 300, 40];משיחה;17823;(9, 12, 21, 4, 17823);מה;2;(9, 12, 21, 17, 68862);ויאמרו עבדיו אליו מה הדבר הזה אשר עשיתה בעבור הילד חי צמת ותבך וכאשר מת הילד קמת ותאכל לחם
(36894, -13, 5);[5, 8, 10, 300, 40];משיחה;9495;(8, 22, 13, 16, 9495);באלהים;4;(8, 22, 13, 56, 36894);ויאמר אלו שאול למה קשרתם עלי אתה ובן ישי בתתך לו לחם וחרב ושאול לו באלהים לקום אלי לארב כיום הזה
(27001, -12, 5);[5, 8, 10, 300, 40];משיחה;6876;(8, 17, 25, 12, 6876);עלה;3;(8, 17, 25, 46, 27001);ויאמר איש ישראל הראיתם האיש העלה הזה כי לחרף את ישראל עלה והיה האיש אשר יכנו יעשרנו המלך עשר גדול ואת בתו יתן לו ואת בית אביו יעשה חפשי בישראל
(75811, -12, 5);[5, 8, 10, 300, 40];משיחה;19659;(9, 15, 25, 14, 19659);והשבני;2;(9, 15, 25, 52, 75811);ויאמר המלך לצדוק השב את ארון האלהים העיר אם אמצא חן בעיני יהוה והשבני והראני אתו ואת נוהו
(23258, -39, 6);[5, 8, 10, 300, 40, 30];למשיחה;5930;(8, 15, 19, 8, 5930);השלל;1;(8, 15, 19, 25, 23258);ולמה לא שמעת בקול יהוה ותעט אל השלל ותעש הרע בעיני יהוה
(35616, -23, 6);[5, 8, 10, 300, 40, 30];למשיחה;9145;(8, 21, 9, 21, 9145);היה;1;(8, 21, 9, 66, 35616);ויאמר דוד לאחימלך ואין יש פה תחת ידך חנית או חרב כי גם חרבי וגם כלי לא לקחתי בידי כי היה דבר המלך נחוץ
(36894, -13, 6);[5, 8, 10, 300, 40, 40];ממשיחה;9495;(8, 22, 13, 16, 9495);באלהים;4;(8, 22, 13, 56, 36894);ויאמר אלו שאול למה קשרתם עלי אתה ובן ישי בתתך לו לחם וחרב ושאול לו באלהים לקום אלי לארב כיום הזה
