(32, 1, 1, 20, 20);ע;י;ת;ב;ר;ר;י;ע;ה;ד;ד;ב;ה;ב;ש;י;ה;כ;י;א;(32, 1, 1, 1, 1)
(32, 1, 1, 40, 40);ם;י;ו;ג;ב;י;ת;ב;ר;ה;נ;מ;ל;א;כ;ה;ת;י;ה;ם;(32, 1, 1, 21, 21)
(32, 1, 2, 2, 60);כ;ב;ס;מ;ל;ה;ת;י;ה;ת;ו;נ;י;ד;מ;ב;י;ת;ר;ש;(32, 1, 1, 41, 41)
(32, 1, 2, 22, 80);ח;ל;ל;ע;ה;ת;ע;מ;ד;ו;ה;ל;י;ל;ב;ה;כ;ב;ת;ו;(32, 1, 2, 3, 61)
(32, 1, 2, 42, 100);כ;ה;י;ב;ה;א;ל;כ;מ;ם;ח;נ;מ;ה;ל;ן;י;א;ה;י;(32, 1, 2, 23, 81)
(32, 1, 2, 62, 120);ב;י;א;ל;ה;ל;ו;י;ה;ה;ב;ו;ד;ג;ב;ה;י;ע;ר;ל;(32, 1, 2, 43, 101)
(32, 1, 3, 18, 140);ע;ב;ר;מ;ו;י;נ;ע;מ;ה;ד;ו;ה;י;ה;ת;ל;ג;ם;י;(32, 1, 2, 63, 121)
(32, 1, 3, 38, 160);א;צ;מ;א;ל;ם;י;ו;ג;ב;ה;ב;ש;י;א;י;ה;ה;ד;ב;(32, 1, 3, 19, 141)
(32, 1, 3, 58, 180);י;ב;ה;ו;ג;י;ש;ה;ה;י;פ;ד;ר;ל;כ;ח;ו;נ;מ;ה;(32, 1, 3, 39, 161)
(32, 1, 4, 13, 200);ת;ו;ל;ב;א;ן;ו;י;צ;י;כ;ר;ד;ם;י;ר;צ;מ;ה;ן;(32, 1, 3, 59, 181)
(32, 1, 4, 33, 220);ו;ש;ה;י;ר;ע;ש;ל;כ;ד;ע;ו;מ;י;א;ב;י;ל;ב;מ;(32, 1, 4, 14, 201)
(32, 1, 4, 53, 240);ת;ל;ו;ת;ב;ם;י;ח;נ;א;נ;ה;י;נ;ה;כ;ן;י;מ;מ;(32, 1, 4, 34, 221)
(32, 1, 5, 5, 260);ר;צ;ו;י;ה;ה;ל;ר;מ;א;י;ה;ו;ת;ו;ג;ו;נ;ה;י;(32, 1, 4, 54, 241)
(32, 1, 5, 25, 280);ה;ו;ה;י;י;כ;ו;ל;ש;ה;י;ב;י;א;ש;א;ר;ל;ה;י;(32, 1, 5, 6, 261)
(32, 1, 5, 45, 300);ה;ה;י;ל;ל;ו;ע;ה;י;ע;ש;פ;ב;ר;ל;ע;ה;ג;ו;ה;(32, 1, 5, 26, 281)
(32, 1, 6, 8, 320);ת;ב;ן;מ;א;צ;י;ו;ר;צ;י;נ;פ;ל;י;ב;ש;ו;כ;ל;(32, 1, 5, 46, 301)
(32, 1, 6, 28, 340);י;א;כ;ה;י;ר;ש;ו;י;ה;ה;ר;ד;ה;ל;כ;ן;ו;י;צ;(32, 1, 6, 9, 321)
(32, 1, 6, 48, 360);ל;ב;ו;כ;ל;י;ו;ה;ע;ר;מ;ו;א;צ;מ;א;ל;ם;י;ל;(32, 1, 6, 29, 341)
(32, 1, 7, 9, 380);ל;ש;ו;ר;י;ה;ר;כ;ז;ף;ד;ו;ר;י;נ;פ;ל;ח;כ;א;(32, 1, 6, 49, 361)
(32, 1, 7, 29, 400);מ;ח;מ;ל;כ;ה;י;ד;ו;ר;מ;ו;ה;י;נ;ע;י;מ;י;ם;(32, 1, 7, 10, 381)
(32, 1, 7, 49, 420);ל;פ;נ;ב;ם;ד;ק;י;מ;י;מ;ו;י;ה;ר;ש;א;ה;י;ד;(32, 1, 7, 30, 401)
(32, 1, 7, 69, 440);א;ר;ה;ל;ר;ז;ו;ע;ן;י;א;ו;ר;צ;ד;י;ב;ה;מ;ע;(32, 1, 7, 50, 421)
(32, 1, 8, 3, 460);א;ט;ח;ה;ת;ב;ש;מ;ל;ע;ו;ק;ח;ש;ם;י;ר;צ;ה;ו;(32, 1, 7, 70, 441)
(32, 1, 8, 23, 480);ה;ה;ד;י;נ;ל;ן;כ;ל;ע;ם;ל;ש;ו;ר;י;ה;א;ט;ח;(32, 1, 8, 4, 461)
(32, 1, 8, 43, 500);ר;י;כ;ה;ו;ל;י;ז;ה;ה;י;ד;ב;כ;מ;ל;כ;ה;ת;י;(32, 1, 8, 24, 481)
(32, 1, 8, 63, 520);ש;ת;ו;ה;ח;נ;א;נ;א;י;ה;ם;ג;ה;ת;ו;ר;ע;ו;א;(32, 1, 8, 44, 501)
(32, 1, 9, 15, 540);כ;ז;א;ל;ה;י;ל;ו;ש;ב;ה;ת;א;מ;ט;ר;ו;ח;א;ב;(32, 1, 8, 64, 521)
(32, 1, 9, 35, 560);ן;י;א;ם;י;א;ל;פ;ד;ר;ת;ו;ה;ת;י;ר;ח;א;ה;ר;(32, 1, 9, 16, 541)
(32, 1, 9, 55, 580);כ;י;י;נ;ע;ת;א;ה;ו;ה;י;ה;א;ר;ה;ל;ם;ח;נ;מ;(32, 1, 9, 36, 561)
(32, 1, 10, 10, 600);ל;ע;ר;צ;ש;ר;פ;ו;ד;י;ב;י;ו;א;ל;י;ד;ג;ה;י;(32, 1, 9, 56, 581)
(32, 1, 10, 30, 620);א;ב;ם;י;ו;ג;ה;ת;א;ר;י;כ;ה;י;ד;מ;ח;מ;ל;כ;(32, 1, 10, 11, 601)
(32, 1, 10, 50, 640);ו;א;ב;י;א;ל;ה;ת;י;ו;צ;ר;ש;א;ה;ש;ד;ק;מ;ו;(32, 1, 10, 31, 621)
(32, 1, 11, 14, 660);ק;ב;מ;ם;י;ח;נ;א;נ;ה;מ;ע;ל;כ;ך;ל;ל;ה;ק;ב;(32, 1, 10, 51, 641)
(32, 1, 11, 34, 680);א;ב;ם;ה;י;ד;ו;מ;ח;מ;ו;נ;ת;נ;ם;ח;ל;ם;י;ש;(32, 1, 11, 15, 661)
(32, 1, 11, 54, 700);ב;ה;ו;ה;ו;ה;י;ה;א;ר;ש;פ;נ;ב;י;ש;ה;ל;ל;כ;(32, 1, 11, 35, 681)
(32, 1, 12, 5, 720);ל;א;א;ו;ל;ה;ל;ל;ו;ז;י;ת;י;י;ה;י;כ;ה;ט;י;(32, 1, 11, 55, 701)
(32, 1, 12, 25, 740);א;ר;ו;ו;ט;י;ב;ה;ך;ר;ד;י;ר;ב;ע;ל;כ;ם;כ;י;(32, 1, 12, 6, 721)
(32, 1, 12, 45, 760);ע;ר;ש;א;י;ב;א;כ;מ;כ;ב;ו;א;כ;מ;ש;י;ם;א;ו;(32, 1, 12, 26, 741)
(32, 1, 12, 65, 780);ם;ו;י;ב;ה;ו;ה;י;ה;ג;ו;ה;ר;ש;א;י;ל;ל;ל;ו;(32, 1, 12, 46, 761)
(32, 1, 13, 13, 800);צ;ע;ב;ש;א;ח;ל;ש;ם;ו;ר;מ;מ;ו;פ;א;ן;ו;ר;ח;(32, 1, 12, 66, 781)
(32, 1, 13, 33, 820);י;ל;ג;ר;ל;ת;ש;ר;ש;ר;פ;ה;נ;ד;ר;י;ו;י;ת;מ;(32, 1, 13, 14, 801)
(32, 1, 13, 53, 840);כ;ה;מ;מ;ש;י;נ;נ;ת;נ;ר;ו;ח;א;י;נ;ב;י;ש;ה;(32, 1, 13, 34, 821)
(32, 1, 14, 12, 860);י;ב;י;ע;ש;פ;ל;ע;ד;ק;ש;נ;ה;ו;ד;ם;ו;י;ה;ל;(32, 1, 13, 54, 841)
(32, 1, 14, 32, 880);כ;ה;י;ר;א;ו;צ;ל;ע;ו;ל;ע;ו;ג;ר;ת;ש;י;ו;ד;(32, 1, 14, 13, 861)
(32, 1, 14, 52, 900);ל;י;ד;י;ב;י;נ;ד;א;י;נ;נ;ת;נ;י;ח;כ;ל;י;ש;(32, 1, 14, 33, 881)
(32, 1, 15, 12, 920);ד;א;י;ר;י;ב;א;ל;כ;ה;ל;ס;ם;ו;ק;ל;כ;ו;א;א;(32, 1, 14, 53, 901)
(32, 1, 15, 32, 940);ב;ש;ל;ד;ע;ו;מ;י;ל;ע;א;ר;ק;י;ב;ר;ק;ב;י;נ;(32, 1, 15, 13, 921)
(32, 1, 15, 52, 960);ל;ו;ת;ב;ל;י;נ;ד;א;ך;ר;ד;ת;ג;י;ר;ו;ח;ב;ר;(32, 1, 15, 33, 941)
(32, 1, 16, 12, 980);י;כ;ו;ב;י;נ;א;ה;ל;א;ל;ע;ה;ד;ו;ה;י;ת;ב;ת;(32, 1, 15, 53, 961)
(32, 1, 16, 32, 1000);ח;ר;י;כ;ם;י;מ;ה;ד;ר;י;י;נ;י;ע;י;נ;י;ע;ה;(32, 1, 16, 13, 981)
(32, 1, 16, 52, 1020);ו;י;ה;י;ש;פ;נ;ב;י;ש;מ;ם;ח;נ;מ;י;נ;מ;מ;ק;(32, 1, 16, 33, 1001)
(32, 1, 17, 2, 1040);ר;פ;ב;י;ו;א;ר;ב;ג;י;כ;ם;י;מ;מ;ו;ש;י;נ;ב;(32, 1, 16, 53, 1021)
(32, 1, 17, 22, 1060);ה;ל;ם;ח;נ;מ;ן;י;א;ה;י;ד;י;ב;ן;ו;י;צ;ה;ש;(32, 1, 17, 3, 1041)
(32, 1, 17, 42, 1080);ר;צ;ו;י;ב;י;ב;ס;ב;ק;ע;י;ל;ה;ו;ה;י;ה;ו;צ;(32, 1, 17, 23, 1061)
(32, 1, 17, 62, 1100);י;נ;י;ב;ה;ד;נ;ל;ם;ל;ש;ו;ר;י;ה;ת;י;ה;ו;י;(32, 1, 17, 43, 1081)
(32, 1, 18, 18, 1120);מ;ו;ה;י;פ;י;כ;ה;ו;ה;י;א;ו;ה;ק;י;ד;צ;ם;ה;(32, 1, 17, 63, 1101)
(32, 1, 18, 38, 1140);ו;א;ר;ו;ם;י;מ;ע;ל;כ;א;נ;ו;ע;מ;ש;י;ת;י;ר;(32, 1, 18, 19, 1121)
(32, 1, 18, 58, 1160);כ;ל;ה;י;ר;ו;ח;ב;ו;י;ת;ל;ו;ת;ב;י;ב;א;כ;מ;(32, 1, 18, 39, 1141)
(32, 1, 19, 15, 1180);ר;ה;מ;ה;י;ב;ה;א;מ;ל;י;ת;א;ר;ק;י;ב;ש;ב;ו;(32, 1, 18, 59, 1161)
(32, 1, 19, 35, 1200);ע;ו;ג;ר;י;ע;ב;י;נ;ק;ז;ו;י;נ;ה;כ;י;נ;ו;מ;(32, 1, 19, 16, 1181)
(32, 1, 19, 55, 1220);א;ו;ב;י;ש;י;ו;ו;מ;ל;ל;כ;א;ו;ש;ק;ב;י;כ;ו;(32, 1, 19, 36, 1201)
(32, 1, 20, 15, 1240);ע;מ;י;ל;ר;צ;י;כ;ה;ו;ה;י;ה;א;ר;ם;ש;פ;נ;ת;(32, 1, 19, 56, 1221)
(32, 1, 20, 35, 1260);כ;י;ב;ר;ק;ב;י;ב;ל;ך;פ;ה;נ;ו;ר;מ;ר;מ;ח;י;(32, 1, 20, 16, 1241)
(32, 1, 20, 55, 1280);ב;ר;ח;ה;ל;כ;ש;ץ;ו;ח;מ;י;ת;י;ר;מ;ו;ר;מ;י;(32, 1, 20, 36, 1261)
(32, 1, 21, 12, 1300);א;ה;ח;נ;א;נ;י;כ;ו;ע;מ;ש;ת;ו;מ;כ;ת;י;ב;ב;(32, 1, 20, 56, 1281)
(32, 1, 21, 32, 1320);ע;מ;ש;י;ב;י;א;ל;כ;י;ל;ם;ח;נ;מ;ן;י;א;י;נ;(32, 1, 21, 13, 1301)
(32, 1, 21, 52, 1340);א;ב;ה;ת;י;ש;ע;ה;ת;א;י;כ;ו;ש;ש;י;ת;ע;ר;ו;(32, 1, 21, 33, 1321)
(32, 1, 22, 3, 1360);א;ב;ת;י;נ;מ;כ;ו;י;ה;י;ו;ת;א;ר;ק;ם;ו;י;ת;(32, 1, 21, 53, 1341)
(32, 1, 22, 23, 1380);כ;ו;מ;ל;ל;ל;ו;ע;ו;ך;י;נ;פ;ל;ם;ת;ע;ר;ל;כ;(32, 1, 22, 4, 1361)
(32, 1, 22, 43, 1400);י;כ;י;ע;ש;פ;ל;כ;ל;ע;י;ל;ת;ל;ל;ו;ע;ר;ש;א;(32, 1, 22, 24, 1381)
(32, 2, 1, 4, 1420);ה;כ;י;א;י;ו;ד;י;ב;ל;ו;י;ת;ח;נ;א;ת;ו;ב;ר;(32, 1, 22, 44, 1401)
(32, 2, 1, 24, 1440);ן;ו;י;צ;ת;ב;ת;א;י;נ;ד;א;ו;פ;א;ב;ב;י;ע;י;(32, 2, 1, 5, 1421)
(32, 2, 1, 44, 1460);ש;י;ת;ר;א;פ;ת;ץ;ר;א;ם;י;מ;ש;מ;ך;י;ל;ש;ה;(32, 2, 1, 25, 1441)
(32, 2, 1, 64, 1480);ו;י;ב;ו;י;ל;ג;ר;ם;ד;ה;ר;כ;ז;א;ל;ו;ל;א;ר;(32, 2, 1, 45, 1461)
(32, 2, 2, 16, 1500);ל;כ;ת;א;ל;מ;ח;א;ל;י;נ;ד;א;ע;ל;ב;ו;פ;א;ם;(32, 2, 1, 65, 1481)
(32, 2, 2, 36, 1520);צ;ב;מ;ו;ת;ר;ב;ע;ב;ס;ר;ה;ב;ק;ע;י;ת;ו;א;נ;(32, 2, 2, 17, 1501)
(32, 2, 2, 56, 1540);ל;ל;ח;ץ;ר;א;ל;ע;י;ג;ה;ה;ד;ו;ה;י;ת;ב;י;ר;(32, 2, 2, 37, 1521)
(32, 2, 3, 10, 1560);כ;ף;א;י;ר;ח;ב;ע;ד;ג;ה;י;ר;ש;ו;ה;כ;ל;מ;מ;(32, 2, 2, 57, 1541)
(32, 2, 3, 30, 1580);י;מ;י;ר;ו;ח;א;ב;י;ש;ה;ל;א;ר;ש;י;ן;ר;ק;ל;(32, 2, 3, 11, 1561)
(32, 2, 3, 50, 1600);ב;ק;ע;י;ב;ר;ע;ב;י;ו;ב;י;ו;א;י;נ;פ;מ;ו;נ;(32, 2, 3, 31, 1581)
(32, 2, 4, 5, 1620);ש;ק;ך;ר;ד;ב;י;ב;ס;ה;ל;כ;א;ה;ב;ה;ל;ש;א;כ;(32, 2, 3, 51, 1601)
(32, 2, 4, 25, 1640);י;ו;ר;צ;כ;ו;נ;י;מ;י;ב;צ;נ;ב;י;ו;א;כ;ו;ת;(32, 2, 4, 6, 1621)
(32, 2, 4, 45, 1660);צ;ת;ב;ל;ה;א;ב;ן;י;ע;י;ד;מ;ח;מ;ל;כ;ג;ר;ה;(32, 2, 4, 26, 1641)
(32, 2, 5, 7, 1680);י;נ;ד;א;ה;י;ה;ו;ת;מ;ח;ש;א;כ;ך;פ;ש;ן;ו;י;(32, 2, 4, 46, 1661)
(32, 2, 5, 27, 1700);ר;א;ל;כ;ע;ל;ב;ל;א;ר;ש;י;ע;ל;ב;ב;י;ו;א;כ;(32, 2, 5, 8, 1681)
(32, 2, 5, 47, 1720);ב;ב;ר;י;ו;ו;י;ר;צ;ב;מ;ת;ח;ש;ה;י;ת;ו;נ;מ;(32, 2, 5, 28, 1701)
(32, 2, 6, 3, 1740);ח;י;ו;ה;י;נ;א;ו;ה;י;נ;א;ת;ה;ד;ו;ה;י;ת;ב;(32, 2, 5, 48, 1721)
(32, 2, 6, 23, 1760);ה;י;ח;כ;ש;ו;ד;ע;מ;ת;ח;ש;ו;כ;ש;ן;ג;כ;ס;מ;(32, 2, 6, 4, 1741)
(32, 2, 6, 43, 1780);ץ;א;נ;י;ו;ת;ב;ש;ו;ד;ע;ו;מ;ן;ו;י;צ;ב;ה;ו;(32, 2, 6, 24, 1761)
(32, 2, 7, 6, 1800);נ;ד;א;ח;נ;ז;ן;ה;כ;ו;ך;ל;מ;ו;פ;א;ם;ע;ז;ב;(32, 2, 6, 44, 1781)
(32, 2, 7, 26, 1820);ב;ר;י;ג;ס;ה;ו;ש;ד;ק;מ;ר;א;נ;ו;ח;ב;ז;מ;י;(32, 2, 7, 7, 1801)
(32, 2, 7, 46, 1840);ו;ק;ה;י;ת;ו;נ;מ;ר;א;ת;מ;ו;ח;ב;י;ו;א;ד;י;(32, 2, 7, 27, 1821)
(32, 2, 7, 66, 1860);ע;ו;מ;ם;ו;י;כ;ה;ו;ה;י;ת;י;ב;ב;ו;נ;ת;נ;ל;(32, 2, 7, 47, 1841)
(32, 2, 8, 19, 1880);ת;ב;ת;מ;ו;ח;ת;י;ח;ש;ה;ל;ה;ו;ה;י;ב;ש;ח;ד;(32, 2, 7, 67, 1861)
(32, 2, 8, 39, 1900);ב;מ;ו;ד;י;ב;י;ש;ה;א;ל;ו;ק;ה;ט;נ;ן;ו;י;צ;(32, 2, 8, 20, 1881)
(32, 2, 8, 59, 1920);מ;א;ו;ד;ח;י;ה;מ;ו;ח;ו;ל;ח;ל;ב;א;י;ו;ע;ל;(32, 2, 8, 40, 1901)
(32, 2, 9, 17, 1940);ו;ד;ב;א;ה;י;ר;ע;ש;ץ;ר;א;ב;ו;ע;ב;ט;ו;ל;ל;(32, 2, 8, 60, 1921)
(32, 2, 9, 37, 1960);ג;ב;ה;י;ר;ש;ו;ה;כ;ל;מ;ה;י;ח;י;ר;ב;ר;ב;ש;(32, 2, 9, 18, 1941)
(32, 2, 9, 57, 1980);א;ל;ה;י;א;י;ב;נ;ם;ג;ה;ר;ו;ת;ן;י;א;ם;י;ו;(32, 2, 9, 38, 1961)
(32, 2, 10, 7, 2000);ר;א;ל;ו;ב;ש;י;ה;ו;ה;י;מ;ן;ו;ז;ח;ו;א;צ;מ;(32, 2, 9, 58, 1981)
(32, 2, 10, 27, 2020);ע;ו;ל;ע;ה;ן;ו;י;צ;ת;ב;י;נ;ק;ז;ו;מ;ד;י;ץ;(32, 2, 10, 8, 2001)
(32, 2, 10, 47, 2040);י;ר;ו;ה;ם;י;ק;ש;ו;ר;ג;ח;ם;ש;א;ר;ל;ע;ר;פ;(32, 2, 10, 28, 2021)
(32, 2, 10, 67, 2060);ל;ש;ו;ר;י;ת;ל;ו;ת;ב;ן;ש;א;ר;ץ;ר;א;ל;ו;ד;(32, 2, 10, 48, 2041)
(32, 2, 11, 19, 2080);ו;ר;מ;ר;מ;ח;י;נ;י;ע;ת;ו;ע;מ;ד;ב;ו;ל;כ;ם;(32, 2, 10, 68, 2061)
(32, 2, 11, 39, 2100);ר;ב;ש;ל;ע;י;ד;ב;כ;ץ;ר;א;ל;ך;פ;ש;נ;י;ע;מ;(32, 2, 11, 20, 2081)
(32, 2, 11, 59, 2120);ר;ב;ק;נ;ו;י;ו;ל;ל;ו;ע;ף;ט;ע;ב;י;מ;ע;ת;ב;(32, 2, 11, 40, 2101)
(32, 2, 12, 12, 2140);י;א;ו;ר;מ;א;י;ם;ת;מ;א;ל;ה;י;ר;ק;ת;ו;ב;ח;(32, 2, 11, 60, 2121)
(32, 2, 12, 32, 2160);ב;ל;ל;ח;כ;ם;פ;ט;ע;ת;ה;ב;ן;י;י;ו;ן;ג;ד;ה;(32, 2, 12, 13, 2141)
(32, 2, 12, 52, 2180);ל;א;ם;ש;פ;נ;ך;פ;ת;ש;ה;ב;ר;י;ע;ת;ו;ב;ח;ר;(32, 2, 12, 33, 2161)
(32, 2, 13, 13, 2200);ה;מ;ד;א;ה;מ;ך;ד;י;ע;א;ה;מ;ם;ת;מ;א;ק;י;ח;(32, 2, 12, 53, 2181)
(32, 2, 13, 33, 2220);ו;ך;ל;ה;ו;ש;א;ה;מ;ם;ל;ש;ו;ר;י;ת;ב;ה;ך;ל;(32, 2, 13, 14, 2201)
(32, 2, 13, 53, 2240);ד;ג;י;כ;ן;ו;י;צ;ת;ב;ת;ל;ו;ת;ב;ך;מ;ח;נ;א;(32, 2, 13, 34, 2221)
(32, 2, 14, 3, 2260);י;ב;נ;ך;ל;א;פ;ר;י;י;מ;ך;ר;ב;ש;ם;י;כ;ל;ו;(32, 2, 13, 54, 2241)
(32, 2, 14, 23, 2280);ל;ג;א;ל;ו;ל;פ;ת;ו;א;ו;ש;ך;ל;ו;ז;ח;ך;י;א;(32, 2, 14, 4, 2261)
(32, 2, 14, 43, 2300);ח;י;ו;ך;ת;י;ב;ש;ב;י;ש;ה;ל;ך;נ;ו;ע;ל;ע;ו;(32, 2, 14, 24, 2281)
(32, 2, 15, 1, 2320);ס;ם;י;ח;ו;ד;מ;ו;א;ו;ש;ת;ו;א;ש;מ;ך;ל;ו;ז;(32, 2, 14, 44, 2301)
(32, 2, 15, 21, 2340);ך;ר;ד;י;ר;ב;ע;ל;כ;ם;י;פ;כ;ך;י;ל;ע;ו;ק;פ;(32, 2, 15, 2, 2321)
(32, 2, 15, 41, 2360);ו;ר;י;ת;ב;ל;ע;ם;ש;א;ר;ו;ע;נ;י;ו;ו;ק;ר;ש;(32, 2, 15, 22, 2341)
(32, 2, 15, 61, 2380);י;ל;כ;ו;ר;מ;א;י;ש;ר;י;ע;ה;ת;א;ז;ה;ם;ל;ש;(32, 2, 15, 42, 2361)
(32, 2, 16, 4, 2400);ע;ו;צ;פ;ץ;ר;א;ה;ל;כ;ל;ש;ו;ש;מ;י;פ;י;ת;ל;(32, 2, 15, 62, 2381)
(32, 2, 16, 24, 2420);י;ו;ו;ק;ר;ש;ך;י;ב;י;א;ל;כ;ם;ה;י;פ;ך;י;ל;(32, 2, 16, 5, 2401)
(32, 2, 16, 44, 2440);ה;ה;ז;ך;א;ו;נ;ע;ל;ב;ו;ר;מ;א;ן;ש;ו;ק;ר;ח;(32, 2, 16, 25, 2421)
(32, 2, 16, 64, 2460);ו;נ;י;א;ר;ו;נ;א;צ;מ;ו;ה;נ;י;ו;ק;ש;ם;ו;י;(32, 2, 16, 45, 2441)
(32, 2, 17, 20, 2480);ת;ר;מ;א;ע;צ;ב;ם;מ;ז;ר;ש;א;ה;ו;ה;י;ה;ש;ע;(32, 2, 17, 1, 2461)
(32, 2, 17, 40, 2500);א;ל;ו;ס;ר;ה;ם;ד;ק;י;מ;י;מ;ה;ו;צ;ר;ש;א;ו;(32, 2, 17, 21, 2481)
(32, 2, 17, 60, 2520);ם;י;ר;ה;ב;י;ו;א;ך;י;ל;ע;ח;מ;ש;י;ו;ל;מ;ח;(32, 2, 17, 41, 2501)
(32, 2, 18, 13, 2540);ח;י;נ;ד;א;ל;א;ם;ב;ל;ק;ע;צ;ך;י;ר;צ;ן;ר;ק;(32, 2, 17, 61, 2521)
(32, 2, 18, 33, 2560);ד;ל;ח;נ;כ;י;ד;י;ר;ו;ה;ן;ו;י;צ;ת;ב;ת;מ;ו;(32, 2, 18, 14, 2541)
(32, 2, 18, 53, 2580);ו;פ;י;נ;ת;ת;ל;א;ה;ל;י;ל;ו;ם;מ;ו;י;ה;ע;מ;(32, 2, 18, 34, 2561)
(32, 2, 19, 5, 2600);ר;י;מ;ו;ק;ך;נ;י;ע;ת;ב;ם;ד;ת;ל;א;ך;ל;ת;ג;(32, 2, 18, 54, 2581)
(32, 2, 19, 25, 2620);י;כ;פ;ש;ת;ו;ר;מ;ש;א;ש;א;ר;ל;ל;י;ל;ב;י;נ;(32, 2, 19, 6, 2601)
(32, 2, 19, 45, 2640);י;א;ש;י;נ;ד;א;י;נ;פ;ח;כ;נ;ך;ב;ל;ם;י;מ;כ;(32, 2, 19, 26, 2621)
(32, 2, 19, 65, 2660);ה;ך;י;ל;ל;ו;ע;ש;פ;נ;ל;ע;ך;י;פ;כ;ו;י;ל;א;(32, 2, 19, 46, 2641)
(32, 2, 19, 85, 2680);ו;צ;ו;ח;ל;כ;ש;א;ר;ב;ב;ע;ר;ב;ם;י;פ;ו;ט;ע;(32, 2, 19, 66, 2661)
(32, 2, 20, 19, 2700);ל;ו;ע;י;מ;ל;ה;ט;י;ב;ה;ו;ה;ו;ה;י;ה;א;ר;ת;(32, 2, 19, 86, 2681)
(32, 2, 20, 39, 2720);ם;י;ר;פ;ם;י;ש;נ;ה;נ;ל;כ;א;ת;ם;א;ה;כ;ת;ל;(32, 2, 20, 20, 2701)
(32, 2, 20, 59, 2740);ש;ד;ק;מ;ב;ג;ר;ה;י;ם;א;ם;י;ח;פ;ט;י;ל;ל;ע;(32, 2, 20, 40, 2721)
(32, 2, 21, 8, 2760);ץ;ר;א;ל;ו;ב;כ;ש;א;י;ב;נ;ו;ן;ה;כ;י;נ;ד;א;(32, 2, 20, 60, 2741)
(32, 2, 21, 28, 2780);ב;ו;י;ת;ל;ו;ת;ב;ן;ק;ז;ו;ר;ע;נ;ת;ו;צ;ו;ח;(32, 2, 21, 9, 2761)
(32, 2, 21, 48, 2800);ם;ו;י;ב;ת;ג;ר;ה;ב;ר;ח;ב;ו;ל;פ;נ;י;ר;ו;ח;(32, 2, 21, 29, 2781)
(32, 2, 22, 7, 2820);ו;י;כ;א;ר;ק;ת;ת;ל;מ;ח;א;ל;ת;ח;ב;ט;ך;פ;א;(32, 2, 21, 49, 2801)
(32, 2, 22, 27, 2840);י;ה;א;ל;ו;ב;י;ב;ס;מ;י;ר;ו;ג;מ;ד;ע;ו;מ;ם;(32, 2, 22, 8, 2821)
(32, 2, 22, 47, 2860);ד;י;ר;ש;ו;ט;י;ל;פ;ה;ו;ה;י;ף;א;ם;ו;י;ב;ה;(32, 2, 22, 28, 2841)
(32, 2, 22, 67, 2880);ל;כ;י;ב;י;א;י;ת;י;ב;ר;ו;י;ת;ח;פ;ט;ר;ש;א;(32, 2, 22, 48, 2861)
(32, 3, 1, 19, 2900);ב;ע;ט;ב;ש;ב;י;נ;ע;ה;א;ר;ר;ב;ג;ה;י;נ;א;ם;(32, 2, 22, 68, 2881)
(32, 3, 2, 17, 2920);א;ל;ו;ך;ש;ח;ך;ל;י;ו;ג;ה;נ;י;ת;ו;א;ו;ת;ר;(32, 3, 1, 20, 2901)
(32, 3, 3, 17, 2940);ה;ל;כ;ו;ד;י;ך;פ;ה;י;ב;ש;י;י;ב;ך;א;ר;ו;א;(32, 3, 2, 18, 2921)
(32, 3, 4, 17, 2960);צ;ע;ר;ב;ש;י;ר;ו;ע;ו;י;ר;ש;ב;ה;ל;ב;ם;ו;י;(32, 3, 3, 18, 2941)
(32, 3, 5, 16, 2980);ל;ת;ו;ש;א;ר;ף;ק;י;ו;י;ל;ע;ה;נ;ב;י;ת;ו;מ;(32, 3, 4, 18, 2961)
(32, 3, 6, 18, 3000);י;ת;מ;כ;י;נ;ב;י;ש;ו;ה;ם;י;כ;ש;ח;מ;ב;ה;א;(32, 3, 5, 17, 2981)
(32, 3, 7, 16, 3020);ב;כ;ה;א;צ;א;א;ל;ו;י;ד;ע;ב;ר;ד;ג;ם;ל;ו;ע;(32, 3, 6, 19, 3001)
(32, 3, 8, 13, 3040);ע;ו;ש;א;ו;ק;ע;ז;א;י;כ;ם;ג;י;ת;ש;ח;נ;ד;י;(32, 3, 7, 17, 3021)
(32, 3, 9, 12, 3060);ת;י;ז;ג;ב;י;כ;ר;ד;ר;ד;ג;י;ת;ל;פ;ת;ם;ת;ש;(32, 3, 8, 14, 3041)
(32, 3, 10, 11, 3080);א;י;ל;א;ו;ה;ב;ר;א;ב;ד;ה;ו;ע;י;ת;ב;י;ת;נ;(32, 3, 9, 13, 3061)
(32, 3, 11, 10, 3100);י;ו;ר;ר;ו;ס;י;כ;ר;ד;ם;י;ר;ת;ס;מ;ב;ה;י;ר;(32, 3, 10, 12, 3081)
(32, 3, 12, 8, 3120);ו;ו;ת;ש;ק;ך;ר;ד;ם;מ;ש;י;נ;מ;ש;י;נ;ח;ש;פ;(32, 3, 11, 11, 3101)
(32, 3, 13, 6, 3140);כ;ב;א;י;ב;ה;ץ;ח;ל;א;ר;ט;מ;כ;י;נ;ב;י;צ;י;(32, 3, 12, 9, 3121)
(32, 3, 14, 8, 3160);ק;ח;ש;י;ת;י;י;ה;ו;ת;פ;ש;א;י;נ;ב;י;ת;י;ל;(32, 3, 13, 7, 3141)
(32, 3, 15, 2, 3180);ש;ה;ם;ו;י;ה;ל;כ;ם;ת;נ;י;ג;נ;י;מ;ע;ל;כ;ל;(32, 3, 14, 9, 3161)
(32, 3, 15, 22, 3200);נ;ע;ל;י;נ;ו;ר;ה;ם;י;ר;ו;ר;מ;ב;י;נ;ע;י;ב;(32, 3, 15, 3, 3181)
(32, 3, 16, 19, 3220);י;נ;ש;י;פ;כ;ה;י;נ;ש;ץ;צ;ח;ב;ס;ר;ג;י;ו;ה;(32, 3, 15, 23, 3201)
(32, 3, 17, 16, 3240);ש;נ;י;ש;פ;נ;ם;ו;ל;ש;מ;ח;נ;ז;ת;ו;ר;פ;א;ב;(32, 3, 16, 20, 3221)
(32, 3, 18, 13, 3260);ת;ו;י;ח;צ;נ;ד;ב;א;ר;מ;א;ו;ה;ב;ו;ט;י;ת;י;(32, 3, 17, 17, 3241)
(32, 3, 19, 10, 3280);ר;מ;ו;י;י;נ;ע;ר;כ;ז;ה;ו;ה;י;מ;י;ת;ל;ח;ו;(32, 3, 18, 14, 3261)
(32, 3, 20, 9, 3300);ר;ו;כ;ז;ת;ר;ו;כ;ז;ש;א;ר;ו;ה;נ;ע;ל;י;ד;ו;(32, 3, 19, 11, 3281)
(32, 3, 21, 8, 3320);א;ב;י;ש;א;ת;א;ז;י;ש;פ;נ;י;ל;ע;ח;י;ש;ת;ו;(32, 3, 20, 10, 3301)
(32, 3, 22, 7, 3340);ו;ה;י;י;ד;ס;ח;ל;י;ח;ו;א;ן;כ;ל;ע;י;ב;ל;ל;(32, 3, 21, 9, 3321)
(32, 3, 22, 27, 3360);י;מ;ח;ר;ו;ל;כ;א;ל;י;כ;ו;נ;מ;ת;א;ל;י;כ;ה;(32, 3, 22, 8, 3341)
(32, 3, 23, 19, 3380);ת;נ;ו;מ;א;ה;ב;ר;ם;י;ר;ק;ב;ל;ם;י;ש;ד;ח;ו;(32, 3, 22, 28, 3361)
(32, 3, 24, 19, 3400);כ;ל;ע;י;ש;פ;נ;ה;ר;מ;א;ה;ו;ה;י;י;ק;ל;ח;ך;(32, 3, 23, 20, 3381)
(32, 3, 25, 12, 3420);ל;ו;ו;ק;ל;ה;ו;ה;י;ב;ו;ט;ו;ל;ל;י;ח;ו;א;ן;(32, 3, 24, 20, 3401)
(32, 3, 26, 11, 3440);ו;ד;ו;ל;י;ח;י;ו;ב;ו;ט;ו;נ;ש;ר;ד;ת;ש;פ;נ;(32, 3, 25, 13, 3421)
(32, 3, 27, 8, 3460);כ;ר;ב;ג;ל;ב;ו;ט;ה;ו;ה;י;ת;ע;ו;ש;ת;ל;ם;מ;(32, 3, 26, 12, 3441)
(32, 3, 28, 7, 3480);ו;ד;ד;ב;ב;ש;י;ו;י;ר;ו;ע;נ;ב;ל;ע;א;ש;י;י;(32, 3, 27, 9, 3461)
(32, 3, 29, 8, 3500);פ;ר;פ;ע;ב;ן;ת;י;ו;י;ל;ע;ל;ט;נ;י;כ;ם;ד;י;(32, 3, 28, 8, 3481)
(32, 3, 30, 7, 3520);ה;כ;מ;ל;ן;ת;י;ה;ו;ק;ת;ש;י;י;ל;ו;א;ו;ה;י;(32, 3, 29, 9, 3501)
(32, 3, 31, 7, 3540);נ;ז;י;א;ל;י;כ;ה;פ;ר;ח;ב;ע;ב;ש;י;י;ח;ל;ו;(32, 3, 30, 8, 3521)
(32, 3, 32, 10, 3560);ר;ו;ה;ג;ו;ה;ם;א;י;כ;י;נ;ד;א;ם;ל;ו;ע;ל;ח;(32, 3, 31, 8, 3541)
(32, 3, 33, 10, 3580);ב;ל;מ;ה;נ;ע;א;ל;י;כ;ו;י;ד;ס;ח;ב;ר;כ;ם;ח;(32, 3, 32, 11, 3561)
(32, 3, 34, 9, 3600);ג;ר;ת;ח;ת;א;כ;ד;ל;ש;י;א;י;נ;ב;ה;ג;י;ו;ו;(32, 3, 33, 11, 3581)
(32, 3, 35, 7, 3620);ש;מ;ת;ו;ט;ה;ל;ץ;ר;א;י;ר;י;ס;א;ל;כ;ו;י;ל;(32, 3, 34, 10, 3601)
(32, 3, 36, 4, 3640);ת;ו;ע;ל;ן;ו;י;ל;ע;י;נ;פ;ד;ג;נ;ר;ב;ג;ט;פ;(32, 3, 35, 8, 3621)
(32, 3, 37, 3, 3660);ז;י;מ;ה;א;ר;א;ל;י;נ;ד;א;ו;ב;י;ר;ב;ם;ד;א;(32, 3, 36, 5, 3641)
(32, 3, 38, 3, 3680);י;פ;מ;ה;ו;צ;א;ל;י;נ;ד;א;י;ה;ת;ו;ר;מ;א;ה;(32, 3, 37, 4, 3661)
(32, 3, 38, 23, 3700);ב;ו;ט;ה;ו;ת;ו;ע;ר;ה;א;צ;ת;א;ל;ן;ו;י;ל;ע;(32, 3, 38, 4, 3681)
(32, 3, 39, 20, 3720);ט;ח;ל;ע;ר;ב;ג;י;ח;ם;ד;א;ן;נ;ו;א;ת;י;ה;מ;(32, 3, 39, 1, 3701)
(32, 3, 40, 18, 3740);ו;ה;ר;ק;ח;נ;ו;ו;נ;י;כ;ר;ד;ה;ש;פ;ח;נ;ו;א;(32, 3, 39, 21, 3721)
(32, 3, 41, 9, 3760);א;ו;נ;ב;ב;ל;א;ש;נ;ה;ו;ה;י;ד;ע;ה;ב;ו;ש;נ;(32, 3, 40, 19, 3741)
(32, 3, 42, 6, 3780);ש;פ;ו;נ;ח;נ;ם;י;מ;ש;ב;ל;א;ל;א;ם;י;פ;כ;ל;(32, 3, 41, 10, 3761)
(32, 3, 43, 2, 3800);כ;ס;ת;ח;ל;ס;א;ל;ה;ת;א;ו;נ;י;ר;מ;ו;ו;נ;ע;(32, 3, 42, 7, 3781)
(32, 3, 43, 22, 3820);ח;א;ל;ת;ג;ר;ה;ו;נ;פ;ד;ר;ת;ו;ף;א;ב;ה;ת;ו;(32, 3, 43, 3, 3801)
(32, 3, 44, 17, 3840);ת;ר;ו;ב;ע;מ;ך;ל;ן;נ;ע;ב;ה;ת;ו;כ;ס;ת;ל;מ;(32, 3, 43, 23, 3821)
(32, 3, 45, 17, 3860);ר;ק;ב;ו;נ;מ;י;ש;ת;ס;ו;א;מ;ו;י;ח;ס;ה;ל;פ;(32, 3, 44, 18, 3841)
(32, 3, 46, 14, 3880);ל;כ;ם;ה;י;פ;ו;נ;י;ל;ע;ו;צ;פ;ם;י;מ;ע;ה;ב;(32, 3, 45, 18, 3861)
(32, 3, 47, 14, 3900);ה;ו;נ;ל;ה;י;ה;ת;ח;פ;ו;ד;ח;פ;ו;נ;י;ב;י;א;(32, 3, 46, 15, 3881)
(32, 3, 48, 12, 3920);י;ע;ד;ר;ת;ם;י;מ;י;ג;ל;פ;ר;ב;ש;ה;ו;ת;א;ש;(32, 3, 47, 15, 3901)
(32, 3, 49, 8, 3940);ה;ר;ג;נ;י;נ;י;ע;י;מ;ע;ת;ב;ר;ב;ש;ל;ע;י;נ;(32, 3, 48, 13, 3921)
(32, 3, 50, 4, 3960);ש;י;ד;ע;ת;ו;ג;פ;ה;ן;י;א;מ;ה;מ;ד;ת;א;ל;ו;(32, 3, 49, 9, 3941)
(32, 3, 51, 4, 3980);י;נ;י;ע;ם;י;מ;ש;מ;ה;ו;ה;י;א;ר;י;ו;ף;י;ק;(32, 3, 50, 5, 3961)
(32, 3, 51, 24, 4000);ר;י;ע;ת;ו;נ;ב;ל;כ;מ;י;ש;פ;נ;ל;ה;ל;ל;ו;ע;(32, 3, 51, 5, 3981)
(32, 3, 52, 19, 4020);נ;ח;י;ב;י;א;ר;ו;פ;צ;כ;י;נ;ו;ד;צ;ד;ו;צ;י;(32, 3, 51, 25, 4001)
(32, 3, 53, 19, 4040);ב;ן;ב;א;ו;ד;י;ו;י;י;ח;ר;ו;ב;ב;ו;ת;מ;צ;ם;(32, 3, 52, 20, 4021)
(32, 3, 54, 19, 4060);ג;נ;י;ת;ר;מ;א;י;ש;א;ר;ל;ע;ם;י;מ;ו;פ;צ;י;(32, 3, 53, 20, 4041)
(32, 3, 55, 16, 4080);ר;ו;ב;מ;ה;ו;ה;י;ך;מ;ש;י;ת;א;ר;ק;י;ת;ר;ז;(32, 3, 54, 20, 4061)
(32, 3, 56, 14, 4100);ם;ל;ע;ת;ל;א;ת;ע;מ;ש;י;ל;ו;ק;ת;ו;י;ת;ח;ת;(32, 3, 55, 17, 4081)
(32, 3, 57, 4, 4120);ת;ב;ר;ק;י;ת;ע;ו;ש;ל;י;ת;ח;ו;ר;ל;ך;נ;ז;א;(32, 3, 56, 15, 4101)
(32, 3, 58, 1, 4140);ר;א;ר;י;ת;ל;א;ת;ר;מ;א;ך;א;ר;ק;א;ם;ו;י;ב;(32, 3, 57, 5, 4121)
(32, 3, 58, 21, 4160);י;ח;ת;ל;א;ג;י;ש;פ;נ;י;ב;י;ר;י;נ;ד;א;ת;ב;(32, 3, 58, 2, 4141)
(32, 3, 59, 19, 4180);מ;ה;ט;פ;ש;י;ת;ת;ו;ע;ה;ו;ה;י;ה;ת;י;א;ר;י;(32, 3, 58, 22, 4161)
(32, 3, 60, 16, 4200);ח;מ;ל;כ;ם;ת;מ;ק;נ;ל;כ;ה;ת;י;א;ר;י;ט;פ;ש;(32, 3, 59, 20, 4181)
(32, 3, 61, 14, 4220);כ;ה;ו;ה;י;ם;ת;פ;ר;ח;ת;ע;מ;ש;י;ל;ם;ת;ב;ש;(32, 3, 60, 17, 4201)
(32, 3, 62, 10, 4240);ג;ה;ו;י;מ;ק;י;ת;פ;ש;י;ל;ע;ם;ת;ב;ש;ח;מ;ל;(32, 3, 61, 15, 4221)
(32, 3, 63, 7, 4260);י;ק;ו;ם;ת;ב;ש;ם;ו;י;ה;ל;כ;י;ל;ע;ם;נ;ו;י;(32, 3, 62, 11, 4241)
(32, 3, 64, 2, 4280);ש;ת;ם;ת;נ;י;ג;נ;מ;י;נ;א;ה;ט;י;ב;ה;ם;ת;מ;(32, 3, 63, 8, 4261)
(32, 3, 64, 22, 4300);ד;י;ה;ש;ע;מ;כ;ה;ו;ה;י;ל;ו;מ;ג;ם;ה;ל;ב;י;(32, 3, 64, 3, 4281)
(32, 3, 65, 17, 4320);ך;ת;ל;א;ת;ב;ל;ת;נ;ג;מ;ם;ה;ל;ן;ת;ת;ם;ה;י;(32, 3, 64, 23, 4301)
(32, 3, 66, 17, 4340);ח;ת;מ;ם;ד;י;מ;ש;ת;ו;ף;א;ב;ף;ד;ר;ת;ם;ה;ל;(32, 3, 65, 18, 4321)
(32, 4, 1, 12, 4360);י;ב;ה;ז;ם;ע;ו;י;ה;כ;י;א;ה;ו;ה;י;י;מ;ש;ת;(32, 3, 66, 18, 4341)
(32, 4, 1, 32, 4380);ב;א;ה;נ;כ;פ;ת;ש;ת;ב;ו;ט;ה;ם;ת;כ;ה;א;נ;ש;(32, 4, 1, 13, 4361)
(32, 4, 2, 4, 4400);צ;י;נ;ב;ת;ו;צ;ו;ח;ל;כ;ש;א;ר;ב;ש;ד;ק;י;נ;(32, 4, 1, 33, 4381)
(32, 4, 2, 24, 4420);א;ז;פ;ב;ם;י;א;ל;ס;מ;ה;ם;י;ר;ק;י;ה;ן;ו;י;(32, 4, 2, 5, 4401)
(32, 4, 2, 44, 4440);ה;ש;ע;מ;ש;ר;ח;י;ל;ב;נ;ל;ו;ב;ש;ח;נ;ה;כ;י;(32, 4, 2, 25, 4421)
(32, 4, 3, 13, 4460);ה;ד;ש;ו;צ;ל;ח;ן;י;נ;ת;ם;ג;ר;צ;ו;י;י;ד;י;(32, 4, 2, 45, 4441)
(32, 4, 3, 33, 4480);ז;כ;א;ל;י;מ;ע;ת;ב;ן;ה;י;ר;ו;ג;ו;ק;י;נ;י;(32, 4, 3, 14, 4461)
(32, 4, 4, 8, 4500);י;ן;ו;ש;ל;ק;ב;ד;ר;ב;ד;מ;ב;ם;י;נ;ע;י;כ;ר;(32, 4, 3, 34, 4481)
(32, 4, 4, 28, 4520);א;ש;ם;י;ל;ל;ו;ע;א;מ;צ;ב;ו;כ;ח;ל;א;ק;נ;ו;(32, 4, 4, 9, 4501)
(32, 4, 5, 6, 4540);ם;י;ל;כ;א;ה;ם;ה;ל;ן;י;א;ש;ר;פ;ם;ח;ל;ו;ל;(32, 4, 4, 29, 4521)
(32, 4, 5, 26, 4560);מ;א;ה;ת;ו;צ;ו;ח;ב;ו;מ;ש;נ;ם;י;נ;ד;ע;מ;ל;(32, 4, 5, 7, 4541)
(32, 4, 5, 46, 4580);ת;ו;ת;פ;ש;א;ו;ק;ב;ח;ע;ל;ו;ת;י;ל;ע;ם;י;נ;(32, 4, 5, 27, 4561)
(32, 4, 6, 20, 4600);ד;ס;ת;א;ט;ח;מ;י;מ;ע;ת;ב;ן;ו;ע;ל;ד;ג;י;ו;(32, 4, 6, 1, 4581)
(32, 4, 6, 40, 4620);ב;ו;ל;ח;א;ל;ו;ע;ג;ר;ו;מ;כ;ה;כ;ו;פ;ה;ה;ם;(32, 4, 6, 21, 4601)
(32, 4, 7, 15, 4640);ח;צ;ג;ל;ש;מ;ה;י;ר;י;ז;נ;ו;כ;ז;ם;י;ד;י;ה;(32, 4, 6, 41, 4621)
(32, 4, 7, 35, 4660);ס;ם;י;נ;י;נ;פ;מ;ם;צ;ע;ו;מ;ד;א;ב;ל;ח;מ;ו;(32, 4, 7, 16, 4641)
(32, 4, 8, 12, 4680);ם;ר;א;ת;ר;ו;ח;ש;מ;ך;ש;ח;ם;ת;ר;ז;ג;ר;י;פ;(32, 4, 7, 36, 4661)
(32, 4, 8, 32, 4700);ע;ם;ר;ו;ע;ד;פ;צ;ת;ו;צ;ו;ח;ב;ו;ר;כ;נ;א;ל;(32, 4, 8, 13, 4681)
(32, 4, 9, 6, 4720);ה;ם;י;ב;ו;ט;ץ;ע;כ;ה;י;ה;ש;ב;י;ם;מ;צ;ע;ל;(32, 4, 8, 33, 4701)
(32, 4, 9, 26, 4740);ם;ה;ש;ב;ע;ר;י;ל;ל;ח;מ;ב;ר;ח;י;ל;ל;ח;ו;י;(32, 4, 9, 7, 4721)
(32, 4, 10, 1, 4760);י;י;ד;ש;ת;ב;ו;נ;ת;מ;ם;י;ר;ק;ד;מ;ו;ב;ז;י;(32, 4, 9, 27, 4741)
(32, 4, 10, 21, 4780);ד;ל;י;ו;ל;ש;ב;ת;ו;י;נ;מ;ח;ר;ם;י;ש;נ;י;ד;(32, 4, 10, 2, 4761)
(32, 4, 10, 41, 4800);ת;ב;ר;ב;ש;ב;ו;מ;ל;ת;ו;ר;ב;ל;ו;י;ה;ן;ה;י;(32, 4, 10, 22, 4781)
(32, 4, 11, 17, 4820);ח;ך;פ;ש;ו;ת;מ;ח;ת;א;ה;ו;ה;י;ה;ל;כ;י;מ;ע;(32, 4, 10, 42, 4801)
(32, 4, 11, 37, 4840);א;ת;ו;ן;ו;י;צ;ב;ש;א;ת;צ;י;ו;ו;פ;א;ן;ו;ר;(32, 4, 11, 18, 4821)
(32, 4, 12, 12, 4860);י;כ;ל;מ;ו;נ;י;מ;א;ה;א;ל;ה;י;ת;ד;ס;י;ל;כ;(32, 4, 11, 38, 4841)
(32, 4, 12, 32, 4880);ר;צ;א;ב;י;י;כ;ל;ב;ת;י;ב;ש;י;ל;כ;ו;ץ;ר;א;(32, 4, 12, 13, 4861)
(32, 4, 13, 4, 4900);א;ט;ח;מ;ם;ל;ש;ו;ר;י;י;ר;ע;ש;ב;ב;י;ו;א;ו;(32, 4, 12, 33, 4881)
(32, 4, 13, 24, 4920);פ;ש;ה;ה;י;נ;ה;כ;ת;נ;ו;ע;ה;י;א;י;ב;נ;ת;ו;(32, 4, 13, 5, 4901)
(32, 4, 14, 4, 4940);ע;ו;ע;נ;ם;י;ק;י;ד;צ;ם;ד;ה;ב;ר;ק;ב;ם;י;כ;(32, 4, 13, 25, 4921)
(32, 4, 14, 24, 4960);ל;ב;ם;ד;ב;ו;ל;א;ג;נ;ת;ו;צ;ו;ח;ב;ם;י;ר;ו;(32, 4, 14, 5, 4941)
(32, 4, 15, 3, 4980);ר;ו;ס;ם;ה;י;ש;ב;ל;ב;ו;ע;ג;י;ו;ל;כ;ו;י;א;(32, 4, 14, 25, 4961)
(32, 4, 15, 23, 5000);א;ו;ר;ו;ס;ו;ר;ו;ס;ו;מ;ל;ו;א;ר;ק;א;מ;ט;ו;(32, 4, 15, 4, 4981)
(32, 4, 15, 43, 5020);ב;ו;ר;מ;א;ו;ע;נ;ם;ג;ו;צ;נ;י;כ;ו;ע;ג;ת;ל;(32, 4, 15, 24, 5001)
(32, 4, 16, 5, 5040);ה;י;י;נ;פ;ר;ו;ג;ל;ו;פ;ס;ו;י;א;ל;ם;י;ו;ג;(32, 4, 15, 44, 5021)
(32, 4, 16, 25, 5060);פ;ם;ט;י;ב;ה;ל;ף;י;ס;ו;י;א;ל;ם;ק;ל;ח;ה;ו;(32, 4, 16, 6, 5041)
(32, 4, 16, 45, 5080);א;ל;ם;י;נ;ק;ז;ו;א;ש;נ;א;ל;ם;י;נ;ה;כ;י;נ;(32, 4, 16, 26, 5061)
(32, 4, 17, 16, 5100);י;נ;י;ע;ה;נ;י;ל;כ;ת;ה;נ;י;ד;ו;ע;ו;נ;נ;ח;(32, 4, 16, 46, 5081)
(32, 4, 17, 36, 5120);ו;נ;ת;י;פ;צ;ב;ל;ב;ה;ו;נ;ת;ר;ז;ע;ל;א;ו;נ;(32, 4, 17, 17, 5101)
(32, 4, 18, 4, 5140);צ;ו;ד;צ;ע;ש;ו;י;א;ל;י;ו;ג;ל;א;ו;נ;י;פ;צ;(32, 4, 17, 37, 5121)
(32, 4, 18, 24, 5160);ב;ר;ק;ו;נ;י;ת;ב;ח;ר;ב;ת;כ;ל;מ;ו;נ;י;ד;ע;(32, 4, 18, 5, 5141)
(32, 4, 18, 44, 5180);נ;צ;ק;א;ב;י;כ;ו;נ;י;מ;י;ו;א;ל;מ;ו;נ;צ;ק;(32, 4, 18, 25, 5161)
(32, 4, 19, 19, 5200);ש;י;ר;ש;נ;מ;ו;נ;י;פ;ד;ר;ו;י;ה;ם;י;ל;ק;ו;(32, 4, 18, 45, 5181)
(32, 4, 19, 39, 5220);ר;ב;ד;מ;ב;ו;נ;ק;ל;ד;ם;י;ר;ה;ה;ל;ע;ם;י;מ;(32, 4, 19, 20, 5201)
(32, 4, 20, 13, 5240);י;ח;י;ש;מ;ו;נ;י;פ;א;ח;ו;ר;ו;נ;ל;ו;ב;ר;א;(32, 4, 19, 40, 5221)
(32, 4, 20, 33, 5260);מ;א;ר;ש;א;ם;ת;ו;ת;י;ח;ש;ב;ד;כ;ל;נ;ה;ו;ה;(32, 4, 20, 14, 5241)
(32, 4, 21, 4, 5280);י;ש;י;ש;ם;י;ו;ג;ב;ה;י;ח;נ;ו;ל;צ;ב;ו;נ;ר;(32, 4, 20, 34, 5261)
(32, 4, 21, 24, 5300);ר;א;ב;י;ת;ב;ש;ו;י;ם;ו;ד;א;ת;ב;י;ח;מ;ש;ו;(32, 4, 21, 5, 5281)
(32, 4, 21, 44, 5320);כ;ש;ת;ס;ו;כ;ר;ב;ע;ת;ך;י;ל;ע;ם;ג;ץ;ו;ע;ץ;(32, 4, 21, 25, 5301)
(32, 4, 22, 12, 5340);ן;ו;י;צ;ת;ב;ך;נ;ו;ע;ם;ת;י;ר;ע;ת;ת;ו;י;ר;(32, 4, 21, 45, 5321)
(32, 4, 22, 32, 5360);נ;ו;ע;ד;ק;פ;ך;ת;ו;ל;ג;ה;ל;ף;י;ס;ו;י;א;ל;(32, 4, 22, 13, 5341)
(32, 5, 1, 2, 5380);כ;ז;ך;י;ת;א;ט;ח;ל;ע;ה;ל;ג;ם;ו;ד;א;ת;ב;ך;(32, 4, 22, 33, 5361)
(32, 5, 1, 22, 5400);א;ר;ו;ט;י;ב;ה;ו;נ;ל;ה;י;ה;ה;מ;ה;ו;ה;י;ר;(32, 5, 1, 3, 5381)
(32, 5, 2, 11, 5420);ה;כ;פ;ה;נ;ו;נ;ת;ל;ח;נ;ו;נ;ת;פ;ר;ח;ת;א;ה;(32, 5, 1, 23, 5401)
(32, 5, 3, 4, 5440);מ;ו;ת;י;ם;י;ר;כ;נ;ל;ו;נ;י;ת;ב;ם;י;ר;ז;ל;(32, 5, 2, 12, 5421)
(32, 5, 3, 24, 5460);א;כ;ו;נ;י;ת;מ;א;ב;א;ן;י;א;ו;נ;י;י;ה;ם;י;(32, 5, 3, 5, 5441)
(32, 5, 4, 15, 5480);ו;נ;י;ת;ש;ף;ס;כ;ב;ו;נ;י;מ;י;מ;ת;ו;נ;מ;ל;(32, 5, 3, 25, 5461)
(32, 5, 5, 6, 5500);ר;א;ו;צ;ל;ע;ו;א;ב;י;ר;י;ח;מ;ב;ו;נ;י;צ;ע;(32, 5, 4, 16, 5481)
(32, 5, 5, 26, 5520);ל;ח;נ;ו;ה;א;ל;ו;נ;ע;ג;י;ו;נ;פ;ד;ר;נ;ו;נ;(32, 5, 5, 7, 5501)
(32, 5, 6, 18, 5540);ב;ש;ל;ר;ו;ש;א;ד;י;ו;נ;ת;נ;ם;י;ר;צ;מ;ו;נ;(32, 5, 5, 27, 5521)
(32, 5, 7, 16, 5560);נ;א;ם;נ;י;א;ו;א;ט;ח;ו;נ;י;ת;ב;א;ם;ח;ל;ע;(32, 5, 6, 19, 5541)
(32, 5, 8, 5, 5580);ם;י;ד;ב;ע;ו;נ;ל;ב;ס;ם;ה;י;ת;נ;ו;ע;ו;נ;ח;(32, 5, 7, 17, 5561)
(32, 5, 9, 3, 5600);פ;נ;ב;ם;ד;י;מ;ן;י;א;ק;ר;פ;ו;נ;ב;ו;ל;ש;מ;(32, 5, 8, 6, 5581)
(32, 5, 9, 23, 5620);ה;ב;ר;ח;י;נ;פ;מ;ו;נ;מ;ח;ל;א;י;ב;נ;ו;נ;ש;(32, 5, 9, 4, 5601)
(32, 5, 10, 16, 5640);מ;ו;ר;מ;כ;נ;ר;ו;נ;ת;כ;ו;נ;ר;ו;ע;ר;ב;ד;מ;(32, 5, 9, 24, 5621)
(32, 5, 11, 8, 5660);ו;י;צ;ב;ם;י;ש;נ;ב;ע;ר;ת;ו;פ;ע;ל;ז;י;נ;פ;(32, 5, 10, 17, 5641)
(32, 5, 12, 3, 5680);י;ר;ש;ה;ד;ו;ה;י;י;ר;ע;ב;ת;ל;ת;ב;ו;נ;ע;ן;(32, 5, 11, 9, 5661)
(32, 5, 12, 23, 5700);נ;א;ל;ם;י;נ;ק;ז;י;נ;פ;ו;ל;ת;נ;ם;ד;י;ב;ם;(32, 5, 12, 4, 5681)
(32, 5, 13, 16, 5720);נ;ו;ו;א;ש;נ;ן;ו;ח;ט;ם;י;ר;ו;ח;ב;ו;ר;ד;ה;(32, 5, 12, 24, 5701)
(32, 5, 14, 9, 5740);ר;ע;ש;מ;ם;י;נ;ק;ז;ו;ל;ש;כ;ץ;ע;ב;ם;י;ר;ע;(32, 5, 13, 17, 5721)
(32, 5, 15, 3, 5760);ת;ב;ש;ם;ת;נ;י;ג;נ;מ;ם;י;ר;ו;ח;ב;ו;ת;ב;ש;(32, 5, 14, 10, 5741)
(32, 5, 15, 23, 5780);נ;ל;ח;מ;ל;ב;א;ל;ך;פ;ה;נ;ו;נ;ב;ל;ש;ו;ש;מ;(32, 5, 15, 4, 5761)
(32, 5, 16, 19, 5800);ל;א;נ;י;ו;א;ו;נ;ש;א;ר;ת;ר;ט;ע;ה;ל;פ;נ;ו;(32, 5, 15, 24, 5781)
(32, 5, 17, 11, 5820);ל;ה;ו;ד;ה;י;ה;ה;ז;ל;ע;ו;נ;א;ט;ח;י;כ;ו;נ;(32, 5, 16, 20, 5801)
(32, 5, 18, 2, 5840);ל;ע;ו;נ;י;נ;י;ע;ו;כ;ש;ח;ה;ל;א;ל;ע;ו;נ;ב;(32, 5, 17, 12, 5821)
(32, 5, 18, 22, 5860);ו;כ;ל;ה;ם;י;ל;ע;ו;ש;ם;מ;ש;ש;ן;ו;י;צ;ר;ה;(32, 5, 18, 3, 5841)
(32, 5, 19, 18, 5880);א;ס;כ;ב;ש;ת;ם;ל;ו;ע;ל;ה;ו;ה;י;ה;ת;א;ו;ב;(32, 5, 18, 23, 5861)
(32, 5, 20, 11, 5900);ח;כ;ש;ת;ח;צ;נ;ל;ה;מ;ל;ר;ו;ד;ו;ר;ו;ד;ל;ך;(32, 5, 19, 19, 5881)
(32, 5, 21, 4, 5920);ב;י;ש;ה;ם;י;מ;י;ך;ר;א;ל;ו;נ;ב;ז;ע;ת;ו;נ;(32, 5, 20, 12, 5901)
(32, 5, 21, 24, 5940);מ;י;ש;ד;ח;ב;ו;ש;נ;ו;ך;י;ל;א;ה;ו;ה;י;ו;נ;(32, 5, 21, 5, 5921)
(32, 5, 22, 13, 5960);ו;נ;ת;ס;א;מ;ס;א;מ;ם;א;י;כ;ם;ד;ק;כ;ו;נ;י;(32, 5, 21, 25, 5941)
(32, 5, 22, 27, 5974); ; ; ; ; ; ;ד;א;מ;ד;ע;ו;נ;י;ל;ע;ת;פ;צ;ק;(32, 5, 22, 14, 5961)
