(20, 1, 1, 20, 20);ה;ה;כ;י;מ;ל;א;ה;י;ה;ר;ש;א;ה;ו;ה;י;ר;ב;ד;(20, 1, 1, 1, 1)
(20, 1, 1, 40, 40);ק;ז;ח;י;ז;ח;א;ם;ת;ו;י;י;מ;י;ב;י;ת;ש;ר;מ;(20, 1, 1, 21, 21)
(20, 1, 1, 60, 60);ש;ל;ע;ה;ז;ח;ר;ש;א;ה;ד;ו;ה;י;י;כ;ל;מ;ה;י;(20, 1, 1, 41, 41)
(20, 1, 2, 9, 80);כ;ם;י;מ;ע;ו;ע;מ;ש;ם;ל;ש;ו;ר;י;ו;ן;ו;ר;מ;(20, 1, 1, 61, 61)
(20, 1, 2, 29, 100);י;ה;י;ו;ה;א;ל;מ;ו;ץ;ר;א;י;ב;י;ש;ק;ה;ם;ל;(20, 1, 2, 10, 81)
(20, 1, 2, 49, 120);ה;מ;י;נ;ד;א;ד;ע;ל;ם;כ;ב;ה;ו;ה;י;י;נ;ד;א;(20, 1, 2, 30, 101)
(20, 1, 3, 13, 140);מ;א;צ;י;ה;ו;ה;י;ה;נ;ה;י;כ;ו;ש;ד;ק;ל;כ;י;(20, 1, 2, 50, 121)
(20, 1, 3, 33, 160);י;ת;ו;מ;ב;ל;ע;ך;ר;ד;ו;ד;ר;י;ו;ו;מ;ו;ק;מ;(20, 1, 3, 14, 141)
(20, 1, 4, 17, 180);ה;ו;ו;י;ת;ח;ת;ם;י;ר;ה;ה;ו;ס;מ;נ;ו;ץ;ר;א;(20, 1, 3, 34, 161)
(20, 1, 4, 37, 200);י;נ;פ;מ;ג;נ;ו;ד;כ;ו;ע;ק;ב;ת;י;ם;י;ק;מ;ע;(20, 1, 4, 18, 181)
(20, 1, 5, 3, 220);ש;פ;ב;ד;ר;ו;מ;ב;ם;י;ר;ג;מ;ם;י;מ;כ;ש;א;ה;(20, 1, 4, 38, 201)
(20, 1, 5, 23, 240);ת;י;ב;ת;ו;א;ט;ח;ב;ו;ת;א;ז;ל;כ;ב;ק;ע;י;ע;(20, 1, 5, 4, 221)
(20, 1, 5, 43, 260);מ;ש;א;ו;ל;ה;ב;ק;ע;י;ע;ש;פ;י;מ;ל;א;ר;ש;י;(20, 1, 5, 24, 241)
(20, 1, 5, 63, 280);י;א;ו;ל;ה;ה;ד;ו;ה;י;ת;ו;מ;ב;י;מ;ו;ן;ו;ר;(20, 1, 5, 44, 261)
(20, 1, 6, 15, 300);ש;ה;י;ע;ל;ן;ו;ר;מ;ש;י;ת;מ;ש;ו;ם;ל;ש;ו;ר;(20, 1, 5, 64, 281)
(20, 1, 6, 35, 320);א;י;ג;ל;י;ת;ר;ג;ה;ו;ם;ר;כ;י;ע;ט;מ;ל;ה;ד;(20, 1, 6, 16, 301)
(20, 1, 7, 6, 340);י;ס;פ;ל;כ;ו;ה;ל;ג;א;ה;י;ד;ס;י;ו;ה;י;נ;ב;(20, 1, 6, 36, 321)
(20, 1, 7, 26, 360);פ;ר;ש;י;ה;י;נ;נ;ת;א;ל;כ;ו;ו;ת;כ;י;ה;י;ל;(20, 1, 7, 7, 341)
(20, 1, 7, 46, 380);ה;מ;מ;ש;ם;י;ש;א;ה;י;ב;צ;ע;ל;כ;ו;ש;א;ב;ו;(20, 1, 7, 27, 361)
(20, 1, 7, 66, 400);ת;א;ד;ע;ו;ה;צ;ב;ק;ה;נ;ו;ז;ן;נ;ת;א;מ;י;כ;(20, 1, 7, 47, 381)
(20, 1, 8, 9, 420);ד;פ;ס;א;ת;א;ז;ל;ע;ו;ב;ו;ש;י;ה;נ;ו;ז;ן;נ;(20, 1, 7, 67, 401)
(20, 1, 8, 29, 440);ר;ע;ו;ל;ל;י;ש;ה;כ;ל;י;א;ה;ל;י;ל;י;א;ו;ה;(20, 1, 8, 10, 421)
(20, 1, 8, 49, 460);כ;ל;ב;א;ו;ם;י;נ;ת;כ;ד;פ;ס;מ;ה;ש;ע;א;ם;ו;(20, 1, 8, 30, 441)
(20, 1, 9, 12, 480);י;ת;ו;כ;מ;ה;ש;ו;נ;א;י;כ;ה;נ;ע;י;ת;ו;נ;ב;(20, 1, 8, 50, 461)
(20, 1, 9, 32, 500);ע;ש;ד;ע;ע;ג;נ;ה;ד;ו;ה;י;ד;ע;ה;א;ב;י;כ;ה;(20, 1, 9, 13, 481)
(20, 1, 10, 8, 520);י;ג;ת;ל;א;ת;ג;ב;ם;ל;ש;ו;ר;י;ד;ע;י;מ;ע;ר;(20, 1, 9, 33, 501)
(20, 1, 10, 28, 540);ה;ר;פ;ע;ל;ת;י;ב;ב;ו;כ;ב;ת;ל;א;ו;כ;ב;ו;ד;(20, 1, 10, 9, 521)
(20, 1, 11, 10, 560);ש;ו;י;ם;כ;ל;י;ר;ב;ע;י;ת;ש;ל;פ;ת;ה;ר;פ;ע;(20, 1, 10, 29, 541)
(20, 1, 11, 30, 580);י;ה;א;צ;י;א;ל;ת;ש;ב;ה;י;ר;ע;ר;י;פ;ש;ת;ב;(20, 1, 11, 11, 561)
(20, 1, 11, 50, 600);י;ל;צ;א;ה;ת;י;ב;ד;פ;ס;מ;ן;נ;א;צ;ת;ב;ש;ו;(20, 1, 11, 31, 581)
(20, 1, 12, 10, 620);י;ב;ו;ט;ל;ה;ל;ח;י;כ;ו;ת;ד;מ;ע;ם;כ;מ;ח;ק;(20, 1, 11, 51, 601)
(20, 1, 12, 30, 640);ה;י;ת;א;מ;ע;ר;ד;ר;י;י;כ;ת;ו;ר;מ;ת;ב;ש;ו;(20, 1, 12, 11, 621)
(20, 1, 13, 8, 660);ב;כ;ר;מ;ה;ם;ת;ר;ם;ל;ש;ו;ר;י;ר;ע;ש;ל;ה;ו;(20, 1, 12, 31, 641)
(20, 1, 13, 28, 680);ח;ת;י;ש;א;ר;ש;י;כ;ל;ת;ב;ש;ו;י;ש;כ;ר;ל;ה;(20, 1, 13, 9, 661)
(20, 1, 13, 48, 700);צ;מ;נ;ך;ב;י;כ;ן;ו;י;צ;ת;ב;ל;א;י;ה;ת;א;ט;(20, 1, 13, 29, 681)
(20, 1, 14, 9, 720);ל;ש;י;נ;ת;ת;ן;כ;ל;ל;א;ר;ש;י;י;ע;ש;פ;ו;א;(20, 1, 13, 49, 701)
(20, 1, 14, 29, 740);י;ז;כ;א;י;ת;ב;ת;ג;ת;ש;ר;ו;מ;ל;ע;ם;י;ח;ו;(20, 1, 14, 10, 721)
(20, 1, 15, 4, 760);י;ה;ד;ע;ל;א;ר;ש;י;י;כ;ל;מ;ל;ב;ז;כ;א;ל;ב;(20, 1, 14, 30, 741)
(20, 1, 15, 24, 780);ד;ע;ד;ע;ה;ש;ר;מ;ת;ב;ש;ו;י;ך;ל;י;ב;א;ש;ר;(20, 1, 15, 5, 761)
(20, 1, 16, 5, 800);ו;י;ח;ר;ק;ל;א;ר;ש;י;ד;ו;ב;כ;א;ו;ב;י;ם;ל;(20, 1, 15, 25, 781)
(20, 1, 16, 25, 820);י;ב;ח;ר;ה;ך;י;ג;ו;נ;ע;ת;י;נ;ב;ל;ע;י;ז;ג;(20, 1, 16, 6, 801)
(20, 2, 1, 3, 840);י;ו;ה;ך;מ;מ;ו;ל;ג;י;כ;ר;ש;נ;כ;ך;ת;ח;ר;ק;(20, 1, 16, 26, 821)
(20, 2, 1, 23, 860);ב;כ;ש;מ;ל;ע;ע;ר;י;ל;ע;פ;ו;ן;ו;א;י;ב;ש;ח;(20, 2, 1, 4, 841)
(20, 2, 1, 43, 880);ש;י;י;כ;ה;ו;ש;ע;י;ר;ק;ב;ה;ר;ו;א;ב;ם;ת;ו;(20, 2, 1, 24, 861)
(20, 2, 2, 14, 900);ו;ל;ז;ג;ו;ת;ו;ד;ש;ו;ד;מ;ח;ו;ם;ד;י;ל;א;ל;(20, 2, 1, 44, 881)
(20, 2, 2, 34, 920);ב;ו;ר;ב;ג;ו;ק;ש;ע;ו;ו;א;ש;נ;ו;ם;י;ת;ב;ו;(20, 2, 2, 15, 901)
(20, 2, 3, 7, 940);מ;א;ה;כ;ן;כ;ל;ו;ת;ל;ח;נ;ו;ש;י;א;ו;ו;ת;י;(20, 2, 2, 35, 921)
(20, 2, 3, 27, 960);ה;ח;פ;ש;מ;ה;ל;ע;ב;ש;ח;י;נ;נ;ה;ה;ו;ה;י;ר;(20, 2, 3, 8, 941)
(20, 2, 3, 47, 980);ם;ש;מ;ו;ש;י;מ;ת;א;ל;ר;ש;א;ה;ע;ר;ת;א;ז;ה;(20, 2, 3, 28, 961)
(20, 2, 3, 67, 1000);כ;ה;מ;ו;ר;ו;כ;ל;ת;א;ל;ו;ם;כ;י;ת;ר;א;ו;צ;(20, 2, 3, 48, 981)
(20, 2, 4, 11, 1020);א;ש;י;א;ו;ה;ה;ם;ו;י;ב;א;י;ה;ה;ע;ר;ת;ע;י;(20, 2, 3, 68, 1001)
(20, 2, 4, 31, 1040);א;ה;י;ה;נ;י;ה;נ;ה;ה;נ;ו;ל;ש;מ;ם;כ;י;ל;ע;(20, 2, 4, 12, 1021)
(20, 2, 4, 51, 1060);י;מ;י;י;מ;ע;ק;ל;ח;ו;נ;ד;ש;נ;ד;ו;ד;ש;ר;מ;(20, 2, 4, 32, 1041)
(20, 2, 4, 71, 1080);ו;נ;י;ד;ש;ב;ב;ו;ש;ל;י;ל;ש;י;מ;י;ך;י;א;ר;(20, 2, 4, 52, 1061)
(20, 2, 5, 16, 1100);ך;י;ל;ש;מ;ך;ל;ה;י;ה;י;א;ל;ן;כ;ל;ק;ל;ח;י;(20, 2, 4, 72, 1081)
(20, 2, 6, 4, 1120);ט;ת;ל;א;ה;ו;ה;י;ל;ה;ק;ב;ל;ר;ו;ג;ב;ל;ב;ח;(20, 2, 5, 17, 1101)
(20, 2, 6, 24, 1140);א;ל;ה;ל;א;ל;ו;פ;ט;י;א;ל;ן;ו;פ;י;ט;י;ו;פ;(20, 2, 6, 5, 1121)
(20, 2, 7, 12, 1160);ב;ק;ע;י;ת;י;ב;ר;ו;מ;א;ה;ת;ו;מ;ל;כ;ג;ס;י;(20, 2, 6, 25, 1141)
(20, 2, 7, 32, 1180);ל;ל;ע;מ;ה;ל;א;ם;א;ה;ו;ה;י;ח;ו;ר;ר;צ;ק;ה;(20, 2, 7, 13, 1161)
(20, 2, 7, 52, 1200);י;ה;ם;ע;ו;ב;י;ט;י;י;י;ר;ב;ד;א;ו;ל;ה;ו;י;(20, 2, 7, 33, 1181)
(20, 2, 8, 15, 1220);י;ב;י;ו;א;ל;י;מ;ע;ל;ו;מ;ת;א;ו;ך;ל;ה;ר;ש;(20, 2, 7, 53, 1201)
(20, 2, 8, 35, 1240);ו;ט;ש;פ;ת;ר;ד;א;ה;מ;ל;ש;ל;ו;מ;מ;ם;מ;ו;ק;(20, 2, 8, 16, 1221)
(20, 2, 9, 1, 1260);נ;ה;מ;ח;ל;מ;י;ב;ו;ש;ח;ט;ב;ם;י;ר;ב;ע;מ;ן;(20, 2, 8, 36, 1241)
(20, 2, 9, 21, 1280);י;ג;נ;ע;ת;ת;י;ב;מ;ן;ו;ש;ר;ג;ת;י;מ;ע;י;ש;(20, 2, 9, 2, 1261)
(20, 2, 9, 41, 1300);ו;ע;ל;י;ר;ד;ה;ו;ח;ק;ת;ה;י;ל;ל;ע;ל;ע;מ;ה;(20, 2, 9, 22, 1281)
(20, 2, 10, 18, 1320);נ;מ;ה;ת;א;ז;א;ל;י;כ;ו;כ;ל;ו;ו;מ;ו;ק;ם;ל;(20, 2, 9, 42, 1301)
(20, 2, 10, 38, 1340);ל;ב;ח;ו;ל;ב;ח;ת;ה;א;מ;ט;ר;ו;ב;ע;ב;ה;ח;ו;(20, 2, 10, 19, 1321)
(20, 2, 11, 16, 1360);כ;ר;ק;ש;ו;ח;ו;ר;ך;ל;ה;ש;י;א;ו;ל;ץ;ר;מ;נ;(20, 2, 10, 39, 1341)
(20, 2, 11, 36, 1380);ה;י;ה;ו;ר;כ;ש;ל;ו;ן;י;י;ל;ך;ל;ף;ט;א;ב;ז;(20, 2, 11, 17, 1361)
(20, 2, 12, 10, 1400);ק;ע;י;ף;ס;א;א;ף;ס;א;ה;ז;ה;ם;ע;ה;ף;י;ט;מ;(20, 2, 11, 37, 1381)
(20, 2, 12, 30, 1420);א;ר;ש;י;ת;י;ר;א;ש;ץ;ב;ק;א;ץ;ב;ק;ך;ל;כ;ב;(20, 2, 12, 11, 1401)
(20, 2, 12, 50, 1440);ע;כ;ה;ר;צ;ב;ן;א;צ;כ;ו;נ;מ;י;ש;א;ד;ח;י;ל;(20, 2, 12, 31, 1421)
(20, 2, 12, 70, 1460);ד;א;מ;ה;נ;מ;י;ה;ת;ו;ר;ב;ד;ה;ך;ו;ת;ב;ר;ד;(20, 2, 12, 51, 1441)
(20, 2, 13, 19, 1480);י;ו;ו;צ;ר;פ;ם;ה;י;נ;פ;ל;ץ;ר;פ;ה;ה;ל;ע;ם;(20, 2, 12, 71, 1461)
(20, 2, 13, 39, 1500);מ;ר;ב;ע;י;ו;ו;ב;ו;א;צ;י;ו;ר;ע;ש;ו;ר;ב;ע;(20, 2, 13, 20, 1481)
(20, 3, 1, 1, 1520);ו;ם;ש;א;ר;ב;ה;ו;ה;י;ו;ם;ה;י;נ;פ;ל;ם;כ;ל;(20, 2, 13, 40, 1501)
(20, 3, 1, 21, 1540);צ;ק;ו;ב;ק;ע;י;י;ש;א;ר;א;נ;ו;ע;מ;ש;ר;מ;א;(20, 3, 1, 2, 1521)
(20, 3, 1, 41, 1560);ד;ל;ם;כ;ל;א;ו;ל;ה;ל;א;ר;ש;י;ת;י;ב;י;נ;י;(20, 3, 1, 22, 1541)
(20, 3, 2, 11, 1580);ב;ה;א;ו;ב;ו;ט;י;א;נ;ש;ט;פ;ש;מ;ה;ת;א;ת;ע;(20, 3, 1, 42, 1561)
(20, 3, 2, 31, 1600);ש;ו;ם;ה;י;ל;ע;מ;ם;ר;ו;ע;י;ל;ז;ג;ה;ע;ר;י;(20, 3, 2, 12, 1581)
(20, 3, 3, 8, 1620);ו;ל;כ;א;ר;ש;א;ו;ם;ת;ו;מ;צ;ע;ל;ע;מ;ם;ר;א;(20, 3, 2, 32, 1601)
(20, 3, 3, 28, 1640);ש;פ;ה;ם;ה;י;ל;ע;מ;ם;ר;ו;ע;ו;י;מ;ע;ר;א;ש;(20, 3, 3, 9, 1621)
(20, 3, 3, 48, 1660);ר;פ;ו;ו;ח;צ;פ;ם;ה;י;ת;מ;צ;ע;ת;א;ו;ו;ט;י;(20, 3, 3, 29, 1641)
(20, 3, 3, 68, 1680);ק;ך;ו;ת;ב;ר;ש;ב;כ;ו;ר;י;ס;ב;ר;ש;א;כ;ו;ש;(20, 3, 3, 49, 1661)
(20, 3, 4, 17, 1700);י;א;ל;ו;ה;ו;ה;י;ל;א;ו;ק;ע;ז;י;ז;א;ת;ח;ל;(20, 3, 3, 69, 1681)
(20, 3, 4, 37, 1720);ב;ם;ה;מ;ו;י;נ;פ;ר;ת;ס;י;ו;ם;ת;ו;א;ה;נ;ע;(20, 3, 4, 18, 1701)
(20, 3, 4, 57, 1740);ה;י;ל;ל;ע;מ;ו;ע;ר;ה;ר;ש;א;כ;א;י;ה;ה;ת;ע;(20, 3, 4, 38, 1721)
(20, 3, 5, 19, 1760);ה;ם;י;א;י;ב;נ;ה;ל;ע;ה;ו;ה;י;ר;מ;א;ה;כ;ם;(20, 3, 4, 58, 1741)
(20, 3, 5, 39, 1780);י;נ;ש;ב;ם;י;כ;ש;נ;ה;י;מ;ע;ת;א;ם;י;ע;ת;מ;(20, 3, 5, 20, 1761)
(20, 3, 5, 59, 1800);ן;ת;י;א;ל;ר;ש;א;ו;ם;ו;ל;ש;ו;א;ר;ק;ו;ם;ה;(20, 3, 5, 40, 1781)
(20, 3, 5, 79, 1820);ה;מ;ח;ל;מ;ו;י;ל;ע;ו;ש;ד;ק;ו;ם;ה;י;פ;ל;ע;(20, 3, 5, 60, 1801)
(20, 3, 6, 20, 1840);ה;כ;ש;ח;ו;ן;ו;ז;ח;מ;ם;כ;ל;ה;ל;י;ל;ן;כ;ל;(20, 3, 6, 1, 1821)
(20, 3, 6, 40, 1860);ב;נ;ה;ל;ע;ש;מ;ש;ה;ה;א;ב;ו;ם;ס;ק;מ;ם;כ;ל;(20, 3, 6, 21, 1841)
(20, 3, 7, 3, 1880);ש;ב;ו;ם;ו;י;ה;ם;ה;י;ל;ע;ר;ד;ק;ו;ם;י;א;י;(20, 3, 6, 41, 1861)
(20, 3, 7, 23, 1900);ט;ע;ו;ם;י;מ;ס;ק;ה;ו;ר;פ;ח;ו;ם;י;ז;ח;ה;ו;(20, 3, 7, 4, 1881)
(20, 3, 7, 43, 1920);ל;א;ה;נ;ע;מ;ן;י;א;י;כ;ם;ל;כ;ם;פ;ש;ל;ע;ו;(20, 3, 7, 24, 1901)
(20, 3, 8, 17, 1940);א;ח;כ;י;ת;א;ל;מ;י;כ;נ;א;ם;ל;ו;א;ו;ם;י;ה;(20, 3, 7, 44, 1921)
(20, 3, 8, 37, 1960);ל;ה;ר;ו;ב;ג;ו;ט;פ;ש;מ;ו;ה;ו;ה;י;ח;ו;ר;ת;(20, 3, 8, 18, 1941)
(20, 3, 8, 57, 1980);ל;א;ר;ש;י;ל;ו;ו;ע;ש;פ;ב;ק;ע;י;ל;ד;י;ג;ה;(20, 3, 8, 38, 1961)
(20, 3, 9, 15, 2000);י;ב;י;ש;א;ר;ת;א;ז;א;נ;ו;ע;מ;ש;ו;ת;א;ט;ח;(20, 3, 8, 58, 1981)
(20, 3, 9, 35, 2020);ה;ל;א;ר;ש;י;ת;י;ב;י;נ;י;צ;ק;ו;ב;ק;ע;י;ת;(20, 3, 9, 16, 2001)
(20, 3, 9, 55, 2040);ה;ר;ש;י;ה;ל;כ;ת;א;ו;ט;פ;ש;מ;ם;י;ב;ע;ת;מ;(20, 3, 9, 36, 2021)
(20, 3, 10, 15, 2060);ר;י;ו;ם;י;מ;ד;ב;ן;ו;י;צ;ה;נ;ב;ו;ש;ק;ע;י;(20, 3, 9, 56, 2041)
(20, 3, 11, 11, 2080);ש;י;ד;ח;ש;ב;ה;י;ש;א;ר;ה;ל;ו;ע;ב;ם;ל;ש;ו;(20, 3, 10, 16, 2061)
(20, 3, 11, 31, 2100);נ;ו;ו;ר;ו;י;ר;י;ח;מ;ב;ה;י;נ;ה;כ;ו;ו;ט;פ;(20, 3, 11, 12, 2081)
(20, 3, 11, 51, 2120);ו;ה;י;ל;ע;ו;ו;מ;ס;ק;י;ף;ס;כ;ב;ה;י;א;י;ב;(20, 3, 11, 32, 2101)
(20, 3, 11, 71, 2140);ק;ב;ה;ו;ה;י;א;ו;ל;ה;ר;מ;א;ל;ו;נ;ע;ש;י;ה;(20, 3, 11, 52, 2121)
(20, 3, 12, 2, 2160);כ;ל;ה;ע;ר;ו;נ;י;ל;ע;א;ו;ב;ת;א;ל;ו;נ;ב;ר;(20, 3, 11, 72, 2141)
(20, 3, 12, 22, 2180);י;ו;ש;ר;ח;ת;ה;ד;ש;ן;ו;י;צ;ם;כ;ל;ל;ג;ב;ן;(20, 3, 12, 3, 2161)
(20, 3, 12, 42, 2200);ת;י;ב;ה;ר;ה;ו;ה;י;ה;ת;ן;י;י;ע;ם;ל;ש;ו;ר;(20, 3, 12, 23, 2181)
(20, 4, 1, 12, 2220);י;ה;ת;י;ר;ח;א;ב;ה;י;ה;ו;ר;ע;י;ת;ו;מ;ב;ל;(20, 3, 12, 43, 2201)
(20, 4, 1, 32, 2240);ן;ו;כ;נ;ה;ו;ה;י;ת;י;ב;ר;ה;ה;י;ה;י;ם;י;מ;(20, 4, 1, 13, 2221)
(20, 4, 1, 52, 2260);ע;ב;ג;מ;א;ו;ה;א;ש;נ;ו;ם;י;ר;ה;ה;ש;א;ר;ב;(20, 4, 1, 33, 2241)
(20, 4, 2, 5, 2280);ו;כ;ל;ה;ו;ם;י;מ;ע;ו;י;ל;ע;ו;ר;ה;נ;ו;ת;ו;(20, 4, 1, 53, 2261)
(20, 4, 2, 25, 2300);ל;ע;נ;ו;ו;כ;ל;ו;ר;מ;א;ו;ם;י;ב;ר;ם;י;ו;ג;(20, 4, 2, 6, 2281)
(20, 4, 2, 45, 2320);י;י;ה;ל;א;ת;י;ב;ל;א;ו;ה;ו;ה;י;ר;ה;ל;א;ה;(20, 4, 2, 26, 2301)
(20, 4, 2, 65, 2340);ה;כ;ל;נ;ו;ו;י;כ;ר;ד;מ;ו;נ;ר;ו;י;ו;ב;ק;ע;(20, 4, 2, 46, 2321)
(20, 4, 2, 85, 2360);ר;ו;ת;א;צ;ת;ן;ו;י;צ;מ;י;כ;ו;י;ת;ח;ר;א;ב;(20, 4, 2, 66, 2341)
(20, 4, 3, 4, 2380);ט;פ;ש;ו;ם;ל;ש;ו;ר;י;מ;ה;ו;ה;י;ר;ב;ד;ו;ה;(20, 4, 2, 86, 2361)
(20, 4, 3, 24, 2400);ו;ג;ל;ח;י;כ;ו;ה;ו;ם;י;ב;ר;ם;י;מ;ע;ן;י;ב;(20, 4, 3, 5, 2381)
(20, 4, 3, 44, 2420);ר;ח;ו;ת;ת;כ;ו;ק;ו;ח;ר;ד;ע;ם;י;מ;צ;ע;ם;י;(20, 4, 3, 25, 2401)
(20, 4, 3, 64, 2440);ל;ם;ה;י;ת;ת;י;נ;ח;ו;ם;י;ת;א;ל;ם;ה;י;ת;ב;(20, 4, 3, 45, 2421)
(20, 4, 3, 84, 2460);י;ו;ג;ל;א;י;ו;ג;ו;א;ש;י;א;ל;ת;ו;ר;מ;ז;מ;(20, 4, 3, 65, 2441)
(20, 4, 3, 104, 2480);ה;מ;ח;ל;מ;ד;ו;ע;ן;ו;ד;מ;ל;י;א;ל;ו;ב;ר;ח;(20, 4, 3, 85, 2461)
(20, 4, 4, 20, 2500);ת;ת;ח;ת;ו;ו;נ;פ;ג;ת;ח;ת;ש;י;א;ו;ב;ש;י;ו;(20, 4, 4, 1, 2481)
(20, 4, 4, 40, 2520);ו;ה;י;י;פ;י;כ;ד;י;ר;ח;מ;ן;י;א;ו;ו;ת;נ;א;(20, 4, 4, 21, 2501)
(20, 4, 5, 11, 2540);ל;י;ם;י;מ;ע;ה;ל;כ;י;כ;ר;ב;ד;ת;ו;א;ב;צ;ה;(20, 4, 4, 41, 2521)
(20, 4, 5, 31, 2560);נ;ו;נ;ח;נ;א;ו;ו;י;ה;ל;א;ם;ש;ב;ש;י;א;ו;כ;(20, 4, 5, 12, 2541)
(20, 4, 5, 51, 2580);ם;ל;ו;ע;ל;ו;נ;י;ה;ל;א;ה;ו;ה;י;ם;ש;ב;ך;ל;(20, 4, 5, 32, 2561)
(20, 4, 6, 17, 2600);ס;א;ה;ו;ה;י;ם;א;נ;א;ו;ה;ה;ם;ו;י;ב;ד;ע;ו;(20, 4, 5, 52, 2581)
(20, 4, 6, 37, 2620);א;ו;ה;צ;ב;ק;א;ה;ח;ד;נ;ה;ו;ה;ע;ל;צ;ה;ה;פ;(20, 4, 6, 18, 2601)
(20, 4, 7, 13, 2640);ל;ה;ע;ל;צ;ה;ת;א;י;ת;מ;ש;ו;י;ת;ע;ר;ה;ר;ש;(20, 4, 6, 38, 2621)
(20, 4, 7, 33, 2660);ם;ו;צ;ע;י;ו;ג;ל;ה;א;ל;ה;נ;ה;ו;ת;י;ר;א;ש;(20, 4, 7, 14, 2641)
(20, 4, 7, 53, 2680);ן;ו;י;צ;ר;ה;ב;ם;ה;י;ל;ע;ה;ו;ה;י;ך;ל;מ;ו;(20, 4, 7, 34, 2661)
(20, 4, 8, 9, 2700);ע;ל;ד;ג;מ;ה;ת;א;ו;ם;ל;ו;ע;ד;ע;ו;ה;ת;ע;מ;(20, 4, 7, 54, 2681)
(20, 4, 8, 29, 2720);ו;ה;ת;א;ת;ך;י;ד;ע;ן;ו;י;צ;ת;ב;ל;פ;ע;ר;ד;(20, 4, 8, 10, 2701)
(20, 4, 8, 49, 2740);ת;כ;ל;מ;מ;ה;נ;ש;א;ר;ה;ה;ל;ש;מ;מ;ה;ה;א;ב;(20, 4, 8, 30, 2721)
(20, 4, 9, 11, 2760);י;ע;י;ר;ת;ה;מ;ל;ה;ת;ע;ם;ל;ש;ו;ר;י;ת;ב;ל;(20, 4, 8, 50, 2741)
(20, 4, 9, 31, 2780);ב;א;ך;צ;ע;ו;י;ם;א;ך;ב;ן;י;א;ך;ל;מ;ה;ע;ר;(20, 4, 9, 12, 2761)
(20, 4, 10, 2, 2800);ו;ח;ה;ד;ל;ו;י;כ;ל;י;ח;ך;ק;י;ז;ח;ה;י;כ;ד;(20, 4, 9, 32, 2781)
(20, 4, 10, 22, 2820);י;כ;ה;ד;ל;ו;י;כ;ן;ו;י;צ;ת;ב;י;ח;ג;ו;י;ל;(20, 4, 10, 3, 2801)
(20, 4, 10, 42, 2840);ד;ש;ב;ת;נ;כ;ש;ו;ה;י;ר;ק;מ;י;א;צ;ת;ה;ת;ע;(20, 4, 10, 23, 2821)
(20, 4, 10, 62, 2860);י;ם;ש;י;ל;צ;נ;ת;ם;ש;ל;ב;ב;ד;ע;ת;א;ב;ו;ה;(20, 4, 10, 43, 2841)
(20, 4, 11, 4, 2880);ה;ת;ע;ו;ך;י;ב;י;א;ף;כ;מ;ה;ו;ה;י;ך;ל;א;ג;(20, 4, 10, 63, 2861)
(20, 4, 11, 24, 2900);מ;א;ה;ם;י;ב;ר;ם;י;ו;ג;ך;י;ל;ע;ו;פ;ס;א;נ;(20, 4, 11, 5, 2881)
(20, 4, 11, 44, 2920);י;נ;י;ע;ן;ו;י;צ;ב;ז;ח;ת;ו;ף;נ;ח;ת;ם;י;ר;(20, 4, 11, 25, 2901)
(20, 4, 12, 18, 2940);ה;י;ת;ו;ב;ש;ח;מ;ו;ע;ד;י;א;ל;ה;מ;ה;ו;ו;נ;(20, 4, 11, 45, 2921)
(20, 4, 12, 38, 2960);ם;צ;ב;ק;י;כ;ו;ת;צ;ע;ו;נ;י;ב;ה;א;ל;ו;ה;ו;(20, 4, 12, 19, 2941)
(20, 4, 13, 11, 2980);ת;ב;י;ש;ו;ד;ו;י;מ;ו;ק;ה;נ;ר;ג;ר;י;מ;ע;כ;(20, 4, 12, 39, 2961)
(20, 4, 13, 31, 3000);פ;ו;ל;ז;ר;ב;ם;י;ש;א;ך;נ;ר;ק;י;כ;ן;ו;י;צ;(20, 4, 13, 12, 2981)
(20, 4, 13, 51, 3020);ת;ו;ק;ד;ה;ו;ה;ש;ו;ח;נ;ם;י;ש;א;ך;י;ת;ס;ר;(20, 4, 13, 32, 3001)
(20, 4, 13, 71, 3040);ה;ו;ה;י;ל;י;ת;מ;ר;ח;ה;ו;ם;י;ב;ר;ם;י;מ;ע;(20, 4, 13, 52, 3021)
(20, 4, 13, 91, 3060);ץ;ר;א;ה;ל;כ;ן;ו;ד;א;ל;ם;ל;י;ח;ו;ם;ע;צ;ב;(20, 4, 13, 72, 3041)
(20, 4, 14, 20, 3080);ש;ר;ו;צ;מ;ד;ו;ד;ג;ת;ב;י;ד;ד;ג;ת;ת;ה;ת;ע;(20, 4, 14, 1, 3061)
(20, 4, 14, 40, 3100);א;י;ח;ל;ה;ל;ע;ו;כ;י;ט;ב;ש;ב;ו;נ;י;ל;ע;ם;(20, 4, 14, 21, 3081)
(20, 5, 1, 11, 3120);א;ם;ח;ל;ת;י;ב;ה;ת;א;ו;ל;א;ר;ש;י;ט;פ;ש;ת;(20, 4, 14, 41, 3101)
(20, 5, 1, 31, 3140);ה;י;י;פ;ל;א;ב;ת;ו;י;ה;ל;ר;י;ע;צ;ה;ת;ר;פ;(20, 5, 1, 12, 3121)
(20, 5, 1, 51, 3160);ל;ש;ו;מ;ת;ו;י;ה;ל;א;צ;י;י;ל;ך;מ;מ;ה;ד;ו;(20, 5, 1, 32, 3141)
(20, 5, 1, 71, 3180);י;מ;ם;ד;ק;מ;ו;י;ת;א;צ;ו;מ;ו;ל;א;ר;ש;י;ב;(20, 5, 1, 52, 3161)
(20, 5, 2, 14, 3200);ל;ו;י;ת;ע;ד;ע;ם;נ;ת;י;ן;כ;ל;ם;ל;ו;ע;י;מ;(20, 5, 1, 72, 3181)
(20, 5, 2, 34, 3220);ן;ו;ב;ו;ש;י;ו;י;ח;א;ר;ת;י;ו;ה;ד;ל;י;ה;ד;(20, 5, 2, 15, 3201)
(20, 5, 3, 10, 3240);ע;ב;ה;ע;ר;ו;ד;מ;ע;ו;ל;א;ר;ש;י;י;נ;ב;ל;ע;(20, 5, 2, 35, 3221)
(20, 5, 3, 30, 3260);י;ה;ל;א;ה;ו;ה;י;ם;ש;ן;ו;א;ג;ב;ה;ו;ה;י;ז;(20, 5, 3, 11, 3241)
(20, 5, 3, 50, 3280);ס;פ;א;ד;ע;ל;ד;ג;י;ה;ת;ע;י;כ;ו;ב;ש;י;ו;ו;(20, 5, 3, 31, 3261)
(20, 5, 4, 16, 3300);י;כ;ר;ו;ש;א;ם;ו;ל;ש;ה;ז;ה;י;ה;ו;ץ;ר;א;י;(20, 5, 3, 51, 3281)
(20, 5, 4, 36, 3320);ר;א;ב;ך;ר;ד;י;י;כ;ו;ו;נ;צ;ר;א;ב;א;ו;ב;י;(20, 5, 4, 17, 3301)
(20, 5, 4, 56, 3340);ע;ב;ש;ו;י;ל;ע;ו;נ;מ;ק;ה;ו;ו;נ;י;ת;ו;נ;מ;(20, 5, 4, 37, 3321)
(20, 5, 5, 2, 3360);ר;ו;ם;ד;א;י;כ;י;ס;נ;ה;נ;מ;ש;ו;ם;י;ע;ר;ה;(20, 5, 4, 57, 3341)
(20, 5, 5, 22, 3380);ר;א;ת;א;ו;ב;ר;ח;ב;ר;ו;ש;א;ץ;ר;א;ת;א;ו;ע;(20, 5, 5, 3, 3361)
(20, 5, 5, 42, 3400);ו;ש;א;מ;ל;י;צ;ה;ו;ה;י;ח;ת;פ;ב;ד;ר;מ;נ;ץ;(20, 5, 5, 23, 3381)
(20, 5, 5, 62, 3420);ך;ר;ד;י;י;כ;ו;ו;נ;צ;ר;א;ב;א;ו;ב;י;י;כ;ר;(20, 5, 5, 43, 3401)
(20, 5, 6, 13, 3440);ב;ק;ע;י;ת;י;ר;א;ש;ה;י;ה;ו;ו;נ;ל;ו;ב;ג;ב;(20, 5, 5, 63, 3421)
(20, 5, 6, 33, 3460);ה;י;ת;א;מ;ל;ט;כ;ם;י;ב;ר;ם;י;מ;ע;ב;ר;ק;ב;(20, 5, 6, 14, 3441)
(20, 5, 6, 53, 3480);א;ל;ר;ש;א;ב;ש;ע;י;ל;ע;ם;י;ב;י;ב;ר;כ;ה;ו;(20, 5, 6, 34, 3461)
(20, 5, 6, 73, 3500);א;י;נ;ב;ל;ל;ח;י;י;א;ל;ו;ש;י;א;ל;ה;ו;ק;י;(20, 5, 6, 54, 3481)
(20, 5, 7, 18, 3520);ם;י;ו;ג;ב;ב;ק;ע;י;ת;י;ר;א;ש;ה;י;ה;ו;ם;ד;(20, 5, 6, 74, 3501)
(20, 5, 7, 38, 3540);ה;ב;ב;ה;י;ר;א;כ;ם;י;ב;ר;ם;י;מ;ע;ב;ר;ק;ב;(20, 5, 7, 19, 3521)
(20, 5, 7, 58, 3560);א;ן;א;צ;י;ר;ד;ע;ב;ר;י;פ;כ;כ;ר;ע;י;ת;ו;מ;(20, 5, 7, 39, 3541)
(20, 5, 7, 78, 3580);מ;ן;י;א;ו;ף;ר;ט;ו;ס;מ;ר;ו;ר;ב;ע;ם;א;ר;ש;(20, 5, 7, 59, 3561)
(20, 5, 8, 17, 3600);י;א;ל;כ;ו;ך;י;ר;צ;ל;ע;ך;ד;י;ם;ר;ת;ל;י;צ;(20, 5, 7, 79, 3581)
(20, 5, 9, 12, 3620);א;ו;ה;ה;ם;ו;י;ב;ה;י;ה;ו;ו;ת;ר;כ;י;ך;י;ב;(20, 5, 8, 18, 3601)
(20, 5, 9, 32, 3640);ק;מ;ך;י;ס;ו;ס;י;ת;ר;כ;ה;ו;ה;ו;ה;י;ם;א;נ;(20, 5, 9, 13, 3621)
(20, 5, 10, 3, 3660);כ;ה;ו;ך;י;ת;ב;כ;ר;מ;י;ת;ד;ב;א;ה;ו;ך;ב;ר;(20, 5, 9, 33, 3641)
(20, 5, 10, 23, 3680);ב;מ;ל;כ;י;ת;ס;ר;ה;ו;ך;צ;ר;א;י;ר;ע;י;ת;ר;(20, 5, 10, 4, 3661)
(20, 5, 11, 16, 3700);ו;ך;ד;י;מ;ם;י;פ;ש;כ;י;ת;ר;כ;ה;ו;ך;י;ר;צ;(20, 5, 10, 24, 3681)
(20, 5, 12, 5, 3720);ת;ר;כ;ה;ו;ך;ל;ו;י;ה;י;א;ל;ם;י;נ;נ;ו;ע;מ;(20, 5, 11, 17, 3701)
(20, 5, 12, 25, 3740);ך;ב;ר;ק;מ;ך;י;ת;ו;ב;צ;מ;ו;ך;י;ל;י;ס;פ;י;(20, 5, 12, 6, 3721)
(20, 5, 12, 45, 3760);י;ד;י;ה;ש;ע;מ;ל;ד;ו;ע;ה;ו;ח;ת;ש;ת;א;ל;ו;(20, 5, 12, 26, 3741)
(20, 5, 13, 19, 3780);ה;ו;ך;ב;ר;ק;מ;ך;י;ר;י;ש;א;י;ת;ש;ת;נ;ו;ך;(20, 5, 12, 46, 3761)
(20, 5, 14, 11, 3800);ב;ו;ף;א;ב;י;ת;י;ש;ע;ו;ך;י;ר;ע;י;ת;ד;מ;ש;(20, 5, 13, 20, 3781)
(20, 5, 14, 31, 3820);מ;ש;א;ל;ר;ש;א;ם;י;ו;ג;ה;ת;א;ם;ק;נ;ה;מ;ח;(20, 5, 14, 12, 3801)
(20, 6, 1, 18, 3840);ר;מ;א;ה;ו;ה;י;ר;ש;א;ת;א;א;נ;ו;ע;מ;ש;ו;ע;(20, 5, 14, 32, 3821)
(20, 6, 1, 38, 3860);ה;נ;ע;מ;ש;ת;ו;ם;י;ר;ה;ה;ת;א;ב;י;ר;ם;ו;ק;(20, 6, 1, 19, 3841)
(20, 6, 2, 10, 3880);ת;א;ם;י;ר;ה;ו;ע;מ;ש;ך;ל;ו;ק;ת;ו;ע;ב;ג;ה;(20, 6, 1, 39, 3861)
(20, 6, 2, 30, 3900);א;י;ד;ס;ו;מ;ם;י;נ;ת;א;ה;ו;ה;ו;ה;י;ב;י;ר;(20, 6, 2, 11, 3881)
(20, 6, 2, 50, 3920);ם;ע;ו;ו;מ;ע;ם;ע;ה;ו;ה;י;ל;ב;י;ר;י;כ;ץ;ר;(20, 6, 2, 31, 3901)
(20, 6, 3, 10, 3940);י;ת;י;ש;ע;ה;מ;י;מ;ע;ח;כ;ו;ת;י;ל;א;ר;ש;י;(20, 6, 2, 51, 3921)
(20, 6, 4, 4, 3960);ע;ה;י;כ;י;ב;ה;נ;ע;ך;י;ת;א;ל;ה;ה;מ;ו;ך;ל;(20, 6, 3, 11, 3941)
(20, 6, 4, 24, 3980);ב;ע;ת;י;ב;מ;ו;ם;י;ר;צ;מ;ץ;ר;א;מ;ך;י;ת;ל;(20, 6, 4, 5, 3961)
(20, 6, 4, 44, 4000);א;ך;י;נ;פ;ל;ח;ל;ש;א;ו;ך;י;ת;י;ד;פ;ם;י;ד;(20, 6, 4, 25, 3981)
(20, 6, 5, 7, 4020);נ;ר;כ;ז;י;מ;ע;ם;י;ר;מ;ו;ן;ר;ה;א;ה;ש;מ;ת;(20, 6, 4, 45, 4001)
(20, 6, 5, 27, 4040);ע;ה;מ;ו;ב;א;ו;מ;ך;ל;מ;ק;ל;ב;ץ;ע;י;ה;מ;א;(20, 6, 5, 8, 4021)
(20, 6, 5, 47, 4060);ט;ש;ה;ן;מ;ר;ו;ע;ב;ן;ב;ם;ע;ל;ב;ו;ת;א;ה;נ;(20, 6, 5, 28, 4041)
(20, 6, 5, 67, 4080);ו;ק;ד;צ;ת;ע;ד;ן;ע;מ;ל;ל;ג;ל;ג;ה;ד;ע;ם;י;(20, 6, 5, 48, 4061)
(20, 6, 6, 15, 4100);ל;ף;כ;א;ה;ו;ה;י;ם;ד;ק;א;ה;מ;ב;ה;ו;ה;י;ת;(20, 6, 5, 68, 4081)
(20, 6, 6, 35, 4120);ו;ל;ו;ע;ב;ו;נ;מ;ד;ק;א;ה;ם;ו;ר;מ;י;ה;ל;א;(20, 6, 6, 16, 4101)
(20, 6, 7, 7, 4140);ה;י;ה;צ;ר;י;ה;ה;נ;ש;י;נ;ב;ם;י;ל;ג;ע;ב;ת;(20, 6, 6, 36, 4121)
(20, 6, 7, 27, 4160);ח;נ;ת;ו;ב;ב;ר;ב;ם;י;ל;י;א;י;פ;ל;א;ב;ה;ו;(20, 6, 7, 8, 4141)
(20, 6, 7, 47, 4180);ר;פ;י;ע;ש;פ;י;ר;ו;כ;ב;ן;ת;א;ה;ן;מ;ש;י;ל;(20, 6, 7, 28, 4161)
(20, 6, 8, 7, 4200);א;ך;ל;ד;י;ג;ה;י;ש;פ;נ;ת;א;ט;ח;י;נ;ט;ב;י;(20, 6, 7, 48, 4181)
(20, 6, 8, 27, 4220);מ;מ;ש;ר;ו;ד;ה;ו;ה;י;ה;מ;ו;ב;ו;ט;ה;מ;ם;ד;(20, 6, 8, 8, 4201)
(20, 6, 8, 47, 4240);ס;ח;ת;ב;ה;א;ו;ט;פ;ש;מ;ת;ו;ש;ע;ם;א;י;כ;ך;(20, 6, 8, 28, 4221)
(20, 6, 9, 4, 4260);י;ל;ו;ק;ך;י;ה;ל;א;ם;ע;ת;כ;ל;ע;נ;צ;ה;ו;ד;(20, 6, 8, 48, 4241)
(20, 6, 9, 24, 4280);א;ר;י;ה;י;ש;ו;ת;ו;א;ר;ק;י;ר;י;ע;ל;ה;ו;ה;(20, 6, 9, 5, 4261)
(20, 6, 10, 2, 4300);ו;ע;ה;ד;ע;י;י;מ;ו;ה;ט;מ;ו;ע;מ;ש;ך;מ;ש;ה;(20, 6, 9, 25, 4281)
(20, 6, 10, 22, 4320);א;ו;ע;ש;ר;ת;ו;ר;צ;א;ע;ש;ר;ת;י;ב;ש;א;ה;ד;(20, 6, 10, 3, 4301)
(20, 6, 11, 8, 4340);א;מ;ב;ה;כ;ז;א;ה;ה;מ;ו;ע;ז;ן;ו;ז;ר;ת;פ;י;(20, 6, 10, 23, 4321)
(20, 6, 12, 1, 4360);א;ה;מ;ר;מ;י;נ;ב;א;ס;י;כ;ב;ו;ע;ש;ר;י;נ;ז;(20, 6, 11, 9, 4341)
(20, 6, 12, 21, 4380);י;ב;ש;י;ו;ס;מ;ח;ו;א;ל;מ;ה;י;ר;י;ש;ע;ר;ש;(20, 6, 12, 2, 4361)
(20, 6, 12, 41, 4400);פ;ב;ה;י;מ;ר;ם;נ;ו;ש;ל;ו;ר;ק;ש;ו;ר;ב;ד;ה;(20, 6, 12, 22, 4381)
(20, 6, 13, 17, 4420);ך;ת;ו;כ;ה;י;ת;י;ל;ח;ה;י;נ;א;ם;ג;ו;ם;ה;י;(20, 6, 12, 42, 4401)
(20, 6, 14, 9, 4440);ל;ו;ל;כ;א;ת;ה;ת;א;ך;ת;א;ט;ח;ל;ע;ם;מ;ש;ה;(20, 6, 13, 18, 4421)
(20, 6, 14, 29, 4460);ו;ג;ס;ת;ו;ך;ב;ר;ק;ב;ך;ח;ש;י;ו;ע;ב;ש;ת;א;(20, 6, 14, 10, 4441)
(20, 6, 14, 49, 4480);א;ב;ר;ח;ל;ט;ל;פ;ת;ר;ש;א;ו;ט;י;ל;פ;ת;א;ל;(20, 6, 14, 30, 4461)
(20, 6, 15, 18, 4500);ה;ת;א;ר;ו;צ;ק;ת;א;ל;ו;ע;ר;ז;ת;ה;ת;א;ן;ת;(20, 6, 14, 50, 4481)
(20, 6, 15, 38, 4520);י;ת;ו;ן;מ;ש;ך;ו;ס;ת;א;ל;ו;ת;י;ז;ך;ר;ד;ת;(20, 6, 15, 19, 4501)
(20, 6, 16, 7, 4540);ח;ר;מ;ת;ש;י;ו;ן;י;י;ה;ת;ש;ת;א;ל;ו;ש;ו;ר;(20, 6, 15, 39, 4521)
(20, 6, 16, 27, 4560);א;ח;א;ת;י;ב;ה;ש;ע;מ;ל;כ;ו;י;ר;מ;ע;ת;ו;ק;(20, 6, 16, 8, 4541)
(20, 6, 16, 47, 4580);י;ת;ת;ן;ע;מ;ל;ם;ת;ו;צ;ע;מ;ב;ו;כ;ל;ת;ו;ב;(20, 6, 16, 28, 4561)
(20, 6, 16, 67, 4600);ח;ו;ה;ק;ר;ש;ל;ה;י;ב;ש;י;ו;ה;מ;ש;ל;ך;ת;א;(20, 6, 16, 48, 4581)
(20, 7, 1, 10, 4620);י;ה;י;כ;י;ל;י;ל;ל;א;ו;א;ש;ת;י;מ;ע;ת;פ;ר;(20, 6, 16, 68, 4601)
(20, 7, 1, 30, 4640);ר;י;צ;ב;ת;ל;ל;ע;כ;ץ;י;ק;י;פ;ס;א;כ;י;ת;י;(20, 7, 1, 11, 4621)
(20, 7, 1, 50, 4660);ו;א;ה;ר;ו;כ;ב;ל;ו;כ;א;ל;ל;ו;כ;ש;א;ן;י;א;(20, 7, 1, 31, 4641)
(20, 7, 2, 14, 4680);ו;ץ;ר;א;ה;ן;מ;ד;י;ס;ח;ד;ב;א;י;ש;פ;נ;ה;ת;(20, 7, 1, 51, 4661)
(20, 7, 2, 34, 4700);א;י;ם;י;מ;ד;ל;ם;ל;כ;ן;י;א;ם;ד;א;ב;ר;ש;י;(20, 7, 2, 15, 4681)
(20, 7, 2, 54, 4720);ר;ח;ו;ד;ו;צ;י;ו;ה;י;ח;א;ת;א;ש;י;א;ו;ב;ר;(20, 7, 2, 35, 4701)
(20, 7, 3, 19, 4740);ש;ר;ש;ה;ב;י;ט;י;ה;ל;ם;י;פ;כ;ע;ר;ה;ל;ע;ם;(20, 7, 2, 55, 4721)
(20, 7, 3, 39, 4760);ב;ד;ל;ו;ד;ג;ה;ו;ם;ו;ל;ש;ב;ט;פ;ש;ה;ו;ל;א;(20, 7, 3, 20, 4741)
(20, 7, 4, 2, 4780);ו;ט;ה;ו;ת;ב;ע;י;ו;א;ו;ה;ו;ש;פ;נ;ת;ו;ה;ר;(20, 7, 3, 40, 4761)
(20, 7, 4, 22, 4800);צ;מ;ם;ו;י;ה;כ;ו;ס;מ;מ;ר;ש;י;ק;ד;ח;כ;ם;ב;(20, 7, 4, 3, 4781)
(20, 7, 4, 42, 4820);ב;מ;ה;י;ה;ת;ה;ת;ע;ה;א;ב;ך;ת;ד;ק;פ;ך;י;פ;(20, 7, 4, 23, 4801)
(20, 7, 5, 16, 4840);ט;ב;ת;ל;א;ע;ר;ב;ו;נ;י;מ;א;ת;ל;א;ם;ת;כ;ו;(20, 7, 4, 43, 4821)
(20, 7, 5, 36, 4860);פ;ר;מ;ש;ך;ק;י;ח;ת;ב;כ;ש;מ;ף;ו;ל;א;ב;ו;ח;(20, 7, 5, 17, 4841)
(20, 7, 6, 14, 4880);מ;ק;ת;ב;ב;א;ל;ב;נ;מ;ן;ב;י;כ;ך;י;פ;י;ח;ת;(20, 7, 5, 37, 4861)
(20, 7, 6, 34, 4900);ש;י;א;י;ב;י;א;ה;ת;מ;ח;ב;ה;ל;כ;ה;מ;א;ב;ה;(20, 7, 6, 15, 4881)
(20, 7, 7, 12, 4920);פ;צ;א;ה;ו;ה;י;ב;י;נ;א;ו;ו;ת;י;ב;י;ש;נ;א;(20, 7, 6, 35, 4901)
(20, 7, 7, 32, 4940);ע;מ;ש;י;י;ע;ש;י;י;ה;ל;א;ל;ה;ל;י;ח;ו;א;ה;(20, 7, 7, 13, 4921)
(20, 7, 8, 14, 4960);י;ל;י;ת;ב;י;א;י;ח;מ;ש;ת;ל;א;י;ה;ל;א;י;נ;(20, 7, 7, 33, 4941)
(20, 7, 8, 34, 4980);ך;ש;ח;ב;ב;ש;א;י;כ;י;ת;מ;ק;י;ת;ל;פ;נ;י;כ;(20, 7, 8, 15, 4961)
(20, 7, 9, 11, 5000);כ;א;ש;א;ה;ו;ה;י;ף;ע;ז;י;ל;ר;ו;א;ה;ו;ה;י;(20, 7, 8, 35, 4981)
(20, 7, 9, 31, 5020);ב;י;ר;ב;י;ר;י;ר;ש;א;ד;ע;ו;ל;י;ת;א;ט;ח;י;(20, 7, 9, 12, 5001)
(20, 7, 9, 51, 5040);ו;א;ל;י;נ;א;י;צ;ו;י;י;ט;פ;ש;מ;ה;ש;ע;ו;י;(20, 7, 9, 32, 5021)
(20, 7, 10, 9, 5060);י;ת;ב;י;א;א;ר;ת;ו;ו;ת;ק;ד;צ;ב;ה;א;ר;א;ר;(20, 7, 9, 52, 5041)
(20, 7, 10, 29, 5080);ו;י;א;י;ל;א;ה;ר;מ;א;ה;ה;ש;ו;ב;ה;ס;כ;ת;ו;(20, 7, 10, 10, 5061)
(20, 7, 10, 49, 5100);ב;ה;נ;י;א;ר;ת;י;נ;י;ע;ך;י;ה;ל;א;ה;ו;ה;י;(20, 7, 10, 30, 5081)
(20, 7, 10, 69, 5120);צ;ו;ח;ט;י;ט;כ;ס;מ;ר;מ;ל;ה;י;ה;ת;ה;ת;ע;ה;(20, 7, 10, 50, 5101)
(20, 7, 11, 18, 5140);ה;ה;ם;ו;י;ך;י;ר;ד;ג;ת;ו;נ;ב;ל;ם;ו;י;ת;ו;(20, 7, 10, 70, 5121)
(20, 7, 12, 12, 5160);י;ך;י;ד;ע;ו;א;ו;ה;ם;ו;י;ק;ח;ק;ח;ר;י;א;ו;(20, 7, 11, 19, 5141)
(20, 7, 12, 32, 5180);ו;ר;ו;צ;מ;י;ר;ע;ו;ר;ו;ש;א;י;נ;מ;ל;א;ו;ב;(20, 7, 12, 13, 5161)
(20, 7, 12, 52, 5200);ם;י;מ;ם;י;ו;ר;ה;נ;ד;ע;ו;ר;ו;צ;מ;י;נ;מ;ל;(20, 7, 12, 33, 5181)
(20, 7, 13, 14, 5220);ה;מ;מ;ש;ל;ץ;ר;א;ה;ה;ת;י;ה;ו;ר;ה;ה;ר;ה;ו;(20, 7, 12, 53, 5201)
(20, 7, 14, 2, 5240);ע;ר;ם;ה;י;ל;ל;ע;מ;י;ר;פ;מ;ה;י;ב;ש;י;ל;ע;(20, 7, 13, 15, 5221)
(20, 7, 14, 22, 5260);נ;כ;ש;ך;ת;ל;ח;נ;ן;א;צ;ך;ט;ב;ש;ב;ך;מ;ע;ה;(20, 7, 14, 3, 5241)
(20, 7, 14, 42, 5280);ו;ע;ר;י;ל;מ;ר;כ;ך;ו;ת;ב;ר;ע;י;ד;ד;ב;ל;י;(20, 7, 14, 23, 5261)
(20, 7, 15, 4, 5300);י;מ;י;כ;ם;ל;ו;ע;י;מ;י;כ;ד;ע;ל;ג;ו;ן;ש;ב;(20, 7, 14, 43, 5281)
(20, 7, 15, 24, 5320);פ;נ;ו;נ;א;ר;א;ם;י;ר;צ;מ;ץ;ר;א;מ;ך;ת;א;צ;(20, 7, 15, 5, 5301)
(20, 7, 16, 16, 5340);ל;כ;מ;ו;ש;ב;י;ו;ם;י;ו;ג;ו;א;ר;י;ת;ו;א;ל;(20, 7, 15, 25, 5321)
(20, 7, 16, 36, 5360);נ;ז;א;ה;פ;ל;ע;ד;י;ו;מ;י;ש;י;ם;ת;ר;ו;ב;ג;(20, 7, 16, 17, 5341)
(20, 7, 17, 11, 5380);ח;נ;כ;ר;פ;ע;ו;כ;ח;ל;י;ה;נ;ש;ר;ח;ת;ם;ה;י;(20, 7, 16, 37, 5361)
(20, 7, 17, 31, 5400);ת;ר;ג;ס;מ;מ;ו;ז;ג;ר;י;ץ;ר;א;י;ל;ח;ז;כ;ש;(20, 7, 17, 12, 5381)
(20, 7, 17, 51, 5420);ו;ד;ח;פ;י;ו;נ;י;ה;ל;א;ה;ו;ה;י;ל;א;ם;ה;י;(20, 7, 17, 32, 5401)
(20, 7, 18, 12, 5440);ע;א;ש;נ;ך;ו;מ;כ;ל;א;י;מ;ך;מ;מ;ו;א;ר;י;ו;(20, 7, 17, 52, 5421)
(20, 7, 18, 32, 5460);ל;ח;נ;ת;י;ר;א;ש;ל;ע;ש;פ;ל;ע;ר;ב;ע;ו;ן;ו;(20, 7, 18, 13, 5441)
(20, 7, 18, 52, 5480);ץ;פ;ח;י;כ;ו;פ;א;ד;ע;ל;ק;י;ז;ח;ה;א;ל;ו;ת;(20, 7, 18, 33, 5461)
(20, 7, 19, 14, 5500);ש;ב;כ;י;ו;נ;מ;ח;ר;י;ב;ו;ש;י;א;ו;ה;ד;ס;ח;(20, 7, 18, 53, 5481)
(20, 7, 19, 34, 5520);י;ת;ו;ל;צ;מ;ב;ך;י;ל;ש;ת;ו;ו;נ;י;ת;נ;ו;ע;(20, 7, 19, 15, 5501)
(20, 7, 20, 11, 5540);ב;ק;ע;י;ל;ת;מ;א;ן;ת;ת;ם;ת;ו;א;ט;ח;ל;כ;ם;(20, 7, 19, 35, 5521)
(20, 7, 20, 31, 5560);ב;א;ל;ת;ע;ב;ש;נ;ר;ש;א;ם;ה;ר;ב;א;ל;ד;ס;ח;(20, 7, 20, 12, 5541)
(20, 7, 20, 42, 5571); ; ; ; ; ; ; ; ; ;ם;ד;ק;י;מ;י;מ;ו;נ;י;ת;(20, 7, 20, 32, 5561)
