(17, 1, 1, 20, 20);ם;י;ד;ק;נ;ב;ה;י;ה;ר;ש;א;ס;ו;מ;ע;י;ר;ב;ד;(17, 1, 1, 1, 1)
(17, 1, 1, 40, 40);י;ב;ל;א;ר;ש;י;ל;ע;ה;ז;ח;ר;ש;א;ע;ו;ק;ת;מ;(17, 1, 1, 21, 21)
(17, 1, 1, 60, 60);י;י;מ;י;ב;ו;ה;ד;ו;ה;י;ך;ל;מ;ה;י;ז;ע;י;מ;(17, 1, 1, 41, 41)
(17, 1, 1, 80, 80);נ;ש;ל;א;ר;ש;י;ך;ל;מ;ש;א;ו;י;ן;ב;ם;ע;ב;ר;(17, 1, 1, 61, 61)
(17, 1, 2, 9, 100);ה;ו;ה;י;ר;מ;א;י;ו;ש;ע;ר;ה;י;נ;פ;ל;ם;י;ת;(17, 1, 1, 81, 81)
(17, 1, 2, 29, 120);ן;ת;י;ם;ל;ש;ו;ר;י;מ;ו;ג;א;ש;י;ן;ו;י;צ;מ;(17, 1, 2, 10, 101)
(17, 1, 2, 49, 140);י;ו;ם;י;ע;ר;ה;ת;ו;א;נ;ו;ל;ב;א;ו;ו;ל;ו;ק;(17, 1, 2, 30, 121)
(17, 1, 3, 10, 160);ע;ה;ו;ה;י;ר;מ;א;ה;כ;ל;מ;ר;כ;ה;ש;א;ר;ש;ב;(17, 1, 2, 50, 141)
(17, 1, 3, 30, 180);ע;ב;ר;א;ל;ע;ו;ק;ש;מ;ד;י;ע;ש;פ;ה;ש;ל;ש;ל;(17, 1, 3, 11, 161)
(17, 1, 3, 50, 200);ו;צ;ר;ח;ב;ם;ש;ו;ד;ל;ע;ו;נ;ב;י;ש;א;א;ל;ה;(17, 1, 3, 31, 181)
(17, 1, 4, 7, 220);א;י;ת;ח;ל;ש;ו;ד;ע;ל;ג;ה;ת;א;ל;ז;ר;ב;ה;ת;(17, 1, 3, 51, 201)
(17, 1, 4, 27, 240);ת;ו;נ;מ;ר;א;ה;ל;כ;א;ו;ל;א;ז;ח;ת;י;ב;ב;ש;(17, 1, 4, 8, 221)
(17, 1, 5, 15, 260);ו;ק;ש;מ;ד;ח;י;ר;ב;י;ת;ר;ב;ש;ו;ד;ד;ה;ן;ב;(17, 1, 4, 28, 241)
(17, 1, 5, 35, 280);ו;ת;ו;ן;ו;א;ת;ע;ק;ב;מ;ב;ש;ו;י;י;ת;ר;כ;ה;(17, 1, 5, 16, 261)
(17, 1, 5, 55, 300);ר;א;ם;ע;ו;ל;ג;ו;ן;ד;ע;ת;י;ב;מ;ט;ב;ש;ך;מ;(17, 1, 5, 36, 281)
(17, 1, 6, 8, 320);ו;ה;י;ר;מ;א;ה;כ;ה;ו;ה;י;ר;מ;א;ה;ר;י;ק;ם;(17, 1, 5, 56, 301)
(17, 1, 6, 28, 340);ב;ר;א;ל;ע;ו;ה;ז;ע;י;ע;ש;פ;ה;ש;ל;ש;ל;ע;ה;(17, 1, 6, 9, 321)
(17, 1, 6, 48, 360);ל;ג;ם;ת;ו;ל;ג;ה;ל;ע;ו;נ;ב;י;ש;א;א;ל;ה;ע;(17, 1, 6, 29, 341)
(17, 1, 7, 3, 380);ל;ש;ו;ם;ו;ד;א;ל;ר;י;ג;ס;ה;ל;ה;מ;ל;ש;ת;ו;(17, 1, 6, 49, 361)
(17, 1, 7, 23, 400);ר;א;ה;ל;כ;א;ו;ה;ז;ע;ת;מ;ו;ח;ב;ש;א;י;ת;ח;(17, 1, 7, 4, 381)
(17, 1, 8, 15, 420);ו;ד;ש;א;מ;ב;ש;ו;י;י;ת;ר;כ;ה;ו;ה;י;ת;נ;מ;(17, 1, 7, 24, 401)
(17, 1, 8, 35, 440);י;ש;ה;ו;ן;ו;ל;ק;ש;א;מ;ט;ב;ש;ך;מ;ו;ת;ו;ד;(17, 1, 8, 16, 421)
(17, 1, 8, 55, 460);ש;ו;ד;ב;א;ו;ן;ו;ר;ק;ע;ל;ע;י;ד;י;י;ת;ו;ב;(17, 1, 8, 36, 441)
(17, 1, 8, 75, 480);ו;ה;י;י;נ;ד;א;ר;מ;א;ם;י;ת;ש;ל;פ;ת;י;ר;א;(17, 1, 8, 56, 461)
(17, 1, 9, 19, 500);י;ע;ש;פ;ה;ש;ל;ש;ל;ע;ה;ו;ה;י;ר;מ;א;ה;כ;ה;(17, 1, 8, 76, 481)
(17, 1, 9, 39, 520);ל;ע;ו;נ;ב;י;ש;א;א;ל;ה;ע;ב;ר;א;ל;ע;ו;ר;צ;(17, 1, 9, 20, 501)
(17, 1, 9, 59, 540);ו;ם;ו;ד;א;ל;ה;מ;ל;ש;ת;ו;ל;ג;ם;ר;י;ג;ס;ה;(17, 1, 9, 40, 521)
(17, 1, 10, 6, 560);י;ת;ח;ל;ש;ו;ם;י;ח;א;ת;י;ר;ב;ו;ר;כ;ז;א;ל;(17, 1, 9, 60, 541)
(17, 1, 10, 26, 580);ת;ו;נ;מ;ר;א;ה;ל;כ;א;ו;ר;צ;ת;מ;ו;ח;ב;ש;א;(17, 1, 10, 7, 561)
(17, 1, 11, 18, 600);ע;ש;פ;ה;ש;ל;ש;ל;ע;ה;ו;ה;י;ר;מ;א;ה;כ;ה;י;(17, 1, 10, 27, 581)
(17, 1, 11, 38, 620);נ;ב;י;ש;א;א;ל;ה;ע;ב;ר;א;ל;ע;ו;ם;ו;ד;א;י;(17, 1, 11, 19, 601)
(17, 1, 11, 58, 640);ר;ת;ח;ש;ו;ו;י;ח;א;ב;ר;ח;ב;ו;פ;ד;ר;ל;ע;ו;(17, 1, 11, 39, 621)
(17, 1, 11, 78, 660);ת;ר;ב;ע;ו;ו;פ;א;ד;ע;ל;ף;ר;ט;י;ו;ו;י;מ;ח;(17, 1, 11, 59, 641)
(17, 1, 12, 12, 680);מ;י;ת;ב;ש;א;י;ת;ח;ל;ש;ו;ח;צ;נ;ה;ר;מ;ש;ו;(17, 1, 11, 79, 661)
(17, 1, 13, 4, 700);מ;א;ה;כ;ה;ר;צ;ב;ת;ו;נ;מ;ר;א;ה;ל;כ;א;ו;ן;(17, 1, 12, 13, 681)
(17, 1, 13, 24, 720);מ;ע;י;נ;ב;י;ע;ש;פ;ה;ש;ל;ש;ל;ע;ה;ו;ה;י;ר;(17, 1, 13, 5, 701)
(17, 1, 13, 44, 740);ל;ע;ו;נ;ב;י;ש;א;א;ל;ה;ע;ב;ר;א;ל;ע;ו;ן;ו;(17, 1, 13, 25, 721)
(17, 1, 13, 64, 760);ח;ר;ה;ן;ע;מ;ל;ד;ע;ל;ג;ה;ת;ו;ר;ה;ם;ע;ק;ב;(17, 1, 13, 45, 741)
(17, 1, 14, 11, 780);מ;ו;ח;ב;ש;א;י;ת;צ;ה;ו;ם;ל;ו;ב;ג;ת;א;ב;י;(17, 1, 13, 65, 761)
(17, 1, 14, 31, 800);ר;ת;ב;ה;י;ת;ו;נ;מ;ר;א;ה;ל;כ;א;ו;ה;ב;ר;ת;(17, 1, 14, 12, 781)
(17, 1, 14, 51, 820);ם;ו;י;ב;ר;ע;ס;ב;ה;מ;ח;ל;מ;ם;ו;י;ב;ה;ע;ו;(17, 1, 14, 32, 801)
(17, 1, 15, 16, 840);א;ו;ה;ה;ל;ו;ג;ב;ם;כ;ל;מ;ך;ל;ה;ו;ה;פ;ו;ס;(17, 1, 14, 52, 821)
(17, 2, 1, 4, 860);מ;א;ה;כ;ה;ו;ה;י;ר;מ;א;ו;ד;ח;י;ו;י;ר;ש;ו;(17, 1, 15, 17, 841)
(17, 2, 1, 24, 880);ו;ב;א;ו;מ;י;ע;ש;פ;ה;ש;ל;ש;ל;ע;ה;ו;ה;י;ר;(17, 2, 1, 5, 861)
(17, 2, 1, 44, 900);פ;ר;ש;ל;ע;ו;נ;ב;י;ש;א;א;ל;ה;ע;ב;ר;א;ל;ע;(17, 2, 1, 25, 881)
(17, 2, 2, 3, 920);ל;ש;ו;ד;י;ש;ל;ם;ו;ד;א;ך;ל;מ;ת;ו;מ;צ;ע;ו;(17, 2, 1, 45, 901)
(17, 2, 2, 23, 940);ו;נ;מ;ר;א;ה;ל;כ;א;ו;ב;א;ו;מ;ב;ש;א;י;ת;ח;(17, 2, 2, 4, 921)
(17, 2, 2, 43, 960);ב;ב;א;ו;מ;ן;ו;א;ש;ב;ת;מ;ו;ת;ו;י;ר;ק;ה;ת;(17, 2, 2, 24, 941)
(17, 2, 3, 7, 980);ש;י;ת;ר;כ;ה;ו;ר;פ;ו;ש;ל;ו;ק;ב;ה;ע;ו;ר;ת;(17, 2, 2, 44, 961)
(17, 2, 3, 27, 1000);ג;ו;ר;ה;א;ה;י;ר;ש;ל;כ;ו;ה;ב;ר;ק;מ;ט;פ;ו;(17, 2, 3, 8, 981)
(17, 2, 4, 10, 1020);ע;ה;ו;ה;י;ר;מ;א;ה;כ;ה;ו;ה;י;ר;מ;א;ו;מ;ע;(17, 2, 3, 28, 1001)
(17, 2, 4, 30, 1040);ב;ר;א;ל;ע;ו;ה;ד;ו;ה;י;י;ע;ש;פ;ה;ש;ל;ש;ל;(17, 2, 4, 11, 1021)
(17, 2, 4, 50, 1060);ו;ת;ת;א;ם;ס;א;מ;ל;ע;ו;נ;ב;י;ש;א;א;ל;ה;ע;(17, 2, 4, 31, 1041)
(17, 2, 4, 70, 1080);ת;י;ו;ו;ר;מ;ש;א;ל;ו;י;ק;ח;ו;ה;ו;ה;י;ת;ר;(17, 2, 4, 51, 1061)
(17, 2, 4, 90, 1100);ת;ו;ב;א;ו;כ;ל;ה;ר;ש;א;ם;ה;י;ב;ז;כ;ם;ו;ע;(17, 2, 4, 71, 1081)
(17, 2, 5, 13, 1120);ד;ו;ה;י;ב;ש;א;י;ת;ח;ל;ש;ו;ם;ה;י;ר;ח;א;ם;(17, 2, 4, 91, 1101)
(17, 2, 6, 2, 1140);ה;כ;ם;ל;ש;ו;ר;י;ת;ו;נ;מ;ר;א;ה;ל;כ;א;ו;ה;(17, 2, 5, 14, 1121)
(17, 2, 6, 22, 1160);ר;ש;י;י;ע;ש;פ;ה;ש;ל;ש;ל;ע;ה;ו;ה;י;ר;מ;א;(17, 2, 6, 3, 1141)
(17, 2, 6, 42, 1180);ל;ע;ו;נ;ב;י;ש;א;א;ל;ה;ע;ב;ר;א;ל;ע;ו;ל;א;(17, 2, 6, 23, 1161)
(17, 2, 6, 62, 1200);ע;ב;ן;ו;י;ב;א;ו;ק;י;ד;צ;ף;ס;כ;ב;ם;ר;כ;מ;(17, 2, 6, 43, 1181)
(17, 2, 7, 12, 1220);א;ר;פ;ע;ל;ע;ם;י;פ;א;ש;ה;ם;י;ל;ע;נ;ר;ו;ב;(17, 2, 6, 63, 1201)
(17, 2, 7, 32, 1240);י;ם;י;ו;נ;ע;ך;ר;ד;ו;ם;י;ל;ד;ש;א;ר;ב;ץ;ר;(17, 2, 7, 13, 1221)
(17, 2, 7, 52, 1260);ע;נ;ה;ל;א;ו;כ;ל;י;ו;י;ב;א;ו;ש;י;א;ו;ו;ט;(17, 2, 7, 33, 1241)
(17, 2, 8, 3, 1280);ל;ע;ו;י;ש;ד;ק;ם;ש;ת;א;ל;ל;ח;ן;ע;מ;ל;ה;ר;(17, 2, 7, 53, 1261)
(17, 2, 8, 23, 1300);ז;מ;ל;כ;ל;צ;א;ו;ט;י;ם;י;ל;ב;ח;ם;י;ד;ג;ב;(17, 2, 8, 4, 1281)
(17, 2, 8, 43, 1320);א;ת;י;ב;ו;ת;ש;י;ם;י;ש;ו;נ;ע;ן;י;י;ו;ח;ב;(17, 2, 8, 24, 1301)
(17, 2, 9, 15, 1340);א;ה;ת;א;י;ת;ד;מ;ש;ה;י;כ;נ;א;ו;ם;ה;י;ה;ל;(17, 2, 8, 44, 1321)
(17, 2, 9, 35, 1360);י;ז;ר;א;ה;ב;ג;כ;ר;ש;א;ם;ה;י;נ;פ;מ;י;ר;מ;(17, 2, 9, 16, 1341)
(17, 2, 9, 55, 1380);ו;ם;י;נ;ו;ל;א;כ;א;ו;ה;ן;ס;ח;ו;ו;ה;ב;ג;ם;(17, 2, 9, 36, 1361)
(17, 2, 9, 75, 1400);מ;ו;י;ש;ר;ש;ו;ל;ע;מ;מ;ו;י;ר;פ;ד;י;מ;ש;א;(17, 2, 9, 56, 1381)
(17, 2, 10, 17, 1420);א;מ;ם;כ;ת;א;י;ת;י;ל;ע;ה;י;כ;נ;א;ו;ת;ח;ת;(17, 2, 9, 76, 1401)
(17, 2, 10, 37, 1440);ב;ד;מ;ב;ם;כ;ת;א;ך;ל;ו;א;ו;ם;י;ר;צ;מ;ץ;ר;(17, 2, 10, 18, 1421)
(17, 2, 10, 57, 1460);ה;ץ;ר;א;ת;א;ת;ש;ר;ל;ה;נ;ש;ם;י;ע;ב;ר;א;ר;(17, 2, 10, 38, 1441)
(17, 2, 11, 16, 1480);א;י;ב;נ;ל;ם;כ;י;נ;ב;מ;ם;י;ק;א;ו;י;ר;מ;א;(17, 2, 10, 58, 1461)
(17, 2, 11, 36, 1500);ף;א;ה;ם;י;ר;ז;נ;ל;ם;כ;י;ר;ו;ח;ב;מ;ו;ם;י;(17, 2, 11, 17, 1481)
(17, 2, 11, 56, 1520);ו;ה;י;ם;א;נ;ל;א;ר;ש;י;י;נ;ב;ת;א;ז;ן;י;א;(17, 2, 11, 37, 1501)
(17, 2, 12, 19, 1540);ל;ע;ו;ן;י;י;ם;י;ר;ז;נ;ה;ת;א;ו;ק;ש;ת;ו;ה;(17, 2, 11, 57, 1521)
(17, 2, 12, 39, 1560);נ;ת;א;ל;ר;מ;א;ל;ם;ת;י;ו;צ;ם;י;א;י;ב;נ;ה;(17, 2, 12, 20, 1541)
(17, 2, 13, 17, 1580);ם;כ;י;ת;ח;ת;ק;י;ע;מ;י;כ;נ;א;ה;נ;ה;ו;א;ב;(17, 2, 12, 40, 1561)
(17, 2, 13, 37, 1600);ה;ל;ה;א;ל;מ;ה;ה;ל;ג;ע;ה;ק;י;ע;ת;ר;ש;א;כ;(17, 2, 13, 18, 1581)
(17, 2, 14, 16, 1620);ל;ק;ז;ח;ו;ל;ק;מ;ס;ו;נ;מ;ד;ב;א;ו;ר;י;מ;ע;(17, 2, 13, 38, 1601)
(17, 2, 14, 36, 1640);נ;ט;ל;מ;י;א;ל;ר;ו;ב;ג;ו;ו;ח;כ;ץ;מ;א;י;א;(17, 2, 14, 17, 1621)
(17, 2, 15, 17, 1660);ל;ק;ו;ד;מ;ע;י;א;ל;ת;ש;ק;ה;ש;פ;ת;ו;ו;ש;פ;(17, 2, 14, 37, 1641)
(17, 2, 15, 37, 1680);ס;ו;ס;ה;ב;כ;ר;ו;ט;ל;מ;י;א;ל;ו;י;ל;ג;ר;ב;(17, 2, 15, 18, 1661)
(17, 2, 16, 10, 1700);ג;ב;ו;ב;ל;ץ;י;מ;א;ו;ו;ש;פ;נ;ט;ל;מ;י;א;ל;(17, 2, 15, 38, 1681)
(17, 2, 16, 30, 1720);ו;ה;ה;ם;ו;י;ב;ס;ו;נ;י;ם;ו;ר;ע;ם;י;ר;ו;ב;(17, 2, 16, 11, 1701)
(17, 3, 1, 12, 1740);ז;ה;ר;ב;ד;ה;ת;א;ו;ע;מ;ש;ה;ו;ה;י;ם;א;נ;א;(17, 2, 16, 31, 1721)
(17, 3, 1, 32, 1760);י;י;נ;ב;ם;כ;י;ל;ע;ה;ו;ה;י;ר;ב;ד;ר;ש;א;ה;(17, 3, 1, 13, 1741)
(17, 3, 1, 52, 1780);ל;ע;ה;ר;ש;א;ה;ח;פ;ש;מ;ה;ל;כ;ל;ע;ל;א;ר;ש;(17, 3, 1, 33, 1761)
(17, 3, 2, 4, 1800);ת;א;ק;ר;ר;מ;א;ל;ם;י;ר;צ;מ;ץ;ר;א;מ;י;ת;י;(17, 3, 1, 53, 1781)
(17, 3, 2, 24, 1820);מ;ד;א;ה;ת;ו;ח;פ;ש;מ;ל;כ;מ;י;ת;ע;ד;י;ם;כ;(17, 3, 2, 5, 1801)
(17, 3, 2, 44, 1840);ו;ע;ל;כ;ת;א;ם;כ;י;ל;ע;ד;ק;פ;א;ן;כ;ל;ע;ה;(17, 3, 2, 25, 1821)
(17, 3, 3, 15, 1860);ל;ב;ו;ד;ח;י;ם;י;נ;ש;ו;כ;ל;י;ה;ם;כ;י;ת;נ;(17, 3, 2, 45, 1841)
(17, 3, 4, 11, 1880);י;ב;ה;י;ר;א;ג;א;ש;י;ה;ו;ד;ע;ו;נ;ם;א;י;ת;(17, 3, 3, 16, 1861)
(17, 3, 4, 31, 1900);ק;ר;י;פ;כ;ן;ת;י;ה;ו;ל;ן;י;א;ף;ר;ט;ו;ר;ע;(17, 3, 4, 12, 1881)
(17, 3, 5, 2, 1920);ת;ה;ד;כ;ל;ם;א;י;ת;ל;ב;ו;ת;נ;ע;מ;מ;ו;ל;ו;(17, 3, 4, 32, 1901)
(17, 3, 5, 22, 1940);א;ש;ק;ו;מ;ו;ץ;ר;א;ה;ח;פ;ל;ע;ר;ו;פ;צ;ל;פ;(17, 3, 5, 3, 1921)
(17, 3, 5, 42, 1960);ל;ו;ה;מ;ד;א;ה;ן;מ;ח;פ;ה;ל;ע;י;ה;ה;ל;ן;י;(17, 3, 5, 23, 1941)
(17, 3, 6, 10, 1980);ר;פ;ו;ש;ע;ק;ת;י;ם;א;ד;ו;כ;ל;י;א;ל;ד;ו;כ;(17, 3, 5, 43, 1961)
(17, 3, 6, 30, 2000);ה;י;ה;ת;ם;א;ו;ד;ר;ח;י;א;ל;ם;ע;ו;ר;י;ע;ב;(17, 3, 6, 11, 1981)
(17, 3, 7, 3, 2020);ל;י;כ;ה;ש;ע;א;ל;ה;ו;ה;י;ו;ר;י;ע;ב;ה;ע;ר;(17, 3, 6, 31, 2001)
(17, 3, 7, 23, 2040);ם;א;י;כ;ר;ב;ד;ה;ו;ה;י;י;נ;ד;א;ה;ש;ע;י;א;(17, 3, 7, 4, 2021)
(17, 3, 7, 43, 2060);י;א;י;ב;נ;ה;ו;י;ד;ב;ע;ל;א;ו;ד;ו;ס;ה;ל;ג;(17, 3, 7, 24, 2041)
(17, 3, 8, 19, 2080);י;נ;ד;א;א;ר;י;י;א;ל;י;מ;ג;א;ש;ה;י;ר;א;ם;(17, 3, 7, 44, 2061)
(17, 3, 9, 5, 2100);ע;י;מ;ש;ה;א;ב;נ;י;א;ל;י;מ;ר;ב;ד;ה;ו;ה;י;(17, 3, 8, 20, 2081)
(17, 3, 9, 25, 2120);ר;א;ל;ע;ו;ד;ו;ד;ש;א;ב;ת;ו;נ;מ;ר;א;ל;ע;ו;(17, 3, 9, 6, 2101)
(17, 3, 9, 45, 2140);א;ה;ו;ר;מ;א;ו;ם;י;ר;צ;מ;ץ;ר;א;ב;ת;ו;נ;מ;(17, 3, 9, 26, 2121)
(17, 3, 9, 65, 2160);ו;ה;מ;ו;א;ר;ו;ן;ו;ר;מ;ש;י;ר;ה;ל;ע;ו;פ;ס;(17, 3, 9, 46, 2141)
(17, 3, 9, 85, 2180);ק;ב;ם;י;ק;ו;ש;ע;ו;ה;כ;ו;ת;ב;ת;ו;ב;ר;ת;מ;(17, 3, 9, 66, 2161)
(17, 3, 10, 17, 2200);א;נ;ה;ח;כ;נ;ת;ו;ש;ע;ו;ע;ד;י;א;ל;ו;ה;ב;ר;(17, 3, 9, 86, 2181)
(17, 3, 10, 37, 2220);א;ב;ד;ש;ו;ס;מ;ח;ם;י;ר;צ;ו;א;ה;ה;ו;ה;י;ם;(17, 3, 10, 18, 2201)
(17, 3, 11, 12, 2240);י;נ;ד;א;ר;מ;א;ה;כ;ן;כ;ל;ם;ה;י;ת;ו;נ;מ;ר;(17, 3, 10, 38, 2221)
(17, 3, 11, 32, 2260);י;ר;ו;ה;ו;ץ;ר;א;ה;ב;י;ב;ס;ו;ר;צ;ה;ו;ה;י;(17, 3, 11, 13, 2241)
(17, 3, 11, 52, 2280);ך;י;ת;ו;נ;מ;ר;א;ו;ז;ב;נ;ו;ך;ז;ע;ך;מ;מ;ד;(17, 3, 11, 33, 2261)
(17, 3, 12, 20, 2300);ע;ר;ה;ל;י;צ;י;ר;ש;א;כ;ה;ו;ה;י;ר;מ;א;ה;כ;(17, 3, 12, 1, 2281)
(17, 3, 12, 40, 2320);ד;ב;ו;א;ם;י;ע;ר;כ;י;ת;ש;י;ר;א;ה;י;פ;מ;ה;(17, 3, 12, 21, 2301)
(17, 3, 12, 60, 2340);ה;ל;א;ר;ש;י;י;נ;ב;ו;ל;צ;נ;י;ן;כ;ן;ז;א;ל;(17, 3, 12, 41, 2321)
(17, 3, 12, 80, 2360);ב;ו;ה;ט;מ;ת;א;פ;ב;ן;ו;ר;מ;ש;ב;ם;י;ב;ש;י;(17, 3, 12, 61, 2341)
(17, 3, 13, 13, 2380);י;ב;ב;ו;ד;י;ע;ה;ו;ו;ע;מ;ש;ש;ר;ע;ק;ש;מ;ד;(17, 3, 12, 81, 2361)
(17, 3, 13, 33, 2400);י;ה;ל;א;ה;ו;ה;י;י;נ;ד;א;ם;א;נ;ב;ק;ע;י;ת;(17, 3, 13, 14, 2381)
(17, 3, 14, 14, 2420);י;ע;ש;פ;י;ד;ק;פ;ם;ו;י;ב;י;כ;ת;ו;א;ב;צ;ה;(17, 3, 13, 34, 2401)
(17, 3, 14, 34, 2440);ב;ז;מ;ל;ע;י;ת;ד;ק;פ;ו;ו;י;ל;ע;ל;א;ר;ש;י;(17, 3, 14, 15, 2421)
(17, 3, 14, 54, 2460);ה;ת;ו;נ;ר;ק;ו;ע;ד;ג;נ;ו;ל;א;ת;י;ב;ת;ו;ח;(17, 3, 14, 35, 2441)
(17, 3, 15, 7, 2480);ב;י;ת;י;כ;ה;ו;ץ;ר;א;ל;ו;ל;פ;נ;ו;ח;ב;ז;מ;(17, 3, 14, 55, 2461)
(17, 3, 15, 27, 2500);ו;ד;ב;א;ו;ץ;י;ק;ה;ת;י;ב;ל;ע;ף;ר;ח;ה;ת;י;(17, 3, 15, 8, 2481)
(17, 3, 15, 47, 2520);א;נ;ם;י;ב;ר;ם;י;ת;ב;ו;פ;ס;ו;ן;ש;ה;י;ת;ב;(17, 3, 15, 28, 2501)
(17, 4, 1, 15, 2540);ת;ו;ר;פ;ה;ז;ה;ר;ב;ד;ה;ו;ע;מ;ש;ה;ו;ה;י;ם;(17, 3, 15, 48, 2521)
(17, 4, 1, 35, 2560);ו;ק;ש;ע;ה;ן;ו;ר;מ;ש;ר;ה;ב;ר;ש;א;ן;ש;ב;ה;(17, 4, 1, 16, 2541)
(17, 4, 1, 55, 2580);א;ה;ם;י;נ;ו;י;ב;א;ת;ו;צ;צ;ר;ה;ם;י;ל;ד;ת;(17, 4, 1, 36, 2561)
(17, 4, 1, 75, 2600);ה;ת;ש;נ;ו;ה;א;י;ב;ה;ם;ה;י;נ;ד;א;ל;ת;ר;מ;(17, 4, 1, 56, 2581)
(17, 4, 2, 20, 2620);ה;י;כ;ו;ש;ד;ק;ב;ה;ו;ה;י;י;נ;ד;א;ע;ב;ש;נ;(17, 4, 2, 1, 2601)
(17, 4, 2, 40, 2640);א;א;ש;נ;ו;ם;כ;י;ל;ע;ם;י;א;ב;ם;י;מ;י;ה;נ;(17, 4, 2, 21, 2621)
(17, 4, 2, 60, 2660);ר;י;ס;ב;ן;כ;ת;י;ר;ח;א;ו;ת;ו;נ;צ;ב;ם;כ;ת;(17, 4, 2, 41, 2641)
(17, 4, 3, 14, 2680);ה;ש;א;ה;נ;א;צ;ת;ם;י;צ;ר;פ;ו;ה;ג;ו;ד;ת;ו;(17, 4, 2, 61, 2661)
(17, 4, 3, 34, 2700);נ;ה;נ;ו;מ;ר;ה;ה;ה;נ;ת;כ;ל;ש;ה;ו;ה;ד;ג;נ;(17, 4, 3, 15, 2681)
(17, 4, 4, 14, 2720);ה;ו;ע;ש;פ;ו;ל;א;ת;י;ב;ו;א;ב;ה;ו;ה;י;ם;א;(17, 4, 3, 35, 2701)
(17, 4, 4, 34, 2740);ב;ל;ו;א;י;ב;ה;ו;ע;ש;פ;ל;ו;ב;ר;ה;ל;ג;ל;ג;(17, 4, 4, 15, 2721)
(17, 4, 4, 54, 2760);ש;ע;מ;ם;י;מ;י;ת;ש;ל;ש;ל;ם;כ;י;ח;ב;ז;ר;ק;(17, 4, 4, 35, 2741)
(17, 4, 5, 15, 2780);ר;ק;ו;ה;ד;ו;ת;ץ;מ;ח;מ;ר;ט;ק;ו;ם;כ;י;ת;ר;(17, 4, 4, 55, 2761)
(17, 4, 5, 35, 2800);ב;ה;א;ן;כ;י;כ;ו;ע;י;מ;ש;ה;ת;ו;ב;ד;נ;ו;א;(17, 4, 5, 16, 2781)
(17, 4, 5, 55, 2820);ו;ה;י;י;נ;ד;א;ם;א;נ;ל;א;ר;ש;י;י;נ;ב;ם;ת;(17, 4, 5, 36, 2801)
(17, 4, 6, 19, 2840);ש;ן;ו;י;ק;נ;ם;כ;ל;י;ת;ת;נ;י;נ;א;ם;ג;ו;ה;(17, 4, 5, 56, 2821)
(17, 4, 6, 39, 2860);כ;ב;ם;ח;ל;ר;ס;ח;ו;ם;כ;י;ר;ע;ל;כ;ב;ם;י;נ;(17, 4, 6, 20, 2841)
(17, 4, 6, 59, 2880);נ;י;ד;ע;ם;ת;ב;ש;א;ל;ו;ם;כ;י;ת;מ;ו;ק;מ;ל;(17, 4, 6, 40, 2861)
(17, 4, 7, 14, 2900);כ;מ;י;ת;ע;נ;מ;י;כ;נ;א;ם;ג;ו;ה;ו;ה;י;ם;א;(17, 4, 6, 60, 2881)
(17, 4, 7, 34, 2920);ם;י;ש;ד;ח;ה;ש;ל;ש;ד;ו;ע;ב;ם;ש;ג;ה;ת;א;ם;(17, 4, 7, 15, 2901)
(17, 4, 7, 54, 2940);ת;ח;א;ר;י;ע;ל;ע;י;ת;ר;ט;מ;ה;ו;ר;י;צ;ק;ל;(17, 4, 7, 35, 2921)
(17, 4, 7, 74, 2960);ה;ק;ל;ח;ר;י;ט;מ;א;א;ל;ת;ח;א;ר;י;ע;ל;ע;ו;(17, 4, 7, 55, 2941)
(17, 4, 7, 94, 2980);ט;מ;ת;א;ל;ר;ש;א;ה;ק;ל;ח;ו;ר;ט;מ;ת;ת;ח;א;(17, 4, 7, 75, 2961)
(17, 4, 8, 10, 3000);ל;ש;ם;י;ת;ש;ו;ע;נ;ו;ש;ב;י;ת;ה;י;ל;ע;ר;י;(17, 4, 7, 95, 2981)
(17, 4, 8, 30, 3020);י;מ;ת;ו;ת;ש;ל;ת;ח;א;ר;י;ע;ל;א;ם;י;ר;ע;ש;(17, 4, 8, 11, 3001)
(17, 4, 8, 50, 3040);נ;י;ד;ע;ם;ת;ב;ש;א;ל;ו;ו;ע;ב;ש;י;א;ל;ו;ם;(17, 4, 8, 31, 3021)
(17, 4, 9, 14, 3060);ו;פ;ד;ש;ב;ם;כ;ת;א;י;ת;י;כ;ה;ה;ו;ה;י;ם;א;(17, 4, 8, 51, 3041)
(17, 4, 9, 34, 3080);ם;כ;י;ת;ו;נ;ג;ת;ו;ב;ר;ה;ן;ו;ק;ר;י;ב;ו;ן;(17, 4, 9, 15, 3061)
(17, 4, 9, 54, 3100);כ;י;ת;י;ז;ו;ם;כ;י;נ;א;ת;ו;ם;כ;י;מ;ר;כ;ו;(17, 4, 9, 35, 3081)
(17, 4, 9, 74, 3120);נ;י;ד;ע;ם;ת;ב;ש;א;ל;ו;ם;ז;ג;ה;ל;כ;א;י;ם;(17, 4, 9, 55, 3101)
(17, 4, 10, 14, 3140);ר;ד;ב;ר;ב;ד;ם;כ;ב;י;ת;ח;ל;ש;ה;ו;ה;י;ם;א;(17, 4, 9, 75, 3121)
(17, 4, 10, 34, 3160);י;ר;ו;ח;ב;ב;ר;ח;ב;י;ת;ג;ר;ה;ם;י;ר;צ;מ;ך;(17, 4, 10, 15, 3141)
(17, 4, 10, 54, 3180);א;ב;ה;ל;ע;א;ו;ם;כ;י;ס;ו;ס;י;ב;ש;ם;ע;ם;כ;(17, 4, 10, 35, 3161)
(17, 4, 10, 74, 3200);ם;ת;ב;ש;א;ל;ו;ם;כ;פ;א;ב;ו;ם;כ;י;נ;ח;מ;ש;(17, 4, 10, 55, 3181)
(17, 4, 11, 10, 3220);מ;כ;ם;כ;ב;י;ת;כ;פ;ה;ה;ו;ה;י;ם;א;נ;י;ד;ע;(17, 4, 10, 75, 3201)
(17, 4, 11, 30, 3240);ר;מ;ע;ת;א;ו;ם;ד;ס;ת;א;ם;י;ה;ל;א;ת;כ;פ;ה;(17, 4, 11, 11, 3221)
(17, 4, 11, 50, 3260);ל;ו;ה;פ;ר;ש;מ;ל;צ;מ;ד;ו;א;כ;ו;י;ה;ת;ו;ה;(17, 4, 11, 31, 3241)
(17, 4, 12, 5, 3280);ה;כ;ן;כ;ל;ה;ו;ה;י;ם;א;נ;י;ד;ע;ם;ת;ב;ש;א;(17, 4, 11, 51, 3261)
(17, 4, 12, 25, 3300);א;ת;א;ז;י;כ;ב;ק;ע;ל;א;ר;ש;י;ך;ל;ה;ש;ע;א;(17, 4, 12, 6, 3281)
(17, 4, 12, 45, 3320);י;ך;י;ה;ל;א;ת;א;ר;ק;ל;ן;ו;כ;ה;ך;ל;ה;ש;ע;(17, 4, 12, 26, 3301)
(17, 4, 13, 16, 3340);ר;ב;ו;ם;י;ר;ה;ר;צ;ו;י;ה;נ;ה;י;כ;ל;א;ר;ש;(17, 4, 12, 46, 3321)
(17, 4, 13, 36, 3360);ש;ע;ו;ח;ש;ה;מ;ם;ד;א;ל;ד;י;ג;מ;ו;ח;ו;ר;א;(17, 4, 13, 17, 3341)
(17, 4, 13, 56, 3380);ר;א;י;ת;מ;ב;ל;ע;ך;ר;ד;ו;ה;פ;י;ע;ר;ח;ש;ה;(17, 4, 13, 37, 3361)
(17, 5, 1, 3, 3400);ע;מ;ש;ו;מ;ש;ת;ו;א;ב;צ;י;ה;ל;א;ה;ו;ה;י;ץ;(17, 4, 13, 57, 3381)
(17, 5, 1, 23, 3420);א;ש;נ;י;כ;נ;א;ר;ש;א;ה;ז;ה;ר;ב;ד;ה;ת;א;ו;(17, 5, 1, 4, 3401)
(17, 5, 2, 3, 3440);ל;פ;נ;ל;א;ר;ש;י;ת;י;ב;ה;נ;י;ק;ם;כ;י;ל;ע;(17, 5, 1, 24, 3421)
(17, 5, 2, 23, 3460);א;ר;ש;י;ת;ל;ו;ת;ב;ם;ו;ק;ף;י;ס;ו;ת;א;ל;ה;(17, 5, 2, 4, 3441)
(17, 5, 2, 43, 3480);ה;מ;י;ק;מ;ן;י;א;ה;ת;מ;ד;א;ל;ע;ה;ש;ט;נ;ל;(17, 5, 2, 24, 3461)
(17, 5, 3, 20, 3500);ה;ר;י;ע;ה;ה;ו;ה;י;י;נ;ד;א;ר;מ;א;ה;כ;י;כ;(17, 5, 3, 1, 3481)
(17, 5, 3, 40, 3520);צ;ו;י;ה;ו;ה;א;מ;ר;י;א;ש;ת;ף;ל;א;ת;א;צ;י;(17, 5, 3, 21, 3501)
(17, 5, 3, 60, 3540);ש;י;ת;י;ב;ל;ה;ר;ש;ע;ר;י;א;ש;ת;ה;א;מ;ת;א;(17, 5, 3, 41, 3521)
(17, 5, 4, 17, 3560);ש;י;ת;י;ב;ל;ה;ו;ה;י;ר;מ;א;ה;כ;י;כ;ל;א;ר;(17, 5, 3, 61, 3541)
(17, 5, 5, 7, 3580);ש;ר;ד;ת;ל;א;ו;ו;י;ח;ו;י;נ;ו;ש;ר;ד;ל;א;ר;(17, 5, 4, 18, 3561)
(17, 5, 5, 27, 3600);ב;ו;ו;א;ב;ת;א;ל;ל;ג;ל;ג;ה;ו;ל;א;ת;י;ב;ו;(17, 5, 5, 8, 3581)
(17, 5, 5, 47, 3620);ג;ל;ג;ל;ג;ה;י;כ;ו;ר;ב;ע;ת;א;ל;ע;ב;ש;ר;א;(17, 5, 5, 28, 3601)
(17, 5, 5, 67, 3640);ן;ו;א;ל;ה;י;ה;י;ל;א;ת;י;ב;ו;ה;ל;ג;י;ה;ל;(17, 5, 5, 48, 3621)
(17, 5, 6, 20, 3660);ח;ל;צ;י;ן;פ;ו;י;ח;ו;ה;ו;ה;י;ת;א;ו;ש;ר;ד;(17, 5, 6, 1, 3641)
(17, 5, 6, 40, 3680);מ;ן;י;א;ו;ה;ל;כ;א;ו;ף;ס;ו;י;ת;י;ב;ש;א;כ;(17, 5, 6, 21, 3661)
(17, 5, 7, 11, 3700);ה;נ;ע;ל;ל;ם;י;כ;פ;ה;ה;ל;א;ת;י;ב;ל;ה;ב;כ;(17, 5, 6, 41, 3681)
(17, 5, 8, 2, 3720);ש;ע;ו;ח;י;נ;ה;ץ;ר;א;ל;ה;ק;ד;צ;ו;ט;פ;ש;מ;(17, 5, 7, 12, 3701)
(17, 5, 8, 22, 3740);ל;צ;ר;ק;ב;ל;ך;פ;ה;ו;ל;י;ס;כ;ו;ה;מ;י;כ;ה;(17, 5, 8, 3, 3721)
(17, 5, 8, 42, 3760);ר;ו;ק;ה;ך;י;ש;ח;ה;ה;ל;י;ל;ם;ו;י;ו;ת;ו;מ;(17, 5, 8, 23, 3741)
(17, 5, 8, 62, 3780);א;ה;י;נ;פ;ל;ע;ם;כ;פ;ש;י;ו;ם;י;ה;י;מ;ל;א;(17, 5, 8, 43, 3761)
(17, 5, 9, 11, 3800);ע;ל;ע;ד;ש;ג;י;ל;ב;מ;ה;ו;מ;ש;ה;ו;ה;י;ץ;ר;(17, 5, 8, 63, 3781)
(17, 5, 10, 6, 3820);ש;ב;ו;א;נ;ש;א;ו;ב;י;ר;צ;ב;מ;ל;ע;ד;ש;ו;ז;(17, 5, 9, 12, 3801)
(17, 5, 10, 26, 3840);ו;ב;ע;ת;י;ם;י;מ;ת;ר;ב;ד;ו;ח;י;כ;ו;מ;ר;ע;(17, 5, 10, 7, 3821)
(17, 5, 11, 20, 3860);א;ש;מ;ו;ל;ד;ל;ע;ם;כ;ס;ש;ו;ב;ן;ע;י;ן;כ;ל;(17, 5, 11, 1, 3841)
(17, 5, 11, 40, 3880);נ;ב;ת;י;ז;ג;י;ת;ב;ו;נ;מ;מ;ו;ח;ק;ת;ר;ב;ת;(17, 5, 11, 21, 3861)
(17, 5, 11, 60, 3900);נ;ד;מ;ח;י;מ;ר;כ;ם;ב;ו;ב;ש;ת;א;ל;ו;ם;ת;י;(17, 5, 11, 41, 3881)
(17, 5, 12, 3, 3920);י;י;כ;ם;נ;י;י;ת;א;ו;ת;ש;ת;א;ל;ו;ם;ת;ע;ט;(17, 5, 11, 61, 3901)
(17, 5, 12, 23, 3940);ם;י;מ;צ;ע;ו;ם;כ;י;ע;ש;פ;ם;י;ב;ר;י;ת;ע;ד;(17, 5, 12, 4, 3921)
(17, 5, 12, 43, 3960);כ;י;ח;ק;ל;ק;י;ד;צ;י;ר;ר;צ;ם;כ;י;ת;א;ט;ח;(17, 5, 12, 24, 3941)
(17, 5, 13, 3, 3980);ן;כ;ל;ו;ט;ה;ר;ע;ש;ב;ם;י;נ;ו;י;ב;א;ו;ר;פ;(17, 5, 12, 44, 3961)
(17, 5, 13, 23, 4000);ת;ע;י;כ;ם;ד;י;א;י;ה;ה;ת;ע;ב;ל;י;כ;ש;מ;ה;(17, 5, 13, 4, 3981)
(17, 5, 14, 14, 4020);מ;ל;ע;ר;ל;א;ו;ב;ו;ט;ו;ש;ר;ד;א;י;ה;ה;ע;ר;(17, 5, 13, 24, 4001)
(17, 5, 14, 34, 4040);י;ה;ל;א;ה;ו;ה;י;ן;כ;י;ה;י;ו;ו;י;ח;ת;ן;ע;(17, 5, 14, 15, 4021)
(17, 5, 15, 2, 4060);נ;ש;ם;ת;ר;מ;א;ר;ש;א;כ;ם;כ;ת;א;ת;ו;א;ב;צ;(17, 5, 14, 35, 4041)
(17, 5, 15, 22, 4080);ש;ב;ו;ג;י;צ;ה;ו;ב;ו;ט;ו;ב;ה;א;ו;ע;ר;ו;א;(17, 5, 15, 3, 4061)
(17, 5, 15, 42, 4100);ל;א;ה;ו;ה;י;ן;נ;ח;י;י;ל;ו;א;ט;פ;ש;מ;ר;ע;(17, 5, 15, 23, 4081)
(17, 5, 16, 4, 4120);כ;ן;כ;ל;ף;ס;ו;י;ת;י;ר;א;ש;ת;ו;א;ב;צ;י;ה;(17, 5, 15, 43, 4101)
(17, 5, 16, 24, 4140);נ;ד;א;ת;ו;א;ב;צ;י;ה;ל;א;ה;ו;ה;י;ר;מ;א;ה;(17, 5, 16, 5, 4121)
(17, 5, 16, 44, 4160);צ;ו;ח;ל;כ;ב;ו;ד;פ;ס;מ;ת;ו;ב;ח;ר;ל;כ;ב;י;(17, 5, 16, 25, 4141)
(17, 5, 16, 64, 4180);א;ר;כ;א;ו;א;ר;ק;ו;ו;ה;ו;ה;ו;ר;מ;א;י;ת;ו;(17, 5, 16, 45, 4161)
(17, 5, 17, 1, 4200);ו;י;ה;נ;י;ע;ד;ו;י;ל;א;ד;פ;ס;מ;ו;ל;ב;א;ל;(17, 5, 16, 65, 4181)
(17, 5, 17, 21, 4220);ק;ב;ר;ב;ע;א;י;כ;ד;פ;ס;מ;ם;י;מ;ר;כ;ל;כ;ב;(17, 5, 17, 2, 4201)
(17, 5, 18, 10, 4240);ם;י;ו;א;ת;מ;ה;י;ו;ה;ה;ו;ה;י;ר;מ;א;ך;ב;ר;(17, 5, 17, 22, 4221)
(17, 5, 18, 30, 4260);ם;ו;י;ם;כ;ל;ה;ז;ה;מ;ל;ה;ו;ה;י;ם;ו;י;ת;א;(17, 5, 18, 11, 4241)
(17, 5, 19, 4, 4280);ר;ש;א;כ;ר;ו;א;א;ל;ו;ך;ש;ח;א;ו;ה;ה;ו;ה;י;(17, 5, 18, 31, 4261)
(17, 5, 19, 24, 4300);ו;ע;ג;פ;ו;י;ר;א;ה;י;נ;פ;מ;ש;י;א;ס;ו;נ;י;(17, 5, 19, 5, 4281)
(17, 5, 19, 44, 4320);ה;ל;ע;ו;ד;י;ך;מ;ס;ו;ת;י;ב;ה;א;ב;ו;ב;ד;ה;(17, 5, 19, 25, 4301)
(17, 5, 20, 8, 4340);ו;י;ך;ש;ח;א;ל;ה;ש;ח;נ;ה;ו;כ;ש;נ;ו;ר;י;ק;(17, 5, 19, 45, 4321)
(17, 5, 20, 28, 4360);ג;נ;א;ל;ו;ל;פ;א;ו;ר;ו;א;א;ל;ו;ה;ו;ה;י;ם;(17, 5, 20, 9, 4341)
(17, 5, 21, 17, 4380);ל;ו;ם;כ;י;ג;ח;י;ת;ס;א;מ;י;ת;א;נ;ש;ו;ל;ה;(17, 5, 20, 29, 4361)
(17, 5, 22, 7, 4400);ל;ע;ת;ם;א;י;כ;ם;כ;י;ת;ר;צ;ע;ב;ח;י;ר;א;א;(17, 5, 21, 18, 4381)
(17, 5, 22, 27, 4420);צ;ר;א;א;ל;ם;כ;י;ת;ח;נ;מ;ו;ת;ו;ל;ע;י;ל;ו;(17, 5, 22, 8, 4401)
(17, 5, 23, 2, 4440);ס;ה;ט;י;ב;א;א;ל;ם;כ;י;א;י;ר;מ;ם;ל;ש;ו;ה;(17, 5, 22, 28, 4421)
(17, 5, 23, 22, 4460);ב;נ;ת;ר;מ;ז;ו;ך;י;ר;ש;ן;ו;מ;ה;י;ל;ע;מ;ר;(17, 5, 23, 3, 4441)
(17, 5, 24, 11, 4480);פ;ש;מ;ם;י;מ;כ;ל;ג;י;ו;ע;מ;ש;א;א;ל;ך;י;ל;(17, 5, 23, 23, 4461)
(17, 5, 25, 6, 4500);ם;י;ח;ב;ז;ה;ן;ת;י;א;ל;ח;נ;כ;ה;ק;ד;צ;ו;ט;(17, 5, 24, 12, 4481)
(17, 5, 25, 26, 4520);ב;ר;א;ר;ב;ד;מ;ב;י;ל;ם;ת;ש;ג;ה;ה;ח;נ;מ;ו;(17, 5, 25, 7, 4501)
(17, 5, 26, 6, 4540);ם;ת;א;ש;נ;ו;ל;א;ר;ש;י;ת;י;ב;ה;נ;ש;ם;י;ע;(17, 5, 25, 27, 4521)
(17, 5, 26, 26, 4560);ל;צ;ן;ו;י;כ;ת;א;ו;ם;כ;כ;ל;מ;ת;ו;כ;ס;ת;א;(17, 5, 26, 7, 4541)
(17, 5, 26, 46, 4580);י;ש;ע;ר;ש;א;ם;כ;י;ה;ל;א;ב;כ;ו;כ;ם;כ;י;מ;(17, 5, 26, 27, 4561)
(17, 5, 27, 15, 4600);א;ל;ה;מ;ם;כ;ת;א;י;ת;י;ל;ג;ה;ו;ם;כ;ל;ם;ת;(17, 5, 26, 47, 4581)
(17, 5, 27, 35, 4620);א;ב;צ;י;ה;ל;א;ה;ו;ה;י;ר;מ;א;ק;ש;מ;ד;ל;ה;(17, 5, 27, 16, 4601)
(17, 6, 1, 15, 4640);ן;ו;י;צ;ב;ם;י;נ;נ;א;ש;ה;י;ו;ה;ו;מ;ש;ת;ו;(17, 5, 27, 36, 4621)
(17, 6, 1, 35, 4660);ר;י;ב;ק;נ;ן;ו;ר;מ;ש;ר;ה;ב;ם;י;ח;ט;ב;ה;ו;(17, 6, 1, 16, 4641)
(17, 6, 1, 55, 4680);י;ת;י;ב;ם;ה;ל;ו;א;ב;ו;ם;י;ו;ג;ה;ת;י;ש;א;(17, 6, 1, 36, 4661)
(17, 6, 2, 16, 4700);ו;כ;ל;ו;ו;א;ר;ו;ה;נ;ל;כ;ו;ר;ב;ע;ל;א;ר;ש;(17, 6, 1, 56, 4681)
(17, 6, 2, 36, 4720);י;ת;ש;ל;פ;ת;ג;ו;ד;ר;ו;ה;ב;ר;ת;מ;ח;ם;ש;מ;(17, 6, 2, 17, 4701)
(17, 6, 2, 56, 4740);ה;ל;א;ה;ת;ו;כ;ל;מ;מ;ה;ן;מ;ם;י;ב;ו;ט;ה;ם;(17, 6, 2, 37, 4721)
(17, 6, 3, 5, 4760);י;ד;נ;מ;ה;ם;כ;ל;ב;ג;מ;ם;ל;ו;ב;ג;ב;ר;ם;א;(17, 6, 2, 57, 4741)
(17, 6, 4, 1, 4780);ה;ס;מ;ח;ת;ב;ש;ן;ו;ש;ג;ת;ו;ע;ר;ם;ו;י;ל;ם;(17, 6, 3, 6, 4761)
(17, 6, 4, 21, 4800);ע;ם;י;ח;ר;ס;ו;ן;ש;ת;ו;ט;מ;ל;ע;ם;י;ב;כ;ש;(17, 6, 4, 2, 4781)
(17, 6, 4, 41, 4820);א;צ;מ;ם;י;ר;כ;ם;י;ל;כ;א;ו;ם;ת;ו;ש;ר;ע;ל;(17, 6, 4, 22, 4801)
(17, 6, 5, 5, 4840);י;ט;ר;פ;ה;ק;ב;ר;מ;ך;ו;ת;מ;ם;י;ל;ג;ע;ו;ן;(17, 6, 4, 42, 4821)
(17, 6, 5, 25, 4860);ה;ל;ו;ב;ש;ח;ד;י;ו;ד;כ;ל;ב;נ;ה;י;פ;ל;ע;ם;(17, 6, 5, 6, 4841)
(17, 6, 6, 13, 4880);י;י;י;ק;ר;ז;מ;ב;ם;י;ת;ש;ה;ר;י;ש;י;ל;כ;ם;(17, 6, 5, 26, 4861)
(17, 6, 6, 33, 4900);א;ל;ו;ו;ח;ש;מ;י;ם;י;נ;מ;ש;ת;י;ש;א;ר;ו;ן;(17, 6, 6, 14, 4881)
(17, 6, 7, 7, 4920);י;ה;ת;ע;ן;כ;ל;ף;ס;ו;י;ר;ב;ש;ל;ע;ו;ל;ח;נ;(17, 6, 6, 34, 4901)
(17, 6, 7, 27, 4940);ר;ס;ח;ז;ר;מ;ר;ס;ו;ם;י;ל;ג;ש;א;ר;ב;ו;ל;ג;(17, 6, 7, 8, 4921)
(17, 6, 8, 16, 4960);ש;פ;נ;ב;ה;ו;ה;י;י;נ;ד;א;ע;ב;ש;נ;ם;י;ח;ו;(17, 6, 7, 28, 4941)
(17, 6, 8, 36, 4980);א;ת;מ;ת;ו;א;ב;צ;י;ה;ל;א;ה;ו;ה;י;ם;א;נ;ו;(17, 6, 8, 17, 4961)
(17, 6, 8, 56, 5000);נ;מ;ר;א;ו;ב;ק;ע;י;ן;ו;א;ג;ת;א;י;כ;נ;א;ב;(17, 6, 8, 37, 4981)
(17, 6, 8, 76, 5020);מ;ו;ר;י;ע;י;ת;ר;ג;ס;ה;ו;י;ת;א;נ;ש;ו;י;ת;(17, 6, 8, 57, 5001)
(17, 6, 9, 17, 5040);נ;א;ה;ר;ש;ע;ו;ר;ת;ו;י;ם;א;ה;י;ה;ו;ה;א;ל;(17, 6, 8, 77, 5021)
(17, 6, 10, 6, 5060);ד;ו;א;ש;נ;ו;ו;ת;מ;ו;ד;ח;א;ת;י;ב;ב;ם;י;ש;(17, 6, 9, 18, 5041)
(17, 6, 10, 26, 5080);ם;י;מ;צ;ע;א;י;צ;ו;ה;ל;ו;פ;ר;ס;מ;ו;ו;ד;ו;(17, 6, 10, 7, 5061)
(17, 6, 10, 46, 5100);י;ת;כ;ר;י;ב;ר;ש;א;ל;ר;מ;א;ו;ת;י;ב;ה;ן;מ;(17, 6, 10, 27, 5081)
(17, 6, 10, 66, 5120);א;ו;ס;פ;א;ר;מ;א;ו;ך;מ;ע;ד;ו;ע;ה;ת;י;ב;ה;(17, 6, 10, 47, 5101)
(17, 6, 10, 86, 5140);ו;ה;י;ם;ש;ב;ר;י;כ;ז;ה;ל;א;ל;י;כ;ס;ה;ר;מ;(17, 6, 10, 67, 5121)
(17, 6, 11, 19, 5160);ב;ה;ה;כ;ה;ו;ה;ו;צ;מ;ה;ו;ה;י;ה;נ;ה;י;כ;ה;(17, 6, 10, 87, 5141)
(17, 6, 11, 39, 5180);ק;ה;ת;י;ב;ה;ו;ם;י;ס;י;ס;ר;ל;ו;ד;ג;ה;ת;י;(17, 6, 11, 20, 5161)
(17, 6, 12, 13, 5200);ס;ו;ס;ע;ל;ס;ב;ן;ו;צ;ר;י;ה;ם;י;ע;ק;ב;ן;ט;(17, 6, 11, 40, 5181)
(17, 6, 12, 33, 5220);כ;פ;ה;י;כ;ם;י;ר;ק;ב;ב;ש;ו;ר;ח;י;ם;א;ם;י;(17, 6, 12, 14, 5201)
(17, 6, 12, 53, 5240);ל;ל;ה;ק;ד;צ;י;ר;פ;ו;ט;פ;ש;מ;ש;א;ר;ל;ם;ת;(17, 6, 12, 34, 5221)
(17, 6, 13, 17, 5260);י;ר;מ;א;ה;ר;ב;ד;א;ל;ל;ם;י;ח;מ;ש;ה;ה;נ;ע;(17, 6, 12, 54, 5241)
(17, 6, 13, 37, 5280);ק;ו;נ;ל;ו;נ;ח;ק;ל;ו;נ;ק;ז;ח;ב;א;ו;ל;ה;ם;(17, 6, 13, 18, 5261)
(17, 6, 14, 16, 5300);ב;ם;כ;י;ל;ע;ם;י;ק;מ;י;נ;נ;ה;י;כ;ם;י;נ;ר;(17, 6, 13, 38, 5281)
(17, 6, 14, 36, 5320);צ;ה;י;ה;ל;א;ה;ו;ה;י;ם;א;נ;ל;א;ר;ש;י;ת;י;(17, 6, 14, 17, 5301)
(17, 6, 14, 56, 5340);ו;ב;ל;מ;ם;כ;ת;א;ו;צ;ח;ל;ו;י;ו;ג;ת;ו;א;ב;(17, 6, 14, 37, 5321)
(17, 7, 1, 6, 5360);נ;א;ר;ה;ה;כ;ה;ב;ר;ע;ה;ל;ח;נ;ד;ע;ת;מ;ח;א;(17, 6, 14, 57, 5341)
(17, 7, 1, 26, 5380);י;ב;ג;ר;צ;ו;י;ה;נ;ה;ו;ה;ו;ה;י;י;נ;ד;א;י;(17, 7, 1, 7, 5361)
(17, 7, 1, 46, 5400);ש;ק;ל;ה;נ;ה;ו;ש;ק;ל;ה;ת;ו;ל;ע;ת;ל;ח;ת;ב;(17, 7, 1, 27, 5381)
(17, 7, 2, 10, 5420);ל;ה;ל;כ;ם;א;ה;י;ה;ו;ך;ל;מ;ה;י;ז;ג;ר;ח;א;(17, 7, 1, 47, 5401)
(17, 7, 2, 30, 5440);נ;ד;א;ר;מ;א;ו;ץ;ר;א;ה;ב;ש;ע;ת;א;ל;ו;כ;א;(17, 7, 2, 11, 5421)
(17, 7, 2, 50, 5460);ב;ק;ע;י;ם;ו;ק;י;י;מ;א;נ;ח;ל;ס;ה;ו;ה;י;י;(17, 7, 2, 31, 5441)
(17, 7, 3, 12, 5480);ת;א;ז;ל;ע;ה;ו;ה;י;ם;ח;נ;א;ו;ה;ן;ט;ק;י;כ;(17, 7, 2, 51, 5461)
(17, 7, 4, 7, 5500);י;נ;א;ר;ה;ה;כ;ה;ו;ה;י;ר;מ;א;ה;י;ה;ת;א;ל;(17, 7, 3, 13, 5481)
(17, 7, 4, 27, 5520);א;ב;ב;ר;ל;א;ר;ק;ה;נ;ה;ו;ה;ו;ה;י;י;נ;ד;א;(17, 7, 4, 8, 5501)
(17, 7, 4, 47, 5540);ם;ו;ה;ת;ת;א;ל;כ;א;ת;ו;ה;ו;ה;י;י;נ;ד;א;ש;(17, 7, 4, 28, 5521)
(17, 7, 5, 6, 5560);ד;א;ר;מ;א;ו;ק;ל;ח;ה;ת;א;ה;ל;כ;א;ו;ה;ב;ר;(17, 7, 4, 48, 5541)
(17, 7, 5, 26, 5580);ק;ע;י;ם;ו;ק;י;י;מ;א;נ;ל;ד;ח;ה;ו;ה;י;י;נ;(17, 7, 5, 7, 5561)
(17, 7, 6, 11, 5600);א;ז;ל;ע;ה;ו;ה;י;ם;ח;נ;א;ו;ה;ן;ט;ק;י;כ;ב;(17, 7, 5, 27, 5581)
(17, 7, 6, 31, 5620);י;י;נ;ד;א;ר;מ;א;ה;י;ה;ת;א;ל;א;י;ה;ם;ג;ת;(17, 7, 6, 12, 5601)
(17, 7, 7, 17, 5640);צ;נ;י;נ;ד;א;ה;נ;ה;ו;י;נ;א;ר;ה;ה;כ;ה;ו;ה;(17, 7, 6, 32, 5621)
(17, 7, 8, 2, 5660);י;ו;ך;נ;א;ו;ד;י;ב;ו;ך;נ;א;ת;מ;ו;ח;ל;ע;ב;(17, 7, 7, 18, 5641)
(17, 7, 8, 22, 5680);מ;ע;ה;א;ר;ה;ת;א;ה;מ;י;ל;א;ה;ו;ה;י;ר;מ;א;(17, 7, 8, 3, 5661)
(17, 7, 8, 42, 5700);נ;ה;י;נ;ד;א;ר;מ;א;י;ו;ך;נ;א;ר;מ;א;ו;ס;ו;(17, 7, 8, 23, 5681)
(17, 7, 8, 62, 5720);ל;ל;א;ר;ש;י;י;מ;ע;ב;ר;ק;ב;ך;נ;א;ם;ש;י;נ;(17, 7, 8, 43, 5701)
(17, 7, 9, 5, 5740);ו;מ;ש;נ;ו;ו;ל;ר;ו;ב;ע;ד;ו;ע;ף;י;ס;ו;א;א;(17, 7, 8, 63, 5721)
(17, 7, 9, 25, 5760);י;ל;א;ר;ש;י;י;ש;ד;ק;מ;ו;ק;ח;ש;י;ת;ו;מ;ב;(17, 7, 9, 6, 5741)
(17, 7, 9, 45, 5780);ב;ם;ע;ב;ר;י;ת;י;ב;ל;ע;י;ת;מ;ק;ו;ו;ב;ר;ח;(17, 7, 9, 26, 5761)
(17, 7, 10, 17, 5800);א;ת;י;ב;ן;ה;כ;ה;י;צ;מ;א;ח;ל;ש;י;ו;ב;ר;ח;(17, 7, 9, 46, 5781)
(17, 7, 10, 37, 5820);ר;מ;א;ל;ל;א;ר;ש;י;ך;ל;מ;ם;ע;ב;ר;י;ל;א;ל;(17, 7, 10, 18, 5801)
(17, 7, 10, 57, 5840);ש;י;ת;י;ב;ב;ר;ק;ב;ס;ו;מ;ע;ך;י;ל;ע;ר;ש;ק;(17, 7, 10, 38, 5821)
(17, 7, 10, 77, 5860);ת;א;ל;י;כ;ה;ל;ץ;ר;א;ה;ל;כ;ו;ת;א;ל;ל;א;ר;(17, 7, 10, 58, 5841)
(17, 7, 11, 13, 5880);ח;ב;ס;ו;מ;ע;ר;מ;א;ה;כ;י;כ;ו;י;ר;ב;ד;ל;כ;(17, 7, 10, 78, 5861)
(17, 7, 11, 33, 5900);ה;ל;ג;ל;א;ר;ש;י;ו;ם;ע;ב;ר;י;ת;ו;מ;י;ב;ר;(17, 7, 11, 14, 5881)
(17, 7, 12, 8, 5920);צ;מ;א;ר;מ;א;י;ו;ו;ת;מ;ד;א;ל;ע;מ;ה;ל;ג;י;(17, 7, 11, 34, 5901)
(17, 7, 12, 28, 5940);ל;א;ך;ל;ח;ר;ב;ך;ל;ה;ז;ח;ס;ו;מ;ע;ל;א;ה;י;(17, 7, 12, 9, 5921)
(17, 7, 12, 48, 5960);ם;ש;ו;ם;ח;ל;ם;ש;ל;כ;א;ו;ה;ד;ו;ה;י;ץ;ר;א;(17, 7, 12, 29, 5941)
(17, 7, 13, 16, 5980);ד;ו;ע;ף;י;ס;ו;ת;א;ל;ל;א;ת;י;ב;ו;א;ב;נ;ת;(17, 7, 12, 49, 5961)
(17, 7, 13, 36, 6000);י;ב;ו;א;ו;ה;ך;ל;מ;ש;ד;ק;מ;י;כ;א;ב;נ;ה;ל;(17, 7, 13, 17, 5981)
(17, 7, 14, 11, 6020);א;י;ו;ס;ו;מ;ע;ן;ע;י;ו;א;ו;ה;ה;כ;ל;מ;מ;ת;(17, 7, 13, 37, 6001)
(17, 7, 14, 31, 6040);ו;י;כ;נ;א;א;י;ב;נ;א;ל;ה;י;צ;מ;א;ל;א;ר;מ;(17, 7, 14, 12, 6021)
(17, 7, 14, 51, 6060);נ;א;ר;ק;ו;ב;י;כ;י;כ;נ;א;א;י;ב;נ;ן;ב;א;ל;(17, 7, 14, 32, 6041)
(17, 7, 15, 8, 6080);ה;י;י;נ;ח;ק;י;ו;ם;י;מ;ק;ש;ס;ל;ו;ב;ו;י;כ;(17, 7, 14, 52, 6061)
(17, 7, 15, 28, 6100);י;י;ל;א;ר;מ;א;י;ו;ן;א;צ;ה;י;ר;ח;א;מ;ה;ו;(17, 7, 15, 9, 6081)
(17, 7, 16, 1, 6120);ו;ל;א;ר;ש;י;י;מ;ע;ל;א;א;ב;נ;ה;ך;ל;ה;ו;ה;(17, 7, 15, 29, 6101)
(17, 7, 16, 21, 6140);ל;ר;מ;א;ה;ת;א;ה;ו;ה;י;ר;ב;ד;ע;מ;ש;ה;ת;ע;(17, 7, 16, 2, 6121)
(17, 7, 16, 41, 6160);ע;ף;י;ט;ת;א;ל;ו;ל;א;ר;ש;י;ל;ע;א;ב;נ;ת;א;(17, 7, 16, 22, 6141)
(17, 7, 17, 12, 6180);ה;ו;ה;י;ר;מ;א;ה;כ;ן;כ;ל;ק;ח;ש;י;ת;י;ב;ל;(17, 7, 16, 42, 6161)
(17, 7, 17, 32, 6200);נ;ב;ו;ך;י;נ;ב;ו;ה;נ;ז;ת;ר;י;ע;ב;ך;ת;ש;א;(17, 7, 17, 13, 6181)
(17, 7, 17, 52, 6220);ב;ח;ב;ך;ת;מ;ד;א;ו;ו;ל;פ;י;ב;ר;ח;ב;ך;י;ת;(17, 7, 17, 33, 6201)
(17, 7, 17, 72, 6240);ת;ה;א;מ;ט;ה;מ;ד;א;ל;ע;ה;ת;א;ו;ק;ל;ח;ת;ל;(17, 7, 17, 53, 6221)
(17, 7, 17, 92, 6260);א;ל;ע;מ;ה;ל;ג;י;ה;ל;ג;ל;א;ר;ש;י;ו;ת;ו;מ;(17, 7, 17, 73, 6241)
(17, 8, 1, 16, 6280);ו;ה;ו;ה;י;י;נ;ד;א;י;נ;א;ר;ה;ה;כ;ו;ת;מ;ד;(17, 7, 17, 93, 6261)
(17, 8, 2, 10, 6300);ה;ת;א;ה;מ;ר;מ;א;י;ו;ץ;י;ק;ב;ו;ל;כ;ה;נ;ה;(17, 8, 1, 17, 6281)
(17, 8, 2, 30, 6320);י;ו;ץ;י;ק;ב;ו;ל;כ;ר;מ;א;ו;ס;ו;מ;ע;ה;א;ר;(17, 8, 2, 11, 6301)
(17, 8, 2, 50, 6340);י;מ;ע;ל;א;ץ;ק;ה;א;ב;י;ל;א;ה;ו;ה;י;ר;מ;א;(17, 8, 2, 31, 6321)
(17, 8, 2, 70, 6360);ל;ר;ו;ב;ע;ד;ו;ע;ף;י;ס;ו;א;א;ל;ל;א;ר;ש;י;(17, 8, 2, 51, 6341)
(17, 8, 3, 19, 6380);ו;י;ב;ל;כ;י;ה;ת;ו;ר;י;ש;ו;ל;י;ל;י;ה;ו;ו;(17, 8, 2, 71, 6361)
(17, 8, 3, 39, 6400);פ;ה;ב;ר;ה;ו;ה;י;י;נ;ד;א;ם;א;נ;א;ו;ה;ה;ם;(17, 8, 3, 20, 6381)
(17, 8, 4, 4, 6420);ו;ע;מ;ש;ס;ה;ך;י;ל;ש;ה;ם;ו;ק;מ;ל;כ;ב;ר;ג;(17, 8, 3, 40, 6401)
(17, 8, 4, 24, 6440);ת;י;ב;ש;ל;ו;ן;ו;י;ב;א;ם;י;פ;א;ש;ה;ת;א;ז;(17, 8, 4, 5, 6421)
(17, 8, 5, 13, 6460);ח;ה;ר;ב;ע;י;י;ת;מ;ר;מ;א;ל;ץ;ר;א;י;ו;נ;ע;(17, 8, 4, 25, 6441)
(17, 8, 5, 33, 6480);פ;נ;ו;ת;ב;ש;ה;ו;ר;ב;ש;ה;ר;י;ב;ש;נ;ו;ש;ד;(17, 8, 5, 14, 6461)
(17, 8, 5, 53, 6500);ד;ג;ה;ל;ו;ה;פ;י;א;ן;י;ט;ק;ה;ל;ר;ב;ה;ח;ת;(17, 8, 5, 34, 6481)
(17, 8, 6, 1, 6520);ל;ה;מ;ר;מ;י;נ;ז;א;מ;ת;ו;ע;ל;ו;ל;ק;ש;ל;י;(17, 8, 5, 54, 6501)
(17, 8, 6, 21, 6540);ע;ב;ן;ו;י;ב;א;ו;ם;י;ל;ד;ף;ס;כ;ב;ת;ו;נ;ק;(17, 8, 6, 2, 6521)
(17, 8, 7, 1, 6560);נ;ר;י;ב;ש;נ;ר;ב;ל;פ;מ;ו;ם;י;ל;ע;נ;ר;ו;ב;(17, 8, 6, 22, 6541)
(17, 8, 7, 21, 6580);ש;א;ם;א;ב;ק;ע;י;ן;ו;א;ג;ב;ה;ו;ה;י;ע;ב;ש;(17, 8, 7, 2, 6561)
(17, 8, 8, 6, 6600);ת;א;ז;ל;ע;ה;ם;ה;י;ש;ע;מ;ל;כ;ח;צ;נ;ל;ח;כ;(17, 8, 7, 22, 6581)
(17, 8, 8, 26, 6620);ב;ש;ו;י;ל;כ;ל;ב;א;ו;ץ;ר;א;ה;ז;ג;ר;ת;א;ל;(17, 8, 8, 7, 6601)
(17, 8, 8, 46, 6640);ו;ה;ש;ר;ג;נ;ו;ה;ל;כ;ר;א;כ;ה;ת;ל;ע;ו;ה;ב;(17, 8, 8, 27, 6621)
(17, 8, 9, 6, 6660);י;ב;ה;י;ה;ו;ם;י;ר;צ;מ;ר;ו;א;י;כ;ה;ק;ש;נ;(17, 8, 8, 47, 6641)
(17, 8, 9, 26, 6680);ב;ה;ו;ה;ו;ה;י;י;נ;ד;א;ם;א;נ;א;ו;ה;ה;ם;ו;(17, 8, 9, 7, 6661)
(17, 8, 9, 46, 6700);י;ת;כ;ש;ח;ה;ו;ם;י;ר;ה;צ;ב;ש;מ;ש;ה;י;ת;א;(17, 8, 9, 27, 6681)
(17, 8, 10, 9, 6720);י;ג;ח;י;ת;כ;פ;ה;ו;ר;ו;א;ם;ו;י;ב;ץ;ר;א;ל;(17, 8, 9, 47, 6701)
(17, 8, 10, 29, 6740);ה;נ;י;ק;ל;ם;כ;י;ר;י;ש;ל;כ;ו;ל;ב;א;ל;ם;כ;(17, 8, 10, 10, 6721)
(17, 8, 10, 49, 6760);ע;ו;ק;ש;ם;י;נ;ת;מ;ל;כ;ל;ע;י;ת;י;ל;ע;ה;ו;(17, 8, 10, 30, 6741)
(17, 8, 10, 69, 6780);ל;ב;א;כ;ה;י;ת;מ;ש;ו;ה;ח;ר;ק;ש;א;ר;ל;כ;ל;(17, 8, 10, 50, 6761)
(17, 8, 11, 3, 6800);ה;נ;ה;ר;מ;ם;ו;י;כ;ה;ת;י;ר;ח;א;ו;ד;י;ח;י;(17, 8, 10, 70, 6781)
(17, 8, 11, 23, 6820);ו;ה;ו;ה;י;י;נ;ד;א;ם;א;נ;ם;י;א;ב;ם;י;מ;י;(17, 8, 11, 4, 6801)
(17, 8, 11, 43, 6840);ל;ל;ב;ע;ר;א;ל;ץ;ר;א;ב;ב;ע;ר;י;ת;ח;ל;ש;ה;(17, 8, 11, 24, 6821)
(17, 8, 11, 63, 6860);ע;מ;ש;ל;ם;א;י;כ;ם;י;מ;ל;א;מ;צ;א;ל;ו;ם;ח;(17, 8, 11, 44, 6841)
(17, 8, 12, 10, 6880);י;ד;ע;ם;י;מ;ו;ע;נ;ו;ה;ו;ה;י;י;ר;ב;ד;ת;א;(17, 8, 11, 64, 6861)
(17, 8, 12, 30, 6900);ו;ט;ט;ו;ש;י;ח;ר;ז;מ;ד;ע;ו;ן;ו;פ;צ;מ;ו;ם;(17, 8, 12, 11, 6881)
(17, 8, 12, 50, 6920);א;צ;מ;י;א;ל;ו;ה;ו;ה;י;ר;ב;ד;ת;א;ש;ק;ב;ל;(17, 8, 12, 31, 6901)
(17, 8, 13, 19, 6940);ו;ת;ב;ה;ה;נ;פ;ל;ע;ת;ת;א;ו;ה;ה;ם;ו;י;ב;ו;(17, 8, 12, 51, 6921)
(17, 8, 14, 1, 6960);ה;א;מ;צ;ב;ם;י;ר;ו;ח;ב;ה;ו;ת;ו;פ;י;ה;ת;ל;(17, 8, 13, 20, 6941)
(17, 8, 14, 21, 6980);ר;מ;א;ו;ן;ו;ר;מ;ש;ת;מ;ש;א;ב;ם;י;ע;ב;ש;נ;(17, 8, 14, 2, 6961)
(17, 8, 14, 41, 7000);ש;ר;א;ב;ך;ר;ד;י;ח;ו;ן;ד;ך;י;ה;ל;א;י;ח;ו;(17, 8, 14, 22, 6981)
(17, 9, 1, 2, 7020);א;ר;ד;ו;ע;ו;מ;ו;ק;י;א;ל;ו;ו;ל;פ;נ;ו;ע;ב;(17, 8, 14, 42, 7001)
(17, 9, 1, 22, 7040);ו;ח;ב;ז;מ;ה;ל;ע;ב;צ;נ;י;נ;ד;א;ת;א;י;ת;י;(17, 9, 1, 3, 7021)
(17, 9, 1, 42, 7060);ס;ה;ו;ש;ע;ר;י;ו;ר;ו;ת;פ;כ;ה;ך;ה;ר;מ;א;י;(17, 9, 1, 23, 7041)
(17, 9, 1, 62, 7080);י;ר;ח;א;ו;ם;ל;כ;ש;א;ר;ב;ם;ע;צ;ב;ו;ם;י;פ;(17, 9, 1, 43, 7061)
(17, 9, 1, 82, 7100);נ;ם;ה;ל;ס;ו;נ;י;א;ל;ג;ר;ה;א;ב;ר;ח;ב;ם;ת;(17, 9, 1, 63, 7081)
(17, 9, 2, 5, 7120);ת;ח;י;ם;א;ט;י;ל;פ;ם;ה;ל;ט;ל;מ;י;א;ל;ו;ס;(17, 9, 1, 83, 7101)
(17, 9, 2, 25, 7140);ם;א;ו;ם;ח;ק;ת;י;ד;י;ם;ש;מ;ל;ו;א;ש;ב;ו;ר;(17, 9, 2, 6, 7121)
(17, 9, 3, 2, 7160);א;ו;ם;ד;י;ר;ו;א;ם;ש;מ;ם;י;מ;ש;ה;ו;ל;ע;י;(17, 9, 2, 26, 7141)
(17, 9, 3, 22, 7180);ח;א;ם;ש;מ;ל;מ;ר;כ;ה;ש;א;ר;ב;ו;א;ב;ח;י;ם;(17, 9, 3, 3, 7161)
(17, 9, 3, 42, 7200);ג;נ;מ;ו;ר;ת;ס;י;ם;א;ו;ם;י;ת;ח;ק;ל;ו;ש;פ;(17, 9, 3, 23, 7181)
(17, 9, 3, 62, 7220);ה;ו;צ;א;ם;ש;מ;ם;י;ה;ע;ק;ר;ק;ב;י;נ;י;ע;ד;(17, 9, 3, 43, 7201)
(17, 9, 4, 9, 7240);ש;ב;ו;כ;ל;י;ם;א;ו;ם;כ;ש;נ;ו;ש;ח;נ;ה;ת;א;(17, 9, 3, 63, 7221)
(17, 9, 4, 29, 7260);א;ה;ו;צ;א;ם;ש;מ;ם;ה;י;ב;י;א;י;נ;פ;ל;י;ב;(17, 9, 4, 10, 7241)
(17, 9, 4, 49, 7280);י;נ;י;ע;י;ת;מ;ש;ו;ם;ת;ג;ר;ה;ו;ב;ר;ח;ה;ת;(17, 9, 4, 30, 7261)
(17, 9, 5, 3, 7300);ד;א;ו;ה;ב;ו;ט;ל;א;ל;ו;ה;ע;ר;ל;ם;ה;י;ל;ע;(17, 9, 4, 50, 7281)
(17, 9, 5, 23, 7320);ר;א;ב;ע;ג;ו;נ;ה;ת;ו;א;ב;צ;ה;ה;ו;ה;י;י;נ;(17, 9, 5, 4, 7301)
(17, 9, 5, 43, 7340);ה;ב;י;ב;ש;ו;י;ל;כ;ו;ל;ב;א;ו;ג;ו;מ;ת;ו;ץ;(17, 9, 5, 24, 7321)
(17, 9, 5, 63, 7360);א;י;כ;ה;ע;ק;ש;ו;ה;ל;כ;ר;א;י;כ;ה;ת;ל;ע;ו;(17, 9, 5, 44, 7341)
(17, 9, 6, 14, 7380);ו;ל;ע;מ;ם;י;מ;ש;ב;ה;נ;ו;ב;ה;ם;י;ר;צ;מ;ר;(17, 9, 5, 64, 7361)
(17, 9, 6, 34, 7400);ר;ק;ה;ה;ד;ס;י;ץ;ר;א;ל;ע;ו;ת;ד;ג;א;ו;ו;ת;(17, 9, 6, 15, 7381)
(17, 9, 6, 54, 7420);א;ה;י;נ;פ;ל;ע;ם;כ;פ;ש;י;ו;ם;י;ה;י;מ;ל;א;(17, 9, 6, 35, 7401)
(17, 9, 7, 11, 7440);י;ש;כ;י;נ;ב;כ;א;ו;ל;ה;ו;מ;ש;ה;ו;ה;י;ץ;ר;(17, 9, 6, 55, 7421)
(17, 9, 7, 31, 7460);ה;י;ם;א;נ;ל;א;ר;ש;י;י;נ;ב;י;ל;ם;ת;א;ם;י;(17, 9, 7, 12, 7441)
(17, 9, 7, 51, 7480);מ;י;ת;י;ל;ע;ה;ל;א;ר;ש;י;ת;א;א;ו;ל;ה;ה;ו;(17, 9, 7, 32, 7461)
(17, 9, 7, 71, 7500);ת;פ;כ;מ;ם;י;י;ת;ש;ל;פ;ו;ם;י;ר;צ;מ;ץ;ר;א;(17, 9, 7, 52, 7481)
(17, 9, 8, 10, 7520);נ;ד;א;י;נ;י;ע;ה;נ;ה;ר;י;ק;מ;ם;ר;א;ו;ר;ו;(17, 9, 7, 72, 7501)
(17, 9, 8, 30, 7540);מ;ש;ה;ו;ה;א;ט;ח;ה;ה;כ;ל;מ;מ;ב;ה;ו;ה;י;י;(17, 9, 8, 11, 7521)
(17, 9, 8, 50, 7560);ס;פ;א;ה;מ;ד;א;ה;י;נ;פ;ל;ע;מ;ה;ת;א;י;ת;ד;(17, 9, 8, 31, 7541)
(17, 9, 8, 70, 7580);י;ת;י;ב;ת;א;ד;י;מ;ש;א;ד;י;מ;ש;ה;א;ל;י;כ;(17, 9, 8, 51, 7561)
(17, 9, 9, 10, 7600);מ;י;כ;נ;א;ה;נ;ה;י;כ;ה;ו;ה;י;ם;א;נ;ב;ק;ע;(17, 9, 8, 71, 7581)
(17, 9, 9, 30, 7620);ת;א;ם;י;ו;ג;ה;ל;כ;ב;י;ת;ו;ע;נ;ה;ו;ה;ו;צ;(17, 9, 9, 11, 7601)
(17, 9, 9, 50, 7640);ר;ב;כ;ב;ע;ו;נ;י;ר;ש;א;כ;ל;א;ר;ש;י;ת;י;ב;(17, 9, 9, 31, 7621)
(17, 9, 10, 5, 7660);י;ב;ר;ח;ב;ץ;ר;א;ר;ו;ר;צ;ל;ו;פ;י;א;ל;ו;ה;(17, 9, 9, 51, 7641)
(17, 9, 10, 25, 7680);ל;ם;י;ר;מ;א;ה;י;מ;ע;י;א;ט;ח;ל;כ;ו;ת;ו;מ;(17, 9, 10, 6, 7661)
(17, 9, 10, 45, 7700);ע;ר;ה;ו;נ;י;ד;ע;ב;ם;י;ד;ק;ת;ו;ש;י;ג;ת;א;(17, 9, 10, 26, 7681)
(17, 9, 11, 19, 7720);ו;ד;ת;כ;ס;ת;א;ם;י;ק;א;א;ו;ה;ה;ם;ו;י;ב;ה;(17, 9, 10, 46, 7701)
(17, 9, 11, 39, 7740);ה;י;צ;ר;פ;ת;א;י;ת;ר;ד;ג;ו;ת;ל;פ;נ;ה;ד;י;(17, 9, 11, 20, 7721)
(17, 9, 11, 59, 7760);כ;ה;י;ת;י;נ;ב;ו;ם;י;ק;א;ו;י;ת;ס;ר;ה;ו;ן;(17, 9, 11, 40, 7741)
(17, 9, 12, 13, 7780);א;ש;ת;א;ו;ש;ר;י;י;ן;ע;מ;ל;ם;ל;ו;ע;י;מ;י;(17, 9, 11, 60, 7761)
(17, 9, 12, 33, 7800);ק;נ;ר;ש;א;ם;י;ו;ג;ה;ל;כ;ו;ם;ו;ד;א;ת;י;ר;(17, 9, 12, 14, 7781)
(17, 9, 12, 53, 7820);ה;ש;ע;ה;ו;ה;י;ם;א;נ;ם;ה;י;ל;ע;י;מ;ש;א;ר;(17, 9, 12, 34, 7801)
(17, 9, 13, 17, 7840);ו;ה;י;ם;א;נ;ם;י;א;ב;ם;י;מ;י;ה;נ;ה;ת;א;ז;(17, 9, 12, 54, 7821)
(17, 9, 13, 37, 7860);ב;נ;ע;ך;ר;ד;ו;ר;צ;ק;ב;ש;ר;ו;ח;ש;ג;נ;ו;ה;(17, 9, 13, 18, 7841)
(17, 9, 13, 57, 7880);י;ר;ה;ה;ו;פ;י;ט;ה;ו;ע;ר;ז;ה;ך;ש;מ;ב;ם;י;(17, 9, 13, 38, 7861)
(17, 9, 13, 77, 7900);ג;ג;ו;מ;ת;ת;ת;ו;ע;ב;ג;ה;ל;כ;ו;ס;י;ס;ע;ם;(17, 9, 13, 58, 7881)
(17, 9, 14, 18, 7920);א;ר;ש;י;י;מ;ע;ת;ו;ב;ש;ת;א;י;ת;ב;ש;ו;ה;נ;(17, 9, 13, 78, 7901)
(17, 9, 14, 38, 7940);ו;ו;ב;ש;י;ו;ת;ו;מ;ש;נ;ם;י;ר;ע;ו;נ;ב;ו;ל;(17, 9, 14, 19, 7921)
(17, 9, 14, 58, 7960);ו;ם;נ;י;י;ת;א;ו;ת;ש;ו;ם;י;מ;ר;כ;ו;ע;ט;נ;(17, 9, 14, 39, 7941)
(17, 9, 15, 1, 7980);ו;ם;ה;י;ר;פ;ת;א;ו;ל;כ;א;ו;ת;ו;נ;ג;ו;ש;ע;(17, 9, 14, 59, 7961)
(17, 9, 15, 21, 8000);ש;ת;נ;י;א;ל;ו;ם;ת;מ;ד;א;ל;ע;ם;י;ת;ע;ט;נ;(17, 9, 15, 2, 7981)
(17, 9, 15, 41, 8020);ל;י;ת;ת;נ;ר;ש;א;ם;ת;מ;ד;א;ל;ע;מ;ד;ו;ע;ו;(17, 9, 15, 22, 8001)
(17, 9, 15, 55, 8034); ; ; ; ; ; ;ך;י;ה;ל;א;ה;ו;ה;י;ר;מ;א;ם;ה;(17, 9, 15, 42, 8021)
