(25, 1, 1, 20, 20);ד;ל;ם;י;ת;ש;ת;נ;ש;ב;י;נ;י;מ;ש;ה;ש;ד;ח;ב;(25, 1, 1, 1, 1)
(25, 1, 1, 40, 40);י;ר;כ;ז;ל;א;ה;ו;ה;י;ר;ב;ד;ה;י;ה;ש;ו;י;ר;(25, 1, 1, 21, 21)
(25, 1, 1, 60, 60);א;ל;א;י;ב;נ;ה;ו;ד;ע;ן;ב;ה;י;כ;ר;ב;ן;ב;ה;(25, 1, 1, 41, 41)
(25, 1, 2, 18, 80);צ;ק;ם;כ;י;ת;ו;ב;א;ל;ע;ה;ו;ה;י;ף;צ;ק;ר;מ;(25, 1, 1, 61, 61)
(25, 1, 3, 19, 100);צ;ה;ו;ה;י;ר;מ;א;ה;כ;ם;ה;ל;א;ת;ר;מ;א;ו;ף;(25, 1, 2, 19, 81)
(25, 1, 3, 39, 120);ב;צ;ה;ו;ה;י;ם;א;נ;י;ל;א;ו;ב;ו;ש;ת;ו;א;ב;(25, 1, 3, 20, 101)
(25, 1, 3, 59, 140);ה;ו;ה;י;ר;מ;א;ם;כ;י;ל;א;ב;ו;ש;א;ו;ת;ו;א;(25, 1, 3, 40, 121)
(25, 1, 4, 15, 160);ש;א;ם;כ;י;ת;ב;א;כ;ו;י;ה;ת;ל;א;ת;ו;א;ב;צ;(25, 1, 3, 60, 141)
(25, 1, 4, 35, 180);א;ר;ה;ם;י;א;י;ב;נ;ה;ם;ה;י;ל;א;ו;א;ר;ק;ר;(25, 1, 4, 16, 161)
(25, 1, 4, 55, 200);א;ב;צ;ה;ו;ה;י;ר;מ;א;ה;כ;ר;מ;א;ל;ם;י;נ;ש;(25, 1, 4, 36, 181)
(25, 1, 4, 75, 220);ם;י;ע;ר;ה;ם;כ;י;כ;ר;ד;מ;א;נ;ו;ב;ו;ש;ת;ו;(25, 1, 4, 56, 201)
(25, 1, 4, 95, 240);ע;מ;ש;א;ל;ו;ם;י;ע;ר;ה;ם;כ;י;ל;י;ל;ע;מ;ו;(25, 1, 4, 76, 221)
(25, 1, 4, 115, 260);ה;ו;ה;י;ם;א;נ;י;ל;א;ו;ב;י;ש;ק;ה;א;ל;ו;ו;(25, 1, 4, 96, 241)
(25, 1, 5, 20, 280);ה;ם;י;א;ב;נ;ה;ו;ם;ה;ה;י;א;ם;כ;י;ת;ו;ב;א;(25, 1, 5, 1, 261)
(25, 1, 6, 11, 300);א;י;ק;ח;ו;י;ר;ב;ד;ך;א;ו;י;ח;י;ם;ל;ו;ע;ל;(25, 1, 5, 21, 281)
(25, 1, 6, 31, 320);ם;י;א;י;ב;נ;ה;י;ד;ב;ע;ת;א;י;ת;י;ו;צ;ר;ש;(25, 1, 6, 12, 301)
(25, 1, 6, 51, 340);ב;ו;ש;י;ו;ם;כ;י;ת;ב;א;ו;ג;י;ש;ה;א;ו;ל;ה;(25, 1, 6, 32, 321)
(25, 1, 6, 71, 360);ב;צ;ה;ו;ה;י;ם;מ;ז;ר;ש;א;כ;ו;ר;מ;א;י;ו;ו;(25, 1, 6, 52, 341)
(25, 1, 6, 91, 380);כ;ו;ו;נ;י;כ;ר;ד;כ;ו;נ;ל;ת;ו;ש;ע;ל;ת;ו;א;(25, 1, 6, 72, 361)
(25, 1, 7, 4, 400);ם;ו;י;ב;ו;נ;ת;א;ה;ש;ע;ן;כ;ו;נ;י;ל;ל;ע;מ;(25, 1, 6, 92, 381)
(25, 1, 7, 24, 420);ח;ר;ש;ע;י;ת;ש;ע;ל;ה;ע;ב;ר;א;ו;ם;י;ר;ש;ע;(25, 1, 7, 5, 401)
(25, 1, 7, 44, 440);ל;ם;י;ת;ש;ת;נ;ש;ב;ט;ב;ש;ש;ד;ח;א;ו;ה;ש;ד;(25, 1, 7, 25, 421)
(25, 1, 7, 64, 460);ר;כ;ז;ל;א;ה;ו;ה;י;ר;ב;ד;ה;י;ה;ש;ו;י;ר;ד;(25, 1, 7, 45, 441)
(25, 1, 7, 84, 480);י;ב;נ;ה;א;ו;ד;ע;ן;ב;ו;ה;י;כ;ר;ב;ן;ב;ה;י;(25, 1, 7, 65, 461)
(25, 1, 8, 15, 500);א;ה;נ;ה;ו;ה;ל;י;ל;ה;י;ת;י;א;ר;ר;מ;א;ל;א;(25, 1, 7, 85, 481)
(25, 1, 8, 35, 520);ד;מ;ע;א;ו;ה;ו;ם;ד;א;ס;ו;ס;ל;ע;ב;כ;ר;ש;י;(25, 1, 8, 16, 501)
(25, 1, 8, 55, 540);ח;א;ו;ה;ל;צ;מ;ב;ר;ש;א;ם;י;ס;ד;ה;ה;ן;י;ב;(25, 1, 8, 36, 521)
(25, 1, 8, 75, 560);ל;ו;ם;י;ק;ר;ש;ם;י;מ;ד;א;ם;י;ס;ו;ס;ו;י;ר;(25, 1, 8, 56, 541)
(25, 1, 9, 16, 580);א;י;ו;י;נ;ד;א;ה;ל;א;ה;מ;ר;מ;א;ו;ם;י;נ;ב;(25, 1, 8, 76, 561)
(25, 1, 9, 36, 600);א;י;נ;א;י;ב;ר;ב;ד;ה;ך;א;ל;מ;ה;י;ל;א;ר;מ;(25, 1, 9, 17, 581)
(25, 1, 10, 9, 620);ה;ש;י;א;ה;ן;ע;י;ו;ה;ל;א;ה;מ;ה;ה;מ;ך;א;ר;(25, 1, 9, 37, 601)
(25, 1, 10, 29, 640);ה;ל;א;ר;מ;א;י;ו;ם;י;ס;ד;ה;ה;ן;י;ב;ד;מ;ע;(25, 1, 10, 10, 621)
(25, 1, 10, 49, 660);ץ;ר;א;ב;ך;ל;ה;ת;ה;ל;ה;ו;ה;י;ח;ל;ש;ר;ש;א;(25, 1, 10, 30, 641)
(25, 1, 11, 20, 680);ב;ד;מ;ע;ה;ה;ו;ה;י;ך;א;ל;מ;ת;א;ו;נ;ע;י;ו;(25, 1, 11, 1, 661)
(25, 1, 11, 40, 700);נ;כ;ל;ה;ת;ה;ו;ר;מ;א;י;ו;ם;י;ס;ד;ה;ה;ן;י;(25, 1, 11, 21, 681)
(25, 1, 11, 60, 720);ו;ת;ב;ש;י;ץ;ר;א;ה;ל;כ;ה;נ;ה;ו;ץ;ר;א;ב;ו;(25, 1, 11, 41, 701)
(25, 1, 12, 16, 740);מ;א;י;ו;ה;ו;ה;י;ך;א;ל;מ;ן;ע;י;ו;ת;ט;ק;ש;(25, 1, 11, 61, 721)
(25, 1, 12, 36, 760);א;ל;ה;ת;א;י;ת;מ;ד;ע;ת;ו;א;ב;צ;ה;ו;ה;י;ר;(25, 1, 12, 17, 741)
(25, 1, 12, 56, 780);ה;י;י;ר;ע;ת;א;ו;ם;ל;ש;ו;ר;י;ת;א;ם;ח;ר;ת;(25, 1, 12, 37, 761)
(25, 1, 12, 76, 800);נ;ש;ם;י;ע;ב;ש;ה;ז;ה;ת;מ;ע;ז;ר;ש;א;ה;ד;ו;(25, 1, 12, 57, 781)
(25, 1, 13, 19, 820);ר;ב;ד;ה;ך;א;ל;מ;ה;ת;א;ה;ו;ה;י;ן;ע;י;ו;ה;(25, 1, 12, 77, 801)
(25, 1, 13, 39, 840);מ;ח;נ;ם;י;ר;ב;ד;ם;י;ב;ו;ט;ם;י;ר;ב;ד;י;ב;(25, 1, 13, 20, 821)
(25, 1, 14, 18, 860);ב;ר;ב;ד;ה;ך;א;ל;מ;ה;י;ל;א;ר;מ;א;י;ו;ם;י;(25, 1, 13, 40, 841)
(25, 1, 14, 38, 880);א;ב;צ;ה;ו;ה;י;ר;מ;א;ה;כ;ר;מ;א;ל;א;ר;ק;י;(25, 1, 14, 19, 861)
(25, 1, 14, 58, 900);ן;ו;י;צ;ל;ו;ם;ל;ש;ו;ר;י;ל;י;ת;א;נ;ק;ת;ו;(25, 1, 14, 39, 881)
(25, 1, 15, 11, 920);י;נ;א;ל;ו;ד;ג;ף;צ;ק;ו;ה;ל;ו;ד;ג;ה;א;נ;ק;(25, 1, 14, 59, 901)
(25, 1, 15, 31, 940);ר;ש;א;ם;י;נ;נ;א;ש;ה;ם;י;ו;ג;ה;ל;ע;ף;צ;ק;(25, 1, 15, 12, 921)
(25, 1, 15, 51, 960);ל;ו;ר;ז;ע;ה;מ;ה;ו;ט;ע;מ;י;ת;פ;צ;ק;י;נ;א;(25, 1, 15, 32, 941)
(25, 1, 16, 17, 980);ל;י;ת;ב;ש;ה;ו;ה;י;ר;מ;א;ה;כ;ן;כ;ל;ה;ע;ר;(25, 1, 15, 52, 961)
(25, 1, 16, 37, 1000);ה;נ;ב;י;י;ת;י;ב;ם;י;מ;ח;ר;ב;ם;ל;ש;ו;ר;י;(25, 1, 16, 18, 981)
(25, 1, 16, 57, 1020);נ;י;ה;ו;ק;ו;ת;ו;א;ב;צ;ה;ו;ה;י;ם;א;נ;ה;ב;(25, 1, 16, 38, 1001)
(25, 1, 17, 10, 1040);ר;מ;א;ל;א;ר;ק;ד;ו;ע;ם;ל;ש;ו;ר;י;ל;ע;ה;ט;(25, 1, 16, 58, 1021)
(25, 1, 17, 30, 1060);ו;פ;ת;ד;ו;ע;ת;ו;א;ב;צ;ה;ו;ה;י;ר;מ;א;ה;כ;(25, 1, 17, 11, 1041)
(25, 1, 17, 50, 1080);ו;ע;ה;ו;ה;י;ם;ח;נ;ו;ב;ו;ט;מ;י;ר;ע;ה;נ;צ;(25, 1, 17, 31, 1061)
(25, 1, 17, 70, 1100);ל;ש;ו;ר;י;ב;ד;ו;ע;ר;ח;ב;ו;ן;ו;י;צ;ת;א;ד;(25, 1, 17, 51, 1081)
(25, 2, 1, 19, 1120);א;ה;נ;ה;ו;א;ר;א;ו;י;נ;י;ע;ת;א;א;ש;א;ו;ם;(25, 1, 17, 71, 1101)
(25, 2, 2, 12, 1140);ה;ך;א;ל;מ;ה;ל;א;ר;מ;א;ו;ת;ו;נ;ר;ק;ע;ב;ר;(25, 2, 1, 20, 1121)
(25, 2, 2, 32, 1160);ל;א;י;ל;א;ר;מ;א;י;ו;ה;ל;א;ה;מ;י;ב;ר;ב;ד;(25, 2, 2, 13, 1141)
(25, 2, 2, 52, 1180);ה;ד;ו;ה;י;ת;א;ו;ר;ז;ר;ש;א;ת;ו;נ;ר;ק;ה;ה;(25, 2, 2, 33, 1161)
(25, 2, 3, 6, 1200);י;נ;א;ר;י;ו;ם;ל;ש;ו;ר;י;ו;ל;א;ר;ש;י;ת;א;(25, 2, 2, 53, 1181)
(25, 2, 4, 6, 1220);ה;מ;ר;מ;א;ו;ם;י;ש;ר;ח;ה;ע;ב;ר;א;ה;ו;ה;י;(25, 2, 3, 7, 1201)
(25, 2, 4, 26, 1240);מ;א;ל;ר;מ;א;י;ו;ת;ו;ש;ע;ל;ם;י;א;ב;ה;ל;א;(25, 2, 4, 7, 1221)
(25, 2, 4, 46, 1260);ה;י;ת;א;ו;ר;ז;ר;ש;א;ת;ו;נ;ר;ק;ה;ה;ל;א;ר;(25, 2, 4, 27, 1241)
(25, 2, 4, 66, 1280);י;ו;ו;ש;א;ר;א;ש;נ;א;ל;ש;י;א;י;פ;כ;ה;ד;ו;(25, 2, 4, 47, 1261)
(25, 2, 4, 86, 1300);ת;ו;ד;י;ל;ם;ת;א;ד;י;ר;ח;ה;ל;ה;ל;א;ו;א;ב;(25, 2, 4, 67, 1281)
(25, 2, 4, 106, 1320);ר;ק;ם;י;א;ש;נ;ה;ם;י;ו;ג;ה;ת;ו;נ;ר;ק;ת;א;(25, 2, 4, 87, 1301)
(25, 2, 5, 3, 1340);ש;א;ו;ה;ת;ו;ר;ז;ל;ה;ד;ו;ה;י;ץ;ר;א;ל;א;ן;(25, 2, 4, 107, 1321)
(25, 2, 5, 23, 1360);ד;י;ב;ו;ש;י;א;ה;נ;ה;ו;א;ר;א;ו;י;נ;י;ע;א;(25, 2, 5, 4, 1341)
(25, 2, 6, 13, 1380);ך;ל;ה;ה;ת;א;ה;נ;א;ר;מ;א;ו;ה;ד;מ;ל;ב;ח;ו;(25, 2, 5, 24, 1361)
(25, 2, 6, 33, 1400);ל;ם;ל;ש;ו;ר;י;ת;א;ד;מ;ל;י;ל;א;ר;מ;א;י;ו;(25, 2, 6, 14, 1381)
(25, 2, 7, 1, 1420);ו;ה;כ;ר;א;ה;מ;כ;ו;ה;ב;ח;ר;ה;מ;כ;ת;ו;א;ר;(25, 2, 6, 34, 1401)
(25, 2, 7, 21, 1440);ל;מ;ו;א;צ;י;י;ב;ר;ב;ד;ה;ך;א;ל;מ;ה;ה;נ;ה;(25, 2, 7, 2, 1421)
(25, 2, 8, 6, 1460);א;ר;מ;א;י;ו;ו;ת;א;ר;ק;ל;א;צ;י;ר;ח;א;ך;א;(25, 2, 7, 22, 1441)
(25, 2, 8, 26, 1480);ר;מ;א;ל;ז;ל;ה;ר;ע;נ;ה;ל;א;ר;ב;ד;ץ;ר;ו;ל;(25, 2, 8, 7, 1461)
(25, 2, 8, 46, 1500);ם;ד;א;ב;ר;מ;ם;ל;ש;ו;ר;י;ב;ש;ת;ת;ו;ז;ר;פ;(25, 2, 8, 27, 1481)
(25, 2, 9, 10, 1520);ה;ל;ה;י;ה;א;י;נ;א;ו;ה;כ;ו;ת;ב;ה;מ;ה;ב;ו;(25, 2, 8, 47, 1501)
(25, 2, 9, 30, 1540);כ;ל;ו;ב;י;ב;ס;ש;א;ת;מ;ו;ח;ה;ו;ה;י;ם;א;נ;(25, 2, 9, 11, 1521)
(25, 2, 10, 8, 1560);נ;ו;י;ו;ה;י;ו;ה;ה;כ;ו;ת;ב;ה;י;ה;א;ד;ו;ב;(25, 2, 9, 31, 1541)
(25, 2, 10, 28, 1580);כ;י;כ;ה;ו;ה;י;ם;א;נ;ן;ו;פ;צ;ץ;ר;א;מ;ו;ס;(25, 2, 10, 9, 1561)
(25, 2, 10, 48, 1600);א;י;ת;ש;ר;פ;ם;י;מ;ש;ה;ת;ו;ח;ו;ר;ע;ב;ר;א;(25, 2, 10, 29, 1581)
(25, 2, 11, 10, 1620);ל;מ;ה;ן;ו;י;צ;י;ו;ה;ה;ו;ה;י;ם;א;נ;ם;כ;ת;(25, 2, 10, 49, 1601)
(25, 2, 12, 8, 1640);י;ר;מ;א;ה;כ;י;כ;ל;ב;ב;ת;ב;ת;ב;ש;ו;י;י;ט;(25, 2, 11, 11, 1621)
(25, 2, 12, 28, 1660);י;נ;ח;ל;ש;ד;ו;ב;כ;ר;ח;א;ת;ו;א;ב;צ;ה;ו;ה;(25, 2, 12, 9, 1641)
(25, 2, 12, 48, 1680);ה;י;כ;ם;כ;ת;א;ם;י;ל;ל;ש;ה;ם;י;ו;ג;ה;ל;א;(25, 2, 12, 29, 1661)
(25, 2, 13, 3, 1700);ה;י;כ;ו;נ;י;ע;ת;ב;ב;ב;ע;ג;נ;ם;כ;ב;ע;ג;נ;(25, 2, 12, 49, 1681)
(25, 2, 13, 23, 1720);י;ה;ו;ם;ה;י;ל;ע;י;ד;י;ת;א;ף;י;נ;מ;י;נ;נ;(25, 2, 13, 4, 1701)
(25, 2, 13, 43, 1740);י;י;כ;ם;ת;ע;ד;י;ו;ם;ה;י;ד;ב;ע;ל;ל;ל;ש;ו;(25, 2, 13, 24, 1721)
(25, 2, 14, 7, 1760);ח;מ;ש;ו;י;נ;ר;י;נ;ח;ל;ש;ת;ו;א;ב;צ;ה;ו;ה;(25, 2, 13, 44, 1741)
(25, 2, 14, 27, 1780);ת;נ;כ;ש;ו;א;ב;י;נ;נ;ה;י;כ;ן;ו;י;צ;ת;ב;י;(25, 2, 14, 8, 1761)
(25, 2, 15, 7, 1800);ו;ג;ו;ו;ל;נ;ו;ה;ו;ה;י;ם;א;נ;ך;כ;ו;ת;ב;י;(25, 2, 14, 28, 1781)
(25, 2, 15, 27, 1820);א;ו;ה;ה;ם;ו;י;ב;ה;ו;ה;י;ל;א;ם;י;ב;ר;ם;י;(25, 2, 15, 8, 1801)
(25, 2, 15, 47, 1840);ך;כ;ו;ת;ב;י;ת;נ;כ;ש;ו;ם;ע;ל;י;ל;ו;י;ה;ו;(25, 2, 15, 28, 1821)
(25, 2, 15, 67, 1860);נ;ח;ל;ש;ת;ו;א;ב;צ;ה;ו;ה;י;י;כ;ת;ע;ד;י;ו;(25, 2, 15, 48, 1841)
(25, 2, 16, 15, 1880);ה;ד;ו;ה;י;ת;א;ה;ו;ה;י;ל;ח;נ;ו;ך;י;ל;א;י;(25, 2, 15, 68, 1861)
(25, 2, 16, 35, 1900);ו;ע;ר;ח;ב;ו;ש;ד;ק;ה;ת;מ;ד;א;ל;ע;ו;ק;ל;ח;(25, 2, 16, 16, 1881)
(25, 2, 17, 12, 1920);י;י;נ;פ;מ;ר;ש;ב;ל;כ;ס;ה;ם;ל;ש;ו;ר;י;ב;ד;(25, 2, 16, 36, 1901)
(25, 3, 1, 2, 1940);י;ו;ו;ש;ד;ק;ן;ו;ע;מ;מ;ר;ו;ע;נ;י;כ;ה;ו;ה;(25, 2, 17, 13, 1921)
(25, 3, 1, 22, 1960);ל;ו;ד;ג;ה;ן;ה;כ;ה;ע;ש;ו;ה;י;ת;א;י;נ;א;ר;(25, 3, 1, 3, 1941)
(25, 3, 1, 42, 1980);ן;ט;ש;ה;ו;ה;ו;ה;י;ך;א;ל;מ;י;נ;פ;ל;ד;מ;ע;(25, 3, 1, 23, 1961)
(25, 3, 2, 5, 2000);ר;מ;א;י;ו;ו;נ;ט;ש;ל;ו;נ;י;מ;י;ל;ע;ד;מ;ע;(25, 3, 1, 43, 1981)
(25, 3, 2, 25, 2020);ך;ב;ה;ו;ה;י;ר;ע;ג;י;ן;ט;ש;ה;ל;א;ה;ו;ה;י;(25, 3, 2, 6, 2001)
(25, 3, 2, 45, 2040);ב;ר;ח;ב;ה;ך;ב;ה;ו;ה;י;ר;ע;ג;י;ו;ן;ט;ש;ה;(25, 3, 2, 26, 2021)
(25, 3, 2, 65, 2060);א;מ;ל;צ;מ;ד;ו;א;ה;ז;א;ו;ל;ה;ם;ל;ש;ו;ר;י;(25, 3, 2, 46, 2041)
(25, 3, 3, 19, 2080);ו;צ;ם;י;ד;ג;ב;ש;ב;ל;ה;י;ה;ע;ש;ו;ה;י;ו;ש;(25, 3, 2, 66, 2061)
(25, 3, 4, 4, 2100);ן;ע;י;ו;ך;א;ל;מ;ה;י;נ;פ;ל;ד;מ;ע;ו;ם;י;א;(25, 3, 3, 20, 2081)
(25, 3, 4, 24, 2120);א;ל;ו;י;נ;פ;ל;ם;י;ד;מ;ע;ה;ל;א;ר;מ;א;י;ו;(25, 3, 4, 5, 2101)
(25, 3, 4, 44, 2140);ע;מ;ם;י;א;צ;ה;ם;י;ד;ג;ב;ה;ו;ר;י;ס;ה;ר;מ;(25, 3, 4, 25, 2121)
(25, 3, 4, 64, 2160);ת;ר;ב;ע;ה;ה;א;ר;ו;י;ל;א;ר;מ;א;י;ו;ו;י;ל;(25, 3, 4, 45, 2141)
(25, 3, 4, 84, 2180);ח;מ;ך;ת;א;ש;ב;ל;ה;ו;ך;נ;ו;ע;ך;י;ל;ע;מ;י;(25, 3, 4, 65, 2161)
(25, 3, 5, 16, 2200);ו;ה;ט;ף;י;נ;צ;ו;מ;י;ש;י;ר;מ;א;ו;ת;ו;צ;ל;(25, 3, 4, 85, 2181)
(25, 3, 5, 36, 2220);ט;ה;ף;י;נ;צ;ה;ו;מ;י;ש;י;ו;ו;ש;א;ר;ל;ע;ר;(25, 3, 5, 17, 2201)
(25, 3, 5, 56, 2240);י;ד;ג;ב;ו;ה;ש;ב;ל;י;ו;ו;ש;א;ר;ל;ע;ר;ו;ה;(25, 3, 5, 37, 2221)
(25, 3, 6, 7, 2260);א;ל;מ;ד;ע;י;ו;ד;מ;ע;ה;ו;ה;י;ך;א;ל;מ;ו;ם;(25, 3, 5, 57, 2241)
(25, 3, 7, 5, 2280);ר;מ;א;ה;כ;ר;מ;א;ל;ע;ש;ו;ה;י;ב;ה;ו;ה;י;ך;(25, 3, 6, 8, 2261)
(25, 3, 7, 25, 2300);ו;ך;ל;ת;י;כ;ר;ד;ב;ם;א;ת;ו;א;ב;צ;ה;ו;ה;י;(25, 3, 7, 6, 2281)
(25, 3, 7, 45, 2320);ה;ת;א;ם;ג;ו;ר;מ;ש;ת;י;ת;ר;מ;ש;מ;ת;א;ם;א;(25, 3, 7, 26, 2301)
(25, 3, 7, 65, 2340);ח;ת;א;ר;מ;ש;ת;ם;ג;ו;י;ת;י;ב;ת;א;ן;י;ד;ת;(25, 3, 7, 46, 2321)
(25, 3, 7, 85, 2360);ה;ן;י;ב;ם;י;כ;ל;ה;מ;ך;ל;י;ת;ת;נ;ו;י;ר;צ;(25, 3, 7, 66, 2341)
(25, 3, 8, 11, 2380);ה;ע;ש;ו;ה;י;א;נ;ע;מ;ש;ה;ל;א;ה;ם;י;ד;מ;ע;(25, 3, 7, 86, 2361)
(25, 3, 8, 31, 2400);ב;ש;י;ה;ך;י;ע;ר;ו;ה;ת;א;ל;ו;ד;ג;ה;ן;ה;כ;(25, 3, 8, 12, 2381)
(25, 3, 8, 51, 2420);ה;מ;ה;ת;פ;ו;מ;י;ש;נ;א;י;כ;ך;י;נ;פ;ל;ם;י;(25, 3, 8, 32, 2401)
(25, 3, 9, 1, 2440);כ;ח;מ;צ;י;ד;ב;ע;ת;א;א;י;ב;מ;י;נ;נ;ה;י;כ;(25, 3, 8, 52, 2421)
(25, 3, 9, 21, 2460);י;י;נ;פ;ל;י;ת;ת;נ;ר;ש;א;ן;ב;א;ה;ה;נ;ה;י;(25, 3, 9, 2, 2441)
(25, 3, 9, 41, 2480);י;נ;י;ע;ה;ע;ב;ש;ת;ח;א;ן;ב;א;ל;ע;ע;ש;ו;ה;(25, 3, 9, 22, 2461)
(25, 3, 9, 61, 2500);ה;ו;ה;י;ם;א;נ;ה;ח;ת;פ;ח;ת;פ;מ;י;נ;נ;ה;ם;(25, 3, 9, 42, 2481)
(25, 3, 9, 81, 2520);ה;ץ;ר;א;ה;ן;ו;ע;ת;א;י;ת;ש;מ;ו;ת;ו;א;ב;צ;(25, 3, 9, 62, 2501)
(25, 3, 10, 10, 2540);א;נ;א;ו;ה;ה;ם;ו;י;ב;ד;ח;א;ם;ו;י;ב;א;י;ה;(25, 3, 9, 82, 2521)
(25, 3, 10, 30, 2560);ר;ל;ש;י;א;ו;א;ר;ק;ת;ת;ו;א;ב;צ;ה;ו;ה;י;ם;(25, 3, 10, 11, 2541)
(25, 3, 10, 50, 2580);נ;א;ת;ת;ח;ת;ל;א;ו;ן;פ;ג;ת;ח;ת;ל;א;ו;ה;ע;(25, 3, 10, 31, 2561)
(25, 4, 1, 19, 2600);י;ע;י;ו;י;ב;ר;ב;ד;ה;ך;א;ל;מ;ה;ב;ש;י;ו;ה;(25, 3, 10, 51, 2581)
(25, 4, 2, 1, 2620);ו;ו;ת;נ;ש;מ;ר;ו;ע;י;ר;ש;א;ש;י;א;כ;י;נ;ר;(25, 4, 1, 20, 2601)
(25, 4, 2, 21, 2640);ר;מ;א;י;ו;ה;א;ר;ה;ת;א;ה;מ;י;ל;א;ר;מ;א;י;(25, 4, 2, 2, 2621)
(25, 4, 2, 41, 2660);ה;ל;כ;ב;ה;ז;ת;ר;ו;נ;מ;ה;נ;ה;ו;י;ת;י;א;ר;(25, 4, 2, 22, 2641)
(25, 4, 2, 61, 2680);ה;י;ת;ר;נ;ה;ע;ב;ש;ו;ה;ש;א;ר;ל;ע;ה;ל;ג;ו;(25, 4, 2, 42, 2661)
(25, 4, 2, 81, 2700);ל;ת;ו;ק;צ;ו;מ;ה;ע;ב;ש;ו;ה;ע;ב;ש;ה;י;ל;ע;(25, 4, 2, 62, 2681)
(25, 4, 3, 7, 2720);י;ז;ם;י;נ;ש;ו;ה;ש;א;ר;ל;ע;ר;ש;א;ת;ו;ר;נ;(25, 4, 2, 82, 2701)
(25, 4, 3, 27, 2740);ו;ה;ל;ג;ה;ן;י;מ;י;מ;ד;ח;א;ה;י;ל;ע;ם;י;ת;(25, 4, 3, 8, 2721)
(25, 4, 4, 10, 2760);ל;א;ר;מ;א;ו;ן;ע;א;ו;ה;ל;א;מ;ש;ל;ע;ד;ח;א;(25, 4, 3, 28, 2741)
(25, 4, 4, 30, 2780);ה;ל;א;ה;מ;ר;מ;א;ל;י;ב;ר;ב;ד;ה;ך;א;ל;מ;ה;(25, 4, 4, 11, 2761)
(25, 4, 5, 16, 2800);ו;י;ב;ר;ב;ד;ה;ך;א;ל;מ;ה;ן;ע;י;ו;י;נ;ד;א;(25, 4, 4, 31, 2781)
(25, 4, 5, 36, 2820);ה;מ;ה;ה;מ;ת;ע;ד;י;א;ו;ל;ה;י;ל;א;ר;מ;א;י;(25, 4, 5, 17, 2801)
(25, 4, 6, 7, 2840);א;י;ו;ן;ע;י;ו;י;נ;ד;א;א;ל;ר;מ;א;ו;ה;ל;א;(25, 4, 5, 37, 2821)
(25, 4, 6, 27, 2860);ל;א;ה;ו;ה;י;ר;ב;ד;ה;ז;ר;מ;א;ל;י;ל;א;ר;מ;(25, 4, 6, 8, 2841)
(25, 4, 6, 47, 2880);כ;ב;א;ל;ו;ל;י;ח;ב;א;ל;ר;מ;א;ל;ל;ב;ב;ר;ז;(25, 4, 6, 28, 2861)
(25, 4, 6, 67, 2900);א;ב;צ;ה;ו;ה;י;ר;מ;א;י;ח;ו;ר;ב;ם;א;י;כ;ח;(25, 4, 6, 48, 2881)
(25, 4, 7, 18, 2920);ר;ז;י;נ;פ;ל;ל;ו;ד;ג;ה;ר;ה;ה;ת;א;י;מ;ת;ו;(25, 4, 6, 68, 2901)
(25, 4, 7, 38, 2940);ן;ב;א;ה;ת;א;א;י;צ;ו;ה;ו;ר;ש;י;מ;ל;ל;ב;ב;(25, 4, 7, 19, 2921)
(25, 4, 8, 4, 2960);י;ה;י;ו;ה;ל;ן;ח;ן;ח;ת;ו;א;ש;ת;ה;ש;א;ר;ה;(25, 4, 7, 39, 2941)
(25, 4, 9, 6, 2980);ב;ר;ז;י;ד;י;ר;מ;א;ל;י;ל;א;ה;ו;ה;י;ר;ב;ד;(25, 4, 8, 5, 2961)
(25, 4, 9, 26, 3000);ב;ת;ו;י;ד;י;ו;ה;ז;ה;ת;י;ב;ה;ו;ד;ס;י;ל;ב;(25, 4, 9, 7, 2981)
(25, 4, 9, 46, 3020);ת;ו;א;ב;צ;ה;ו;ה;י;י;כ;ת;ע;ד;י;ו;ה;נ;ע;צ;(25, 4, 9, 27, 3001)
(25, 4, 10, 10, 3040);ם;ו;י;ל;ז;ב;י;מ;י;כ;ם;כ;י;ל;א;י;נ;ח;ל;ש;(25, 4, 9, 47, 3021)
(25, 4, 10, 30, 3060);ן;ב;א;ה;ת;א;ו;א;ר;ו;ו;ח;מ;ש;ו;ת;ו;נ;ט;ק;(25, 4, 10, 11, 3041)
(25, 4, 10, 50, 3080);ה;ל;א;ה;ע;ב;ש;ל;ב;ב;ר;ז;ד;י;ב;ל;י;ד;ב;ה;(25, 4, 10, 31, 3061)
(25, 4, 10, 70, 3100);כ;ב;ם;י;ט;ט;ו;ש;מ;ה;מ;ה;ה;ו;ה;י;י;נ;י;ע;(25, 4, 10, 51, 3081)
(25, 4, 11, 15, 3120);ש;ה;מ;ו;י;ל;א;ר;מ;א;ו;ן;ע;א;ו;ץ;ר;א;ה;ל;(25, 4, 10, 71, 3101)
(25, 4, 11, 35, 3140);מ;ה;ן;י;מ;י;ל;ע;ה;ל;א;ה;ם;י;ת;י;ז;ה;י;נ;(25, 4, 11, 16, 3121)
(25, 4, 12, 7, 3160);י;נ;ש;ן;ע;א;ו;ה;ל;ו;א;מ;ש;ל;ע;ו;ה;ר;ו;נ;(25, 4, 11, 36, 3141)
(25, 4, 12, 27, 3180);ז;ה;י;ל;ב;ש;י;ת;ש;ה;מ;ו;י;ל;א;ר;מ;א;ו;ת;(25, 4, 12, 8, 3161)
(25, 4, 12, 47, 3200);ה;ת;ו;ר;ת;נ;צ;י;נ;ש;ד;י;ב;ר;ש;א;ם;י;ת;י;(25, 4, 12, 28, 3181)
(25, 4, 12, 67, 3220);ב;ה;ז;ה;ם;ה;י;ל;ע;מ;ם;י;ק;י;ר;מ;ה;ב;ה;ז;(25, 4, 12, 48, 3201)
(25, 4, 13, 20, 3240);ת;ע;ד;י;א;ו;ל;ה;ר;מ;א;ל;י;ל;א;ר;מ;א;י;ו;(25, 4, 13, 1, 3221)
(25, 4, 14, 5, 3260);ר;מ;א;י;ו;י;נ;ד;א;א;ל;ר;מ;א;ו;ה;ל;א;ה;מ;(25, 4, 13, 21, 3241)
(25, 4, 14, 25, 3280);ם;י;ד;מ;ע;ה;ר;ה;צ;י;ה;י;נ;ב;י;נ;ש;ה;ל;א;(25, 4, 14, 6, 3261)
(25, 5, 1, 8, 3300);ש;א;ו;ב;ו;ש;א;ו;ץ;ר;א;ה;ל;כ;ן;ו;ד;א;ל;ע;(25, 4, 14, 26, 3281)
(25, 5, 1, 28, 3320);פ;ע;ה;ל;ג;מ;ה;נ;ה;ו;ה;א;ר;א;ו;י;נ;י;ע;א;(25, 5, 1, 9, 3301)
(25, 5, 2, 19, 3340);מ;א;ו;ה;א;ר;ה;ת;א;ה;מ;י;ל;א;ר;מ;א;י;ו;ה;(25, 5, 1, 29, 3321)
(25, 5, 2, 39, 3360);ש;ע;ה;כ;ר;א;ה;פ;ע;ה;ל;ג;מ;ה;א;ר;י;נ;א;ר;(25, 5, 2, 20, 3341)
(25, 5, 3, 1, 3380);ו;ה;מ;א;ב;ר;ש;ע;ה;ב;ח;ר;ו;ה;מ;א;ב;ם;י;ר;(25, 5, 2, 40, 3361)
(25, 5, 3, 21, 3400);ת;א;צ;ו;י;ה;ה;ל;א;ה;ת;א;ז;י;ל;א;ר;מ;א;י;(25, 5, 3, 2, 3381)
(25, 5, 3, 41, 3420);מ;ב;נ;ג;ה;ל;כ;י;כ;ץ;ר;א;ה;ל;כ;י;נ;פ;ל;ע;(25, 5, 3, 22, 3401)
(25, 5, 3, 61, 3440);ה;ז;מ;ע;ב;ש;נ;ה;ל;כ;ו;ה;ק;נ;ה;ו;מ;כ;ה;ז;(25, 5, 3, 42, 3421)
(25, 5, 4, 13, 3460);ו;ה;י;ם;א;נ;ה;י;ת;א;צ;ו;ה;ה;ק;נ;ה;ו;מ;כ;(25, 5, 3, 62, 3441)
(25, 5, 4, 33, 3480);ו;ב;נ;ג;ה;ת;י;ב;ל;א;ה;א;ב;ו;ת;ו;א;ב;צ;ה;(25, 5, 4, 14, 3461)
(25, 5, 4, 53, 3500);ל;ו;ר;ק;ש;ל;י;מ;ש;ב;ע;ב;ש;נ;ה;ת;י;ב;ל;א;(25, 5, 4, 34, 3481)
(25, 5, 4, 73, 3520);צ;ע;ת;א;ו;ו;ת;ל;כ;ו;ו;ת;י;ב;ך;ו;ת;ב;ה;נ;(25, 5, 4, 54, 3501)
(25, 5, 5, 10, 3540);ה;ך;א;ל;מ;ה;א;צ;י;ו;ו;י;נ;ב;א;ת;א;ו;ו;י;(25, 5, 4, 74, 3521)
(25, 5, 5, 30, 3560);נ;י;ע;א;נ;א;ש;י;ל;א;ר;מ;א;י;ו;י;ב;ר;ב;ד;(25, 5, 5, 11, 3541)
(25, 5, 6, 2, 3580);א;ו;ת;א;ז;ה;ת;א;צ;ו;י;ה;ה;מ;ה;א;ר;ו;ך;י;(25, 5, 5, 31, 3561)
(25, 5, 6, 22, 3600);ה;פ;י;א;ה;ת;א;ז;ר;מ;א;י;ו;א;י;ה;ה;מ;ר;מ;(25, 5, 6, 3, 3581)
(25, 5, 6, 42, 3620);כ;ב;ם;נ;י;ע;ת;א;ז;ר;מ;א;י;ו;ת;א;צ;ו;י;ה;(25, 5, 6, 23, 3601)
(25, 5, 7, 15, 3640);ת;א;ש;נ;ת;ר;פ;ע;ר;כ;כ;ה;נ;ה;ו;ץ;ר;א;ה;ל;(25, 5, 6, 43, 3621)
(25, 5, 7, 35, 3660);ה;ך;ו;ת;ב;ת;ב;ש;ו;י;ת;ח;א;ה;ש;א;ת;א;ז;ו;(25, 5, 7, 16, 3641)
(25, 5, 8, 16, 3680);ש;י;ו;ה;ע;ש;ר;ה;ת;א;ז;ר;מ;א;י;ו;ה;פ;י;א;(25, 5, 7, 36, 3661)
(25, 5, 8, 36, 3700);ך;ל;ש;י;ו;ה;פ;י;א;ה;ך;ו;ת;ל;א;ה;ת;א;ך;ל;(25, 5, 8, 17, 3681)
(25, 5, 9, 4, 3720);א;ש;א;ו;ה;י;פ;ל;א;ת;ר;פ;ו;ע;ה;ן;ב;א;ת;א;(25, 5, 8, 37, 3701)
(25, 5, 9, 24, 3740);ם;י;ש;נ;ם;י;ת;ש;ה;נ;ה;ו;א;ר;א;ו;י;נ;י;ע;(25, 5, 9, 5, 3721)
(25, 5, 9, 44, 3760);ה;ל;ו;ם;ה;י;פ;נ;כ;ב;ח;ו;ר;ו;ת;ו;א;צ;ו;י;(25, 5, 9, 25, 3741)
(25, 5, 9, 64, 3780);ת;ו;ה;ד;י;ס;ח;ה;י;פ;נ;כ;כ;ם;י;פ;נ;כ;ה;נ;(25, 5, 9, 45, 3761)
(25, 5, 9, 84, 3800);ב;ו;ץ;ר;א;ה;ן;י;ב;ה;פ;י;א;ה;ת;א;ה;נ;א;ש;(25, 5, 9, 65, 3781)
(25, 5, 10, 13, 3820);ד;ה;ך;א;ל;מ;ה;ל;א;ר;מ;א;ו;ם;י;מ;ש;ה;ן;י;(25, 5, 9, 85, 3801)
(25, 5, 10, 33, 3840);א;ה;ת;א;ת;ו;כ;ל;ו;מ;ה;מ;ה;ה;נ;א;י;ב;ר;ב;(25, 5, 10, 14, 3821)
(25, 5, 11, 17, 3860);י;ב;ה;ל;ת;ו;נ;ב;ל;י;ל;א;ר;מ;א;י;ו;ה;פ;י;(25, 5, 10, 34, 3841)
(25, 5, 11, 37, 3880);ה;ח;י;נ;ה;ו;ן;כ;ו;ה;ו;ר;ע;נ;ש;ץ;ר;א;ב;ת;(25, 5, 11, 18, 3861)
(25, 6, 1, 11, 3900);נ;י;ע;א;ש;א;ו;ב;ש;א;ו;ה;ת;נ;כ;מ;ל;ע;ם;ש;(25, 5, 11, 38, 3881)
(25, 6, 1, 31, 3920);ת;ו;ב;כ;ר;מ;ע;ב;ר;א;ה;נ;ה;ו;ה;א;ר;א;ו;י;(25, 6, 1, 12, 3901)
(25, 6, 1, 51, 3940);ה;ה;ו;ם;י;ר;ה;ה;י;נ;ש;ן;י;ב;מ;ת;ו;א;צ;י;(25, 6, 1, 32, 3921)
(25, 6, 2, 10, 3960);ש;א;ר;ה;ה;ב;כ;ר;מ;ב;ת;ש;ח;נ;י;ר;ה;ם;י;ר;(25, 6, 1, 52, 3941)
(25, 6, 2, 30, 3980);ה;ה;ב;כ;ר;מ;ב;ו;ם;י;מ;ד;א;ם;י;ס;ו;ס;ה;נ;(25, 6, 2, 11, 3961)
(25, 6, 3, 6, 4000);ב;כ;ר;מ;ב;ו;ם;י;ר;ח;ש;ם;י;ס;ו;ס;ת;י;נ;ש;(25, 6, 2, 31, 3981)
(25, 6, 3, 26, 4020);מ;ב;ו;ם;י;נ;ב;ל;ם;י;ס;ו;ס;ת;י;ש;ל;ש;ה;ה;(25, 6, 3, 7, 4001)
(25, 6, 3, 46, 4040);ם;י;ד;ר;ב;ם;י;ס;ו;ס;ת;י;ע;ב;ר;ה;ה;ב;כ;ר;(25, 6, 3, 27, 4021)
(25, 6, 4, 15, 4060);ך;א;ל;מ;ה;ל;א;ר;מ;א;ו;ן;ע;א;ו;ם;י;צ;מ;א;(25, 6, 3, 47, 4041)
(25, 6, 5, 5, 4080);ה;ן;ע;י;ו;י;נ;ד;א;ה;ל;א;ה;מ;י;ב;ר;ב;ד;ה;(25, 6, 4, 16, 4061)
(25, 6, 5, 25, 4100);ר;ע;ב;ר;א;ה;ל;א;י;ל;א;ר;מ;א;י;ו;ך;א;ל;מ;(25, 6, 5, 6, 4081)
(25, 6, 5, 45, 4120);צ;י;ת;ה;מ;ת;ו;א;צ;ו;י;ם;י;מ;ש;ה;ת;ו;ח;ו;(25, 6, 5, 26, 4101)
(25, 6, 6, 7, 4140);ס;ה;ה;ב;ר;ש;א;ץ;ר;א;ה;ל;כ;ן;ו;ד;א;ל;ע;ב;(25, 6, 5, 46, 4121)
(25, 6, 6, 27, 4160);ץ;ר;א;ל;א;ם;י;א;צ;י;ם;י;ר;ח;ש;ה;ם;י;ס;ו;(25, 6, 6, 8, 4141)
(25, 6, 6, 47, 4180);ר;ח;א;ל;א;ו;א;צ;י;ם;י;נ;ב;ל;ה;ו;ן;ו;פ;צ;(25, 6, 6, 28, 4161)
(25, 6, 6, 67, 4200);ה;ץ;ר;א;ל;א;ו;א;צ;י;ם;י;ד;ר;ב;ה;ו;ם;ה;י;(25, 6, 6, 48, 4181)
(25, 6, 7, 16, 4220);ש;ק;ב;י;ו;ו;א;צ;י;ם;י;צ;מ;א;ה;ו;ן;מ;י;ת;(25, 6, 6, 68, 4201)
(25, 6, 7, 36, 4240);ר;מ;א;י;ו;ץ;ר;א;ב;ך;ל;ה;ת;ה;ל;ת;כ;ל;ל;ו;(25, 6, 7, 17, 4221)
(25, 6, 7, 56, 4260);נ;כ;ל;ה;ת;ת;ו;ץ;ר;א;ב;ו;כ;ל;ה;ת;ה;ו;כ;ל;(25, 6, 7, 37, 4241)
(25, 6, 8, 15, 4280);ל;א;ר;ב;ד;י;ו;י;ת;א;ק;ע;ז;י;ו;ץ;ר;א;ב;ה;(25, 6, 7, 57, 4261)
(25, 6, 8, 35, 4300);ץ;ר;א;ל;א;ם;י;א;צ;ו;י;ה;ה;א;ר;ר;מ;א;ל;י;(25, 6, 8, 16, 4281)
(25, 6, 8, 55, 4320);צ;ץ;ר;א;ב;י;ח;ו;ר;ת;א;ו;ח;י;נ;ה;ן;ו;פ;צ;(25, 6, 8, 36, 4301)
(25, 6, 9, 17, 4340);מ;א;ל;י;ל;א;ה;ו;ה;י;ר;ב;ד;י;ה;י;ו;ן;ו;פ;(25, 6, 8, 56, 4321)
(25, 6, 10, 19, 4360);מ;ו;י;ד;ל;ח;מ;ה;ל;ו;ג;ה;ת;א;מ;ח;ו;ק;ל;ר;(25, 6, 9, 18, 4341)
(25, 6, 10, 39, 4380);ת;א;ב;ו;ה;י;ע;ד;י;ת;א;מ;ו;ה;י;ב;ו;ט;ת;א;(25, 6, 10, 20, 4361)
(25, 6, 10, 59, 4400);א;י;ת;י;ב;ת;א;ב;ו;א;ו;ה;ה;ם;ו;י;ב;ה;ת;א;(25, 6, 10, 40, 4381)
(25, 6, 10, 79, 4420);ל;ב;ב;מ;ו;א;ב;ר;ש;א;ה;י;נ;פ;צ;ן;ב;ה;י;ש;(25, 6, 10, 60, 4401)
(25, 6, 11, 20, 4440);ר;ט;ע;ת;י;ש;ע;ו;ב;ה;ז;ו;ף;ס;כ;ת;ח;ק;ל;ו;(25, 6, 11, 1, 4421)
(25, 6, 11, 40, 4460);ו;ה;י;ן;ב;ע;ש;ו;ה;י;ש;א;ר;ב;ת;מ;ש;ו;ת;ו;(25, 6, 11, 21, 4441)
(25, 6, 12, 8, 4480);י;ל;א;ת;ר;מ;א;ו;ל;ו;ד;ג;ה;ן;ה;כ;ה;ק;ד;צ;(25, 6, 11, 41, 4461)
(25, 6, 12, 28, 4500);ל;ת;ו;א;ב;צ;ה;ו;ה;י;ר;מ;א;ה;כ;ר;מ;א;ל;ו;(25, 6, 12, 9, 4481)
(25, 6, 12, 48, 4520);ת;ח;ת;מ;ו;ו;מ;ש;ח;מ;צ;ש;י;א;ה;נ;ה;ר;מ;א;(25, 6, 12, 29, 4501)
(25, 6, 12, 68, 4540);ה;ו;ה;י;ל;כ;י;ה;ת;א;ה;נ;ב;ו;ח;מ;צ;י;ו;י;(25, 6, 12, 49, 4521)
(25, 6, 13, 20, 4560);ה;ו;ה;ו;ה;י;ל;כ;י;ה;ת;א;ה;נ;ב;י;א;ו;ה;ו;(25, 6, 13, 1, 4541)
(25, 6, 13, 40, 4580);ס;כ;ל;ע;ל;ש;מ;ו;ב;ש;י;ו;ד;ו;ה;א;ש;י;א;ו;(25, 6, 13, 21, 4561)
(25, 6, 13, 60, 4600);ש;ת;צ;ע;ו;ו;א;ס;כ;ל;ע;ן;ה;כ;ה;י;ה;ו;ו;א;(25, 6, 13, 41, 4581)
(25, 6, 14, 5, 4620);ר;ט;ע;ה;ו;ם;ה;י;נ;ש;ן;י;ב;ה;י;ה;ת;ם;ו;ל;(25, 6, 13, 61, 4601)
(25, 6, 14, 25, 4640);ד;י;ל;ו;ה;י;ב;ו;ט;ל;ו;ם;ל;ח;ל;ה;י;ה;ת;ת;(25, 6, 14, 6, 4621)
(25, 6, 14, 45, 4660);ן;ו;ר;כ;ז;ל;ה;י;נ;פ;צ;ן;ב;ן;ח;ל;ו;ה;י;ע;(25, 6, 14, 26, 4641)
(25, 6, 15, 11, 4680);ו;א;ב;י;ם;י;ק;ו;ח;ר;ו;ה;ו;ה;י;ל;כ;י;ה;ב;(25, 6, 14, 46, 4661)
(25, 6, 15, 31, 4700);כ;ם;ת;ע;ד;י;ו;ה;ו;ה;י;ל;כ;י;ה;ב;ו;נ;ב;ו;(25, 6, 15, 12, 4681)
(25, 6, 15, 51, 4720);ם;כ;י;ל;א;י;נ;ח;ל;ש;ת;ו;א;ב;צ;ה;ו;ה;י;י;(25, 6, 15, 32, 4701)
(25, 6, 15, 71, 4740);ל;ו;ק;ב;ן;ו;ע;מ;ש;ת;ע;ו;מ;ש;ם;א;ה;י;ה;ו;(25, 6, 15, 52, 4721)
(25, 7, 1, 10, 4760);ר;א;ת;נ;ש;ב;י;ה;י;ו;ם;כ;י;ה;ל;א;ה;ו;ה;י;(25, 6, 15, 72, 4741)
(25, 7, 1, 30, 4780);ה;י;ר;ב;ד;ה;י;ה;ך;ל;מ;ה;ש;ו;י;ר;ד;ל;ע;ב;(25, 7, 1, 11, 4761)
(25, 7, 1, 50, 4800);ה;ש;ד;ח;ל;ה;ע;ב;ר;א;ב;ה;י;ר;כ;ז;ל;א;ה;ו;(25, 7, 1, 31, 4781)
(25, 7, 2, 11, 4820);ש;ל;א;ת;י;ב;ח;ל;ש;י;ו;ו;ל;ס;כ;ב;י;ע;ש;ת;(25, 7, 1, 51, 4801)
(25, 7, 2, 31, 4840);ל;ח;ל;ו;י;ש;נ;א;ו;ך;ל;מ;ם;ג;ר;ו;ר;צ;א;ר;(25, 7, 2, 12, 4821)
(25, 7, 3, 9, 4860);ה;כ;ה;ל;א;ר;מ;א;ל;ה;ו;ה;י;י;נ;פ;ת;א;ת;ו;(25, 7, 2, 32, 4841)
(25, 7, 3, 29, 4880);ו;ת;ו;א;ב;צ;ה;ו;ה;י;ת;י;ב;ל;ר;ש;א;ם;י;נ;(25, 7, 3, 10, 4861)
(25, 7, 3, 49, 4900);ח;ב;ה;כ;ב;א;ה;ר;מ;א;ל;ם;י;א;י;ב;נ;ה;ל;א;(25, 7, 3, 30, 4881)
(25, 7, 3, 69, 4920);י;ת;י;ש;ע;ר;ש;א;כ;ר;ז;נ;ה;י;ש;מ;ח;ה;ש;ד;(25, 7, 3, 50, 4901)
(25, 7, 4, 11, 4940);ה;ו;ה;י;ר;ב;ד;י;ה;י;ו;ם;י;נ;ש;ה;מ;כ;ה;ז;(25, 7, 3, 70, 4921)
(25, 7, 5, 8, 4960);ע;ל;כ;ל;א;ר;מ;א;ר;מ;א;ל;י;ל;א;ת;ו;א;ב;צ;(25, 7, 4, 12, 4941)
(25, 7, 5, 28, 4980);י;כ;ר;מ;א;ל;ם;י;נ;ה;כ;ה;ל;א;ו;ץ;ר;א;ה;ם;(25, 7, 5, 9, 4961)
(25, 7, 5, 48, 5000);י;ב;ש;ב;ו;י;ש;י;מ;ח;ב;ד;ו;פ;ס;ו;ם;ת;מ;צ;(25, 7, 5, 29, 4981)
(25, 7, 5, 68, 5020);ת;מ;צ;ם;ו;צ;ה;ה;נ;ש;ם;י;ע;ב;ש;ה;ז;ו;י;ע;(25, 7, 5, 49, 5001)
(25, 7, 6, 15, 5040);ו;ת;ש;ת;י;כ;ו;ו;ל;כ;א;ת;י;כ;ו;י;נ;א;י;נ;(25, 7, 5, 69, 5021)
(25, 7, 6, 35, 5060);ת;ש;ה;ם;ת;א;ו;ם;י;ל;כ;א;ה;ם;ת;א;א;ו;ל;ה;(25, 7, 6, 16, 5041)
(25, 7, 7, 18, 5080);א;ר;ק;ר;ש;א;ם;י;ר;ב;ד;ה;ת;א;א;ו;ל;ה;ם;י;(25, 7, 6, 36, 5061)
(25, 7, 7, 38, 5100);י;נ;ש;א;ר;ה;ם;י;א;י;ב;נ;ה;ד;י;ב;ה;ו;ה;י;(25, 7, 7, 19, 5081)
(25, 7, 7, 58, 5120);ו;ל;ש;ו;ת;ב;ש;י;ם;ל;ש;ו;ר;י;ת;ו;י;ה;ב;ם;(25, 7, 7, 39, 5101)
(25, 7, 7, 78, 5140);ה;ו;ב;ג;נ;ה;ו;ה;י;ת;ב;י;ב;ס;ה;י;ר;ע;ו;ה;(25, 7, 7, 59, 5121)
(25, 7, 8, 13, 5160);ל;א;ה;ו;ה;י;ר;ב;ד;י;ה;י;ו;ב;ש;י;ה;ל;פ;ש;(25, 7, 7, 79, 5141)
(25, 7, 9, 11, 5180);ב;צ;ה;ו;ה;י;ר;מ;א;ה;כ;ר;מ;א;ל;ה;י;ר;כ;ז;(25, 7, 8, 14, 5161)
(25, 7, 9, 31, 5200);ח;ו;ו;ט;פ;ש;ת;מ;א;ט;פ;ש;מ;ר;מ;א;ל;ת;ו;א;(25, 7, 9, 12, 5181)
(25, 7, 9, 51, 5220);ו;י;ח;א;ת;א;ש;י;א;ו;ש;ע;ם;י;מ;ח;ר;ו;ד;ס;(25, 7, 9, 32, 5201)
(25, 7, 10, 20, 5240);ת;ל;א;י;נ;ע;ו;ר;ג;ם;ו;ת;י;ו;ה;נ;מ;ל;א;ו;(25, 7, 10, 1, 5221)
(25, 7, 10, 40, 5260);ש;ח;ת;ל;א;ו;י;ח;א;ש;י;א;ת;ע;ר;ו;ו;ק;ש;ע;(25, 7, 10, 21, 5241)
(25, 7, 11, 12, 5280);ב;י;ש;ק;ה;ל;ו;נ;א;מ;י;ו;ם;כ;ב;ב;ל;ב;ו;ב;(25, 7, 10, 41, 5261)
(25, 7, 11, 32, 5300);ה;ם;ה;י;נ;ז;א;ו;ת;ר;ר;ס;ף;ת;כ;ו;נ;ת;י;ו;(25, 7, 11, 13, 5281)
(25, 7, 12, 10, 5320);י;מ;ש;ו;מ;ש;ם;ב;ל;ו;ע;ו;מ;ש;מ;ו;ד;י;ב;כ;(25, 7, 11, 33, 5301)
(25, 7, 12, 30, 5340);ר;ב;ד;ה;ת;א;ו;ה;ר;ו;ת;ה;ת;א;ע;ו;מ;ש;מ;ר;(25, 7, 12, 11, 5321)
(25, 7, 12, 50, 5360);ו;ר;ב;ת;ו;א;ב;צ;ה;ו;ה;י;ח;ל;ש;ר;ש;א;ם;י;(25, 7, 12, 31, 5341)
(25, 7, 12, 70, 5380);ו;ם;י;נ;ש;א;ר;ה;ם;י;א;י;ב;נ;ה;ד;י;ב;ו;ח;(25, 7, 12, 51, 5361)
(25, 7, 12, 90, 5400);א;ב;צ;ה;ו;ה;י;ת;א;מ;ל;ו;ד;ג;ף;צ;ק;י;ה;י;(25, 7, 12, 71, 5381)
(25, 7, 13, 18, 5420);ו;ע;מ;ש;א;ל;ו;א;ר;ק;ר;ש;א;כ;י;ה;י;ו;ת;ו;(25, 7, 12, 91, 5401)
(25, 7, 13, 38, 5440);ו;ה;י;ר;מ;א;ע;מ;ש;א;א;ל;ו;ו;א;ר;ק;י;ן;כ;(25, 7, 13, 19, 5421)
(25, 7, 14, 14, 5460);י;ו;ג;ה;ל;כ;ל;ע;ם;ר;ע;ס;א;ו;ת;ו;א;ב;צ;ה;(25, 7, 13, 39, 5441)
(25, 7, 14, 34, 5480);ה;מ;ש;נ;ץ;ר;א;ה;ו;ם;ו;ע;ד;י;א;ל;ר;ש;א;ם;(25, 7, 14, 15, 5461)
(25, 7, 14, 54, 5500);ו;מ;י;ש;י;ו;ב;ש;מ;ו;ר;ב;ע;מ;ם;ה;י;ר;ח;א;(25, 7, 14, 35, 5481)
(25, 8, 1, 9, 5520);ה;י;ר;ב;ד;י;ה;י;ו;ה;מ;ש;ל;ה;ד;מ;ח;ץ;ר;א;(25, 7, 14, 55, 5501)
(25, 8, 2, 9, 5540);ה;ו;ה;י;ר;מ;א;ה;כ;ר;מ;א;ל;ת;ו;א;ב;צ;ה;ו;(25, 8, 1, 10, 5521)
(25, 8, 2, 29, 5560);ג;ה;א;נ;ק;ן;ו;י;צ;ל;י;ת;א;נ;ק;ת;ו;א;ב;צ;(25, 8, 2, 10, 5541)
(25, 8, 2, 49, 5580);ה;ל;י;ת;א;נ;ק;ה;ל;ו;ד;ג;ה;מ;ח;ו;ה;ל;ו;ד;(25, 8, 2, 30, 5561)
(25, 8, 3, 20, 5600);ו;ן;ו;י;צ;ל;א;י;ת;ב;ש;ה;ו;ה;י;ר;מ;א;ה;כ;(25, 8, 3, 1, 5581)
(25, 8, 3, 40, 5620);א;ר;ק;נ;ו;ם;ל;ש;ו;ר;י;ך;ו;ת;ב;י;ת;נ;כ;ש;(25, 8, 3, 21, 5601)
(25, 8, 3, 60, 5640);ו;ה;י;ר;ה;ו;ת;מ;א;ה;ר;י;ע;ם;ל;ש;ו;ר;י;ה;(25, 8, 3, 41, 5621)
(25, 8, 4, 8, 5660);ו;ה;י;ר;מ;א;ה;כ;ש;ד;ק;ה;ר;ה;ת;ו;א;ב;צ;ה;(25, 8, 3, 61, 5641)
(25, 8, 4, 28, 5680);ק;ז;ו;ם;י;נ;ק;ז;ו;ב;ש;י;ד;ע;ת;ו;א;ב;צ;ה;(25, 8, 4, 9, 5661)
(25, 8, 4, 48, 5700);מ;ש;י;א;ו;ם;ל;ש;ו;ר;י;ת;ו;ב;ח;ר;ב;ת;ו;נ;(25, 8, 4, 29, 5681)
(25, 8, 5, 4, 5720);ב;ח;ר;ו;ם;י;מ;י;ב;ר;מ;ו;ד;י;ב;ו;ת;נ;ע;ש;(25, 8, 4, 49, 5701)
(25, 8, 5, 24, 5740);ד;ל;י;ו;ם;י;ד;ל;י;ו;א;ל;מ;י;ר;י;ע;ה;ת;ו;(25, 8, 5, 5, 5721)
(25, 8, 6, 5, 5760);ר;מ;א;ה;כ;ה;י;ת;ב;ח;ר;ב;ם;י;ק;ח;ש;מ;ת;ו;(25, 8, 5, 25, 5741)
(25, 8, 6, 25, 5780);י;נ;י;ע;ב;א;ל;פ;י;י;כ;ת;ו;א;ב;צ;ה;ו;ה;י;(25, 8, 6, 6, 5761)
(25, 8, 6, 45, 5800);ג;ם;ה;ה;ם;י;מ;י;ב;ה;ז;ה;ם;ע;ה;ת;י;ר;א;ש;(25, 8, 6, 26, 5781)
(25, 8, 6, 65, 5820);א;ב;צ;ה;ו;ה;י;ם;א;נ;א;ל;פ;י;י;נ;י;ע;ב;ם;(25, 8, 6, 46, 5801)
(25, 8, 7, 18, 5840);י;נ;נ;ה;ת;ו;א;ב;צ;ה;ו;ה;י;ר;מ;א;ה;כ;ת;ו;(25, 8, 6, 66, 5821)
(25, 8, 7, 38, 5860);מ;ו;ח;ר;ז;מ;ץ;ר;א;מ;י;מ;ע;ת;א;ע;י;ש;ו;מ;(25, 8, 7, 19, 5841)
(25, 8, 8, 9, 5880);ם;ת;א;י;ת;א;ב;ה;ו;ש;מ;ש;ה;א;ו;ב;מ;ץ;ר;א;(25, 8, 7, 39, 5861)
(25, 8, 8, 29, 5900);ל;ו;י;ה;ו;ם;ל;ש;ו;ר;י;ך;ו;ת;ב;ו;נ;כ;ש;ו;(25, 8, 8, 10, 5881)
(25, 8, 8, 49, 5920);י;ה;ל;א;ל;ם;ה;ל;ה;י;ה;א;י;נ;א;ו;ם;ע;ל;י;(25, 8, 8, 30, 5901)
(25, 8, 9, 9, 5940);ה;ו;ה;י;ר;מ;א;ה;כ;ה;ק;ד;צ;ב;ו;ת;מ;א;ב;ם;(25, 8, 8, 50, 5921)
(25, 8, 9, 29, 5960);ע;מ;ש;ה;ם;כ;י;ד;י;ה;נ;ק;ז;ח;ת;ת;ו;א;ב;צ;(25, 8, 9, 10, 5941)
(25, 8, 9, 49, 5980);ה;ם;י;ר;ב;ד;ה;ת;א;ה;ל;א;ה;ם;י;מ;י;ב;ם;י;(25, 8, 9, 30, 5961)
(25, 8, 9, 69, 6000);ם;ו;י;ב;ר;ש;א;ם;י;א;י;ב;נ;ה;י;פ;מ;ה;ל;א;(25, 8, 9, 50, 5981)
(25, 8, 9, 89, 6020);ל;כ;י;ה;ה;ת;ו;א;ב;צ;ה;ו;ה;י;ת;י;ב;ד;ס;י;(25, 8, 9, 70, 6001)
(25, 8, 10, 14, 6040);ם;ה;ה;ם;י;מ;י;ה;י;נ;פ;ל;י;כ;ת;ו;נ;ב;ה;ל;(25, 8, 9, 90, 6021)
(25, 8, 10, 34, 6060);ה;ב;ה;ר;כ;ש;ו;ה;י;ה;נ;א;ל;ם;ד;א;ה;ר;כ;ש;(25, 8, 10, 15, 6041)
(25, 8, 10, 54, 6080);ן;י;א;א;ב;ל;ו;א;צ;ו;י;ל;ו;ה;נ;נ;י;א;ה;מ;(25, 8, 10, 35, 6061)
(25, 8, 10, 74, 6100);א;ה;ל;כ;ת;א;ח;ל;ש;א;ו;ר;צ;ה;ן;מ;ם;ו;ל;ש;(25, 8, 10, 55, 6081)
(25, 8, 11, 10, 6120);י;מ;י;כ;א;ל;ה;ת;ע;ו;ו;ה;ע;ר;ב;ש;י;א;ם;ד;(25, 8, 10, 75, 6101)
(25, 8, 11, 30, 6140);ם;ע;ה;ת;י;ר;א;ש;ל;י;נ;א;ם;י;נ;ש;א;ר;ה;ם;(25, 8, 11, 11, 6121)
(25, 8, 12, 5, 6160);ע;ר;ז;י;כ;ת;ו;א;ב;צ;ה;ו;ה;י;ם;א;נ;ה;ז;ה;(25, 8, 11, 31, 6141)
(25, 8, 12, 25, 6180);ר;א;ה;ו;ה;י;ר;פ;ן;ת;ת;ן;פ;ג;ה;ם;ו;ל;ש;ה;(25, 8, 12, 6, 6161)
(25, 8, 12, 45, 6200);נ;ת;י;ם;י;מ;ש;ה;ו;ה;ל;ו;ב;י;ת;א;ן;ת;ת;ץ;(25, 8, 12, 26, 6181)
(25, 8, 12, 65, 6220);ע;ה;ת;י;ר;א;ש;ת;א;י;ת;ל;ח;נ;ה;ו;ם;ל;ט;ו;(25, 8, 12, 46, 6201)
(25, 8, 13, 9, 6240);ה;ר;ש;א;כ;ה;י;ה;ו;ה;ל;א;ל;כ;ת;א;ה;ז;ה;ם;(25, 8, 12, 66, 6221)
(25, 8, 13, 29, 6260);ד;ו;ה;י;ת;י;ב;ם;י;ו;ג;ב;ה;ל;ל;ק;ם;ת;י;י;(25, 8, 13, 10, 6241)
(25, 8, 13, 49, 6280);כ;ת;א;ע;י;ש;ו;א;ן;כ;ל;א;ר;ש;י;ת;י;ב;ו;ה;(25, 8, 13, 30, 6261)
(25, 8, 13, 69, 6300);ח;ת;ו;א;ר;י;ת;ל;א;ה;כ;ר;ב;ם;ת;י;י;ה;ו;ם;(25, 8, 13, 50, 6281)
(25, 8, 14, 11, 6320);ה;ו;ה;י;ר;מ;א;ה;כ;י;כ;ם;כ;י;ד;י;ה;נ;ק;ז;(25, 8, 13, 70, 6301)
(25, 8, 14, 31, 6340);כ;ל;ע;ר;ה;ל;י;ת;מ;מ;ז;ר;ש;א;כ;ת;ו;א;ב;צ;(25, 8, 14, 12, 6321)
(25, 8, 14, 51, 6360);י;ר;מ;א;י;ת;א;ם;כ;י;ת;ב;א;ף;י;צ;ק;ה;ב;ם;(25, 8, 14, 32, 6341)
(25, 8, 15, 4, 6380);ב;ש;ן;כ;י;ת;מ;ח;נ;א;ל;ו;ת;ו;א;ב;צ;ה;ו;ה;(25, 8, 14, 52, 6361)
(25, 8, 15, 24, 6400);ט;י;ה;ל;ה;ל;א;ה;ם;י;מ;י;ב;י;ת;מ;מ;ז;י;ת;(25, 8, 15, 5, 6381)
(25, 8, 15, 44, 6420);ד;ו;ה;י;ת;י;ב;ת;א;ו;ם;ל;ש;ו;ר;י;ת;א;ב;י;(25, 8, 15, 25, 6401)
(25, 8, 16, 12, 6440);ר;ש;א;ם;י;ר;ב;ד;ה;ה;ל;א;ו;א;ר;י;ת;ל;א;ה;(25, 8, 15, 45, 6421)
(25, 8, 16, 32, 6460);ו;ה;ע;ר;ת;א;ש;י;א;ת;מ;א;ו;ר;ב;ד;ו;ש;ע;ת;(25, 8, 16, 13, 6441)
(25, 8, 16, 52, 6480);ר;ע;ש;ב;ו;ט;פ;ש;ם;ו;ל;ש;ט;פ;ש;מ;ו;ת;מ;א;(25, 8, 16, 33, 6461)
(25, 8, 17, 17, 6500);ח;ת;ל;א;ו;ה;ע;ר;ת;ע;ר;ת;א;ש;י;א;ו;ם;כ;י;(25, 8, 16, 53, 6481)
(25, 8, 17, 37, 6520);ת;ל;א;ר;ק;ש;ת;ע;ב;ש;ו;ם;כ;ב;ב;ל;ב;ו;ב;ש;(25, 8, 17, 18, 6501)
(25, 8, 17, 57, 6540);ת;א;נ;ש;ר;ש;א;ה;ל;א;ל;כ;ת;א;י;כ;ו;ב;ה;א;(25, 8, 17, 38, 6521)
(25, 8, 18, 12, 6560);צ;ה;ו;ה;י;ר;ב;ד;י;ה;י;ו;ה;ו;ה;י;ם;א;נ;י;(25, 8, 17, 58, 6541)
(25, 8, 19, 9, 6580);ה;ו;ה;י;ר;מ;א;ה;כ;ר;מ;א;ל;י;ל;א;ת;ו;א;ב;(25, 8, 18, 13, 6561)
(25, 8, 19, 29, 6600);ח;ה;ם;ו;צ;ו;י;ע;י;ב;ר;ה;ם;ו;צ;ת;ו;א;ב;צ;(25, 8, 19, 10, 6581)
(25, 8, 19, 49, 6620);ע;ה;ם;ו;צ;ו;י;ע;י;ב;ש;ה;ם;ו;צ;ו;י;ש;י;מ;(25, 8, 19, 30, 6601)
(25, 8, 19, 69, 6640);ש;ש;ל;ה;ד;ו;ה;י;ת;י;ב;ל;ה;י;ה;י;י;ר;י;ש;(25, 8, 19, 50, 6621)
(25, 8, 19, 89, 6660);ם;י;ב;ו;ט;ם;י;ד;ע;מ;ל;ו;ה;ח;מ;ש;ל;ו;ן;ו;(25, 8, 19, 70, 6641)
(25, 8, 20, 5, 6680);ר;מ;א;ה;כ;ו;ב;ה;א;ם;ו;ל;ש;ה;ו;ת;מ;א;ה;ו;(25, 8, 19, 90, 6661)
(25, 8, 20, 25, 6700);מ;ע;ו;א;ב;י;ר;ש;א;ד;ע;ת;ו;א;ב;צ;ה;ו;ה;י;(25, 8, 20, 6, 6681)
(25, 8, 21, 5, 6720);ו;כ;ל;ה;ו;ת;ו;ב;ר;ם;י;ר;ע;י;ב;ש;י;ו;ם;י;(25, 8, 20, 26, 6701)
(25, 8, 21, 25, 6740);כ;ל;נ;ר;מ;א;ל;ת;ח;א;ל;א;ת;ח;א;י;ב;ש;ו;י;(25, 8, 21, 6, 6721)
(25, 8, 21, 45, 6760);ו;ה;ו;ה;י;י;נ;פ;ת;א;ת;ו;ל;ח;ל;ך;ו;ל;ה;ה;(25, 8, 21, 26, 6741)
(25, 8, 21, 65, 6780);ג;ה;כ;ל;א;ת;ו;א;ב;צ;ה;ו;ה;י;ת;א;ש;ק;ב;ל;(25, 8, 21, 46, 6761)
(25, 8, 22, 16, 6800);י;ו;ג;ו;ם;י;ב;ר;ם;י;מ;ע;ו;א;ב;ו;י;נ;א;ם;(25, 8, 21, 66, 6781)
(25, 8, 22, 36, 6820);א;ב;צ;ה;ו;ה;י;ת;א;ש;ק;ב;ל;ם;י;מ;ו;צ;ע;ם;(25, 8, 22, 17, 6801)
(25, 8, 22, 56, 6840);י;נ;פ;ת;א;ת;ו;ל;ח;ל;ו;ם;ל;ש;ו;ר;י;ב;ת;ו;(25, 8, 22, 37, 6821)
(25, 8, 23, 16, 6860);י;ב;ת;ו;א;ב;צ;ה;ו;ה;י;ר;מ;א;ה;כ;ה;ו;ה;י;(25, 8, 22, 57, 6841)
(25, 8, 23, 36, 6880);ה;ר;ש;ע;ו;ק;י;ז;ח;י;ר;ש;א;ה;מ;ה;ה;ם;י;מ;(25, 8, 23, 17, 6861)
(25, 8, 23, 56, 6900);ה;ו;ם;י;ו;ג;ה;ת;ו;נ;ש;ל;ל;כ;מ;ם;י;ש;נ;א;(25, 8, 23, 37, 6881)
(25, 8, 23, 76, 6920);מ;א;ל;י;ד;ו;ה;י;ש;י;א;ף;נ;כ;ב;ו;ק;י;ז;ח;(25, 8, 23, 57, 6901)
(25, 8, 23, 96, 6940);י;ה;ל;א;ו;נ;ע;מ;ש;י;כ;ם;כ;מ;ע;ה;כ;ל;נ;ר;(25, 8, 23, 77, 6921)
(25, 9, 1, 15, 6960);ח;ץ;ר;א;ב;ה;ו;ה;י;ר;ב;ד;א;ש;מ;ם;כ;מ;ע;ם;(25, 8, 23, 97, 6941)
(25, 9, 1, 35, 6980);ה;ו;ה;י;ל;י;כ;ו;ת;ח;נ;מ;ק;ש;מ;ד;ו;ך;ר;ד;(25, 9, 1, 16, 6961)
(25, 9, 2, 2, 7000);ג;ו;ל;א;ר;ש;י;י;ט;ב;ש;ל;כ;ו;ם;ד;א;ן;י;ע;(25, 9, 1, 36, 6981)
(25, 9, 2, 22, 7020);י;כ;ן;ו;ד;י;צ;ו;ר;צ;ה;ב;ל;ב;ג;ת;ת;מ;ח;ם;(25, 9, 2, 3, 7001)
(25, 9, 3, 13, 7040);ו;ה;ל;ר;ו;צ;מ;ר;צ;ן;ב;ת;ו;ד;א;מ;ה;מ;כ;ח;(25, 9, 2, 23, 7021)
(25, 9, 3, 33, 7060);ט;י;ט;כ;ץ;ו;ר;ח;ו;ר;פ;ע;כ;ף;ס;כ;ר;ב;צ;ת;(25, 9, 3, 14, 7041)
(25, 9, 4, 15, 7080);ה;ו;ה;נ;ש;ר;ו;י;י;נ;ד;א;ה;נ;ה;ת;ו;צ;ו;ח;(25, 9, 3, 34, 7061)
(25, 9, 4, 35, 7100);ל;כ;א;ת;ש;א;ב;א;י;ה;ו;ה;ל;י;ח;ם;י;ב;ה;כ;(25, 9, 4, 16, 7081)
(25, 9, 5, 20, 7120);ת;ו;ה;ז;ע;ו;א;ר;י;ת;ו;ן;ו;ל;ק;ש;א;א;ר;ת;(25, 9, 5, 1, 7101)
(25, 9, 5, 40, 7140);ב;מ;ש;י;ב;ה;י;כ;ן;ו;ר;ק;ע;ו;ד;א;מ;ל;י;ח;(25, 9, 5, 21, 7121)
(25, 9, 5, 60, 7160);ן;ו;ל;ק;ש;א;ו;ה;ז;ע;מ;ך;ל;מ;ד;ב;א;ו;ה;ט;(25, 9, 5, 41, 7141)
(25, 9, 6, 15, 7180);ו;ד;ו;ד;ש;א;ב;ר;ז;מ;מ;ב;ש;י;ו;ב;ש;ת;א;ל;(25, 9, 5, 61, 7161)
(25, 9, 7, 5, 7200);ת;ר;ס;ה;ו;ם;י;ת;ש;ל;פ;ן;ו;א;ג;י;ת;ר;כ;ה;(25, 9, 6, 16, 7181)
(25, 9, 7, 25, 7220);ש;ן;י;ב;מ;ו;י;צ;ק;ש;ו;ו;י;פ;מ;ו;י;מ;ד;י;(25, 9, 7, 6, 7201)
(25, 9, 7, 45, 7240);ו;נ;י;ה;ל;א;ל;א;ו;ה;ם;ג;ר;א;ש;נ;ו;ו;י;נ;(25, 9, 7, 26, 7221)
(25, 9, 7, 65, 7260);ן;ו;ר;ק;ע;ו;ה;ד;ו;ה;י;ב;ף;ל;א;כ;ה;י;ה;ו;(25, 9, 7, 46, 7241)
(25, 9, 8, 14, 7280);ב;צ;מ;י;ת;י;ב;ל;י;ת;י;נ;ח;ו;י;ס;ו;ב;י;כ;(25, 9, 7, 66, 7261)
(25, 9, 8, 34, 7300);ה;י;ל;ע;ר;ב;ע;י;א;ל;ו;ב;ש;מ;ו;ר;ב;ע;מ;ה;(25, 9, 8, 15, 7281)
(25, 9, 8, 54, 7320);י;ע;ב;י;ת;י;א;ר;ה;ת;ע;י;כ;ש;ג;נ;ד;ו;ע;ם;(25, 9, 8, 35, 7301)
(25, 9, 9, 18, 7340);י;ע;י;ר;ה;ן;ו;י;צ;ת;ב;ד;א;מ;י;ל;י;ג;י;נ;(25, 9, 8, 55, 7321)
(25, 9, 9, 38, 7360);ל;א;ו;ב;י;ך;כ;ל;מ;ה;נ;ה;ם;ל;ש;ו;ר;י;ת;ב;(25, 9, 9, 19, 7341)
(25, 9, 9, 58, 7380);ב;כ;ר;ו;י;נ;ע;א;ו;ה;ע;ש;ו;נ;ו;ק;י;ד;צ;ך;(25, 9, 9, 39, 7361)
(25, 9, 10, 1, 7400);ו;ת;ו;נ;ת;א;ן;ב;ר;י;ע;ל;ע;ו;ר;ו;מ;ח;ל;ע;(25, 9, 9, 59, 7381)
(25, 9, 10, 21, 7420);י;מ;ס;ו;ס;ו;ם;י;ר;פ;א;מ;ב;כ;ר;י;ת;ר;כ;ה;(25, 9, 10, 2, 7401)
(25, 9, 10, 41, 7440);ו;ה;מ;ח;ל;מ;ת;ש;ק;ה;ת;ר;כ;נ;ו;ם;ל;ש;ו;ר;(25, 9, 10, 22, 7421)
(25, 9, 10, 61, 7460);ם;י;מ;ו;ל;ש;מ;ו;ם;י;ו;ג;ל;ם;ו;ל;ש;ר;ב;ד;(25, 9, 10, 42, 7441)
(25, 9, 11, 2, 7480);ם;ג;ץ;ר;א;י;ס;פ;א;ד;ע;ר;ה;נ;מ;ו;ם;י;ד;ע;(25, 9, 10, 62, 7461)
(25, 9, 11, 22, 7500);י;ר;י;ס;א;י;ת;ח;ל;ש;ך;ת;י;ר;ב;ם;ד;ב;ת;א;(25, 9, 11, 3, 7481)
(25, 9, 12, 7, 7520);צ;ב;ל;ו;ב;ו;ש;ו;ב;ם;י;מ;ן;י;א;ר;ו;ב;מ;ך;(25, 9, 11, 23, 7501)
(25, 9, 12, 27, 7540);מ;ם;ו;י;ה;ם;ג;ה;ו;ק;ת;ה;י;ר;י;ס;א;ן;ו;ר;(25, 9, 12, 8, 7521)
(25, 9, 13, 7, 7560);י;ת;כ;ר;ד;י;כ;ך;ל;ב;י;ש;א;ה;נ;ש;מ;ד;י;ג;(25, 9, 12, 28, 7541)
(25, 9, 13, 27, 7580);ם;י;ר;פ;א;י;ת;א;ל;מ;ת;ש;ק;ה;ד;ו;ה;י;י;ל;(25, 9, 13, 8, 7561)
(25, 9, 13, 47, 7600);י;נ;ב;ל;ע;ן;ו;י;צ;ך;י;נ;ב;י;ת;ר;ר;ו;ע;ו;(25, 9, 13, 28, 7581)
(25, 9, 14, 2, 7620);י;ו;ר;ו;ב;ג;ב;ר;ח;כ;ך;י;ת;מ;ש;ו;ן;ו;י;ך;(25, 9, 13, 48, 7601)
(25, 9, 14, 22, 7640);ק;ר;ב;כ;א;צ;י;ו;ה;א;ר;י;ם;ה;י;ל;ע;ה;ו;ה;(25, 9, 14, 3, 7621)
(25, 9, 14, 42, 7660);ק;ת;י;ר;פ;ו;ש;ב;ה;ו;ה;י;י;נ;ד;א;ו;ו;צ;ח;(25, 9, 14, 23, 7641)
(25, 9, 15, 5, 7680);צ;ה;ו;ה;י;ן;מ;י;ת;ת;ו;ר;ע;ס;ב;ך;ל;ה;ו;ע;(25, 9, 14, 43, 7661)
(25, 9, 15, 25, 7700);ב;כ;ו;ו;ל;כ;א;ו;ם;ה;י;ל;ע;ן;ג;י;ת;ו;א;ב;(25, 9, 15, 6, 7681)
(25, 9, 15, 45, 7720);י;ו;מ;כ;ו;מ;ה;ו;ת;ש;ו;ע;ל;ק;י;נ;ב;א;ו;ש;(25, 9, 15, 26, 7701)
(25, 9, 15, 65, 7740);ז;מ;ת;ו;י;ו;ז;כ;ק;ר;ז;מ;כ;ו;א;ל;מ;ו;ן;י;(25, 9, 15, 46, 7721)
(25, 9, 16, 18, 7760);ב;ם;ה;י;ה;ל;א;ה;ו;ה;י;ם;ע;י;ש;ו;ה;ו;ח;ב;(25, 9, 15, 66, 7741)
(25, 9, 16, 38, 7780);י;נ;ב;א;י;כ;ו;מ;ע;ן;א;צ;כ;א;ו;ה;ה;ם;ו;י;(25, 9, 16, 19, 7761)
(25, 9, 17, 2, 7800);י;כ;ו;ת;מ;ד;א;ל;ע;ת;ו;ס;ס;ו;נ;ת;מ;ר;ז;נ;(25, 9, 16, 39, 7781)
(25, 9, 17, 22, 7820);ר;ו;ח;ב;ן;ג;ד;ו;י;פ;י;ה;מ;ו;ו;ב;ו;ט;ה;מ;(25, 9, 17, 3, 7801)
(25, 10, 1, 2, 7840);א;ש;ת;ו;ל;ת;ב;ב;ב;ו;נ;י;ש;ו;ר;י;ת;ו;ם;י;(25, 9, 17, 23, 7821)
(25, 10, 1, 22, 7860);ה;י;ש;ו;ק;ל;מ;ת;ע;ב;ר;ט;מ;ה;ו;ה;י;מ;ו;ל;(25, 10, 1, 3, 7841)
(25, 10, 1, 42, 7880);ת;י;ם;ש;ג;ר;ט;מ;ו;ם;י;ז;י;ז;ח;ה;ש;ע;ה;ו;(25, 10, 1, 23, 7861)
(25, 10, 2, 5, 7900);ר;ת;ה;י;כ;ה;ד;ש;ב;ב;ש;ע;ש;י;א;ל;ם;ה;ל;ן;(25, 10, 1, 43, 7881)
(25, 10, 2, 25, 7920);ז;ח;ם;י;מ;ס;ו;ק;ה;ו;ן;ו;א;ו;ר;ב;ד;ם;י;פ;(25, 10, 2, 6, 7901)
(25, 10, 2, 45, 7940);ה;ו;ר;ב;ד;י;א;ו;ש;ה;ת;ו;מ;ל;ח;ו;ר;ק;ש;ו;(25, 10, 2, 26, 7921)
(25, 10, 2, 65, 7960);צ;ו;מ;כ;ו;ע;ס;נ;ן;כ;ל;ע;ן;ו;מ;ח;נ;י;ל;ב;(25, 10, 2, 46, 7941)
(25, 10, 3, 6, 7980);י;ע;ר;ה;ל;ע;ה;ע;ר;ן;י;א;י;כ;ו;נ;ע;י;ן;א;(25, 10, 2, 66, 7961)
(25, 10, 3, 26, 8000);ק;פ;א;ם;י;ד;ו;ת;ע;ה;ל;ע;ו;י;פ;א;ה;ר;ח;ם;(25, 10, 3, 7, 7981)
(25, 10, 3, 46, 8020);ד;ע;ת;א;ת;ו;א;ב;צ;ה;ו;ה;י;ד;ק;פ;י;כ;ד;ו;(25, 10, 3, 27, 8001)
(25, 10, 3, 66, 8040);כ;ם;ת;ו;א;ם;ש;ו;ה;ד;ו;ה;י;ת;י;ב;ת;א;ו;ר;(25, 10, 3, 47, 8021)
(25, 10, 4, 7, 8060);ה;נ;פ;ו;נ;מ;מ;ה;מ;ח;ל;מ;ב;ו;ד;ו;ה;ס;ו;ס;(25, 10, 3, 67, 8041)
(25, 10, 4, 27, 8080);מ;ה;מ;ח;ל;מ;ת;ש;ק;ו;נ;מ;מ;ד;ת;י;ו;נ;מ;מ;(25, 10, 4, 8, 8061)
(25, 10, 5, 4, 8100);ו;י;ה;ו;ו;ד;ח;י;ש;ג;ו;נ;ל;כ;א;צ;י;ו;נ;מ;(25, 10, 4, 28, 8081)
(25, 10, 5, 24, 8120);ת;ו;צ;ו;ח;ט;י;ט;ב;ם;י;ס;ו;ב;ם;י;ר;ב;ג;כ;(25, 10, 5, 5, 8101)
(25, 10, 5, 44, 8140);מ;ע;ה;ו;ה;י;י;כ;ו;מ;ח;ל;נ;ו;ה;מ;ח;ל;מ;ב;(25, 10, 5, 25, 8121)
(25, 10, 6, 4, 8160);ר;ב;ג;ו;ם;י;ס;ו;ס;י;ב;כ;ר;ו;ש;י;ב;ה;ו;ם;(25, 10, 5, 45, 8141)
(25, 10, 6, 24, 8180);ו;י;ת;י;ב;ת;א;ו;ה;ד;ו;ה;י;ת;י;ב;ת;א;י;ת;(25, 10, 6, 5, 8161)
(25, 10, 6, 44, 8200);ח;ר;י;כ;ם;י;ת;ו;ב;ש;ו;ה;ו;ע;י;ש;ו;א;ף;ס;(25, 10, 6, 25, 8181)
(25, 10, 6, 64, 8220);ם;י;ת;ח;נ;ז;א;ל;ר;ש;א;כ;ו;י;ה;ו;ם;י;ת;מ;(25, 10, 6, 45, 8201)
(25, 10, 6, 84, 8240);ם;נ;ע;א;ו;ם;ה;י;ה;ל;א;ה;ו;ה;י;י;נ;א;י;כ;(25, 10, 6, 65, 8221)
(25, 10, 7, 20, 8260);ב;ל;ח;מ;ש;ו;ם;י;ר;פ;א;ר;ו;ב;ג;כ;ו;י;ה;ו;(25, 10, 7, 1, 8241)
(25, 10, 7, 40, 8280);מ;ש;ו;ו;א;ר;י;ם;ה;י;נ;ב;ו;ן;י;י;ו;מ;כ;ם;(25, 10, 7, 21, 8261)
(25, 10, 8, 7, 8300);ה;ל;ה;ק;ר;ש;א;ה;ו;ה;י;ב;ם;ב;ל;ל;ג;י;ו;ח;(25, 10, 7, 41, 8281)
(25, 10, 8, 27, 8320);כ;ו;ב;ר;ו;ם;י;ת;י;ד;פ;י;כ;ם;צ;ב;ק;א;ו;ם;(25, 10, 8, 8, 8301)
(25, 10, 9, 15, 8340);ר;מ;ב;ו;ם;י;מ;ע;ב;ם;ע;ר;ז;א;ו;ו;ב;ר;ו;מ;(25, 10, 8, 28, 8321)
(25, 10, 9, 35, 8360);י;נ;ב;ת;א;ו;י;ח;ו;י;נ;ו;ר;כ;ז;י;ם;י;ק;ח;(25, 10, 9, 16, 8341)
(25, 10, 10, 14, 8380);צ;מ;ץ;ר;א;מ;ם;י;ת;ו;ב;ש;ה;ו;ו;ב;ש;ו;ם;ה;(25, 10, 9, 36, 8361)
(25, 10, 10, 34, 8400);ץ;ר;א;ל;א;ו;ם;צ;ב;ק;א;ר;ו;ש;א;מ;ו;ם;י;ר;(25, 10, 10, 15, 8381)
(25, 10, 10, 54, 8420);מ;י;א;ל;ו;ם;א;י;ב;א;ן;ו;נ;ב;ל;ו;ד;ע;ל;ג;(25, 10, 10, 35, 8401)
(25, 10, 11, 15, 8440);ב;ה;כ;ה;ו;ה;ר;צ;ם;י;ב;ר;ב;ע;ו;ם;ה;ל;א;צ;(25, 10, 10, 55, 8421)
(25, 10, 11, 35, 8460);ת;ו;ל;ו;צ;מ;ל;כ;ו;ש;י;ב;ה;ו;ם;י;ל;ג;ם;י;(25, 10, 11, 16, 8441)
(25, 10, 11, 55, 8480);ט;ב;ש;ו;ר;ו;ש;א;ן;ו;א;ג;ד;ר;ו;ה;ו;ר;א;י;(25, 10, 11, 36, 8461)
(25, 10, 12, 11, 8500);ו;ה;י;ב;ם;י;ת;ר;ב;ג;ו;ר;ו;ס;י;ם;י;ר;צ;מ;(25, 10, 11, 56, 8481)
(25, 11, 1, 1, 8520);פ;ה;ו;ה;י;ם;א;נ;ו;כ;ל;ה;ת;י;ו;מ;ש;ב;ו;ה;(25, 10, 12, 12, 8501)
(25, 11, 1, 21, 8540);ב;ש;א;ל;כ;א;ת;ו;ך;י;ת;ל;ד;ן;ו;נ;ב;ל;ח;ת;(25, 11, 1, 2, 8521)
(25, 11, 2, 15, 8560);ר;א;ל;פ;נ;י;כ;ש;ו;ר;ב;ל;ל;י;ה;ך;י;ז;ר;א;(25, 11, 1, 22, 8541)
(25, 11, 2, 35, 8580);א;ו;ל;י;ל;י;ה;ו;ד;ד;ש;ם;י;ר;ד;א;ר;ש;א;ז;(25, 11, 2, 16, 8561)
(25, 11, 2, 55, 8600);ר;ו;צ;ב;ה;ר;ע;י;ד;ר;י;י;כ;ן;ש;ב;י;נ;ו;ל;(25, 11, 2, 36, 8581)
(25, 11, 3, 20, 8620);ד;א;ה;ד;ד;ש;י;כ;ם;י;ע;ר;ה;ת;ל;ל;י;ל;ו;ק;(25, 11, 3, 1, 8601)
(25, 11, 3, 40, 8640);ד;ש;י;כ;ם;י;ר;י;פ;כ;ת;ג;א;ש;ל;ו;ק;ם;ת;ר;(25, 11, 3, 21, 8621)
(25, 11, 4, 10, 8660);א;ה;ו;ה;י;ר;מ;א;ה;כ;ן;ד;ר;י;ה;ן;ו;א;ג;ד;(25, 11, 3, 41, 8641)
(25, 11, 5, 4, 8680);ק;ר;ש;א;ה;ג;ר;ה;ה;ן;א;צ;ת;א;ה;ע;ר;י;ה;ל;(25, 11, 4, 11, 8661)
(25, 11, 5, 24, 8700);כ;מ;ו;ו;מ;ש;א;י;א;ל;ו;ן;ג;ר;ה;י;ן;ה;י;נ;(25, 11, 5, 5, 8681)
(25, 11, 5, 44, 8720);ש;ע;א;ו;ה;ו;ה;י;ך;ו;ר;ב;ר;מ;א;י;ן;ה;י;ר;(25, 11, 5, 25, 8701)
(25, 11, 6, 1, 8740);כ;ן;ה;י;ל;ע;ל;ו;מ;ח;י;א;ל;ם;ה;י;ע;ר;ו;ר;(25, 11, 5, 45, 8721)
(25, 11, 6, 21, 8760);ר;א;ה;י;ב;ש;י;ל;ע;ד;ו;ע;ל;ו;מ;ח;א;א;ל;י;(25, 11, 6, 2, 8741)
(25, 11, 6, 41, 8780);י;צ;מ;מ;י;כ;נ;א;ה;נ;ה;ו;ה;ו;ה;י;ם;א;נ;ץ;(25, 11, 6, 22, 8761)
(25, 11, 6, 61, 8800);י;ב;ו;ו;ה;ע;ר;ד;י;ב;ש;י;א;ם;ד;א;ה;ת;א;א;(25, 11, 6, 42, 8781)
(25, 11, 6, 81, 8820);א;א;ל;ו;ץ;ר;א;ה;ת;א;ו;ת;ת;כ;ו;ו;כ;ל;מ;ד;(25, 11, 6, 62, 8801)
(25, 11, 7, 13, 8840);ר;ה;ה;ן;א;צ;ת;א;ה;ע;ר;א;ו;ם;ד;י;מ;ל;י;צ;(25, 11, 6, 82, 8821)
(25, 11, 7, 33, 8860);ש;י;ל;ח;ק;א;ו;ן;א;צ;ה;י;י;נ;ע;ן;כ;ל;ה;ג;(25, 11, 7, 14, 8841)
(25, 11, 7, 53, 8880);ו;ם;ע;נ;י;ת;א;ר;ק;ד;ח;א;ל;ת;ו;ל;ק;מ;י;נ;(25, 11, 7, 34, 8861)
(25, 11, 7, 73, 8900);א;ה;ע;ר;א;ו;ם;י;ל;ב;ח;י;ת;א;ר;ק;ד;ח;א;ל;(25, 11, 7, 54, 8881)
(25, 11, 8, 15, 8920);י;ע;ר;ה;ת;ש;ל;ש;ת;א;ד;ח;כ;א;ו;ן;א;צ;ה;ת;(25, 11, 7, 74, 8901)
(25, 11, 8, 35, 8940);ם;ה;ב;י;ש;פ;נ;ר;צ;ק;ת;ו;ד;ח;א;ח;ר;י;ב;ם;(25, 11, 8, 16, 8921)
(25, 11, 9, 7, 8960);א;א;ל;ר;מ;א;ו;י;ב;ה;ל;ח;ב;ם;ש;פ;נ;ם;ג;ו;(25, 11, 8, 36, 8941)
(25, 11, 9, 27, 8980);ח;כ;נ;ה;ו;ת;ו;מ;ת;ה;ת;מ;ה;ם;כ;ת;א;ה;ע;ר;(25, 11, 9, 8, 8961)
(25, 11, 9, 47, 9000);ה;נ;ל;כ;א;ת;ת;ו;ר;א;ש;נ;ה;ו;ד;ח;כ;ת;ת;ד;(25, 11, 9, 28, 8981)
(25, 11, 10, 7, 9020);מ;ת;א;ח;ק;א;ו;ה;ת;ו;ע;ר;ר;ש;ב;ת;א;ה;ש;א;(25, 11, 9, 48, 9001)
(25, 11, 10, 27, 9040);י;פ;ה;ל;ו;ת;א;ע;ד;ג;א;ו;ם;ע;נ;ת;א;י;ל;ק;(25, 11, 10, 8, 9021)
(25, 11, 10, 47, 9060);ה;ל;כ;ת;א;י;ת;ר;כ;ר;ש;א;י;ת;י;ר;ב;ת;א;ר;(25, 11, 10, 28, 9041)
(25, 11, 11, 16, 9080);ע;ד;י;ו;א;ו;ה;ה;ם;ו;י;ב;ר;פ;ת;ו;ם;י;מ;ע;(25, 11, 10, 48, 9061)
(25, 11, 11, 36, 9100);י;ת;א;ם;י;ר;מ;ש;ה;ן;א;צ;ה;י;י;נ;ע;ן;כ;ו;(25, 11, 11, 17, 9081)
(25, 11, 12, 8, 9120);ה;י;ל;א;ר;מ;א;ו;א;ו;ה;ה;ו;ה;י;ר;ב;ד;י;כ;(25, 11, 11, 37, 9101)
(25, 11, 12, 28, 9140);י;ר;כ;ש;ו;ב;ה;ם;כ;י;נ;י;ע;ב;ב;ו;ט;ם;א;ם;(25, 11, 12, 9, 9121)
(25, 11, 12, 48, 9160);ר;כ;ש;ת;א;ו;ל;ק;ש;י;ו;ו;ל;ד;ח;א;ל;ם;א;ו;(25, 11, 12, 29, 9141)
(25, 11, 13, 11, 9180);ל;א;ה;ו;ה;י;ר;מ;א;י;ו;ף;ס;כ;ם;י;ש;ל;ש;י;(25, 11, 12, 49, 9161)
(25, 11, 13, 31, 9200);י;ה;ר;ד;א;ר;צ;ו;י;ה;ל;א;ו;ה;כ;י;ל;ש;ה;י;(25, 11, 13, 12, 9181)
(25, 11, 13, 51, 9220);ח;ק;א;ו;ם;ה;י;ל;ע;מ;י;ת;ר;ק;י;ר;ש;א;ר;ק;(25, 11, 13, 32, 9201)
(25, 11, 13, 71, 9240);ב;ו;ת;א;ך;י;ל;ש;א;ו;ף;ס;כ;ה;ם;י;ש;ל;ש;ה;(25, 11, 13, 52, 9221)
(25, 11, 14, 7, 9260);ת;א;ע;ד;ג;א;ו;ר;צ;ו;י;ה;ל;א;ה;ו;ה;י;ת;י;(25, 11, 13, 72, 9241)
(25, 11, 14, 27, 9280);ר;פ;ה;ל;ם;י;ל;ב;ח;ה;ת;א;י;נ;ש;ה;י;ל;ק;מ;(25, 11, 14, 8, 9261)
(25, 11, 14, 47, 9300);י;ן;י;ב;ו;ה;ד;ו;ה;י;ן;י;ב;ה;ו;ח;א;ה;ת;א;(25, 11, 14, 28, 9281)
(25, 11, 15, 16, 9320);ק;ד;ו;ע;י;ל;א;ה;ו;ה;י;ר;מ;א;י;ו;ל;א;ר;ש;(25, 11, 14, 48, 9301)
(25, 11, 16, 7, 9340);נ;א;ה;נ;ה;י;כ;י;ל;ו;א;ה;ע;ר;י;ל;כ;ך;ל;ח;(25, 11, 15, 17, 9321)
(25, 11, 16, 27, 9360);ת;ו;ד;ח;כ;נ;ה;ץ;ר;א;ב;ה;ע;ר;ם;י;ק;מ;י;כ;(25, 11, 16, 8, 9341)
(25, 11, 16, 47, 9380);ש;נ;ה;ו;ש;ק;ב;י;א;ל;ר;ע;נ;ה;ד;ק;פ;י;א;ל;(25, 11, 16, 28, 9361)
(25, 11, 16, 67, 9400);כ;ל;כ;י;א;ל;ה;ב;צ;נ;ה;א;פ;ר;י;א;ל;ת;ר;ב;(25, 11, 16, 48, 9381)
(25, 11, 16, 87, 9420);י;ס;ר;פ;ו;ל;כ;א;י;ה;א;י;ר;ב;ה;ר;ש;ב;ו;ל;(25, 11, 16, 68, 9401)
(25, 11, 17, 14, 9440);ב;ז;ע;ל;י;ל;א;ה;י;ע;ר;י;ו;ה;ק;ר;פ;י;ן;ה;(25, 11, 16, 88, 9421)
(25, 11, 17, 34, 9460);י;ע;ל;ע;ו;ו;ע;ו;ר;ז;ל;ע;ב;ר;ח;ן;א;צ;ה;י;(25, 11, 17, 15, 9441)
(25, 11, 17, 54, 9480);ע;ו;ש;ב;י;ת;ש;ו;ב;י;ו;ע;ר;ז;ו;נ;י;מ;י;ן;(25, 11, 17, 35, 9461)
(25, 12, 1, 6, 9500);ר;ב;ד;א;ש;מ;ה;ה;כ;ת;ה;ה;כ;ו;נ;י;מ;י;ן;י;(25, 11, 17, 55, 9481)
(25, 12, 1, 26, 9520);ט;נ;ה;ו;ה;י;ם;א;נ;ל;א;ר;ש;י;ל;ע;ה;ו;ה;י;(25, 12, 1, 7, 9501)
(25, 12, 1, 46, 9540);א;ח;ו;ר;ר;צ;י;ו;ץ;ר;א;ד;ס;י;ו;ם;י;מ;ש;ה;(25, 12, 1, 27, 9521)
(25, 12, 2, 13, 9560);ר;י;ת;א;ם;ש;י;כ;נ;א;ה;נ;ה;ו;ב;ר;ק;ב;ם;ד;(25, 12, 1, 47, 9541)
(25, 12, 2, 33, 9580);י;ב;ס;ם;י;מ;ע;ה;ל;כ;ל;ל;ע;ר;ף;ס;ם;ל;ש;ו;(25, 12, 2, 14, 9561)
(25, 12, 2, 53, 9600);ר;ו;צ;מ;ב;ה;י;ה;י;ה;ד;ו;ה;י;ל;ע;ם;ג;ו;ב;(25, 12, 2, 34, 9581)
(25, 12, 3, 12, 9620);א;ו;ה;ה;ם;ו;י;ב;ה;י;ה;ו;ם;ל;ש;ו;ר;י;ל;ע;(25, 12, 2, 54, 9601)
(25, 12, 3, 32, 9640);ה;ס;מ;ע;מ;ן;ב;א;ם;ל;ש;ו;ר;י;ת;א;ם;י;ש;א;(25, 12, 3, 13, 9621)
(25, 12, 3, 52, 9660);י;ט;ו;ר;ש;ה;י;ס;מ;ע;ל;כ;ם;י;מ;ע;ה;ל;כ;ל;(25, 12, 3, 33, 9641)
(25, 12, 3, 72, 9680);י;י;ו;ג;ל;כ;ה;י;ל;ע;ו;פ;ס;א;נ;ו;ו;ט;ר;ש;(25, 12, 3, 53, 9661)
(25, 12, 4, 16, 9700);א;ה;ו;ה;י;ם;א;נ;א;ו;ה;ה;ם;ו;י;ב;ץ;ר;א;ה;(25, 12, 3, 73, 9681)
(25, 12, 4, 36, 9720);ש;ב;ו;ב;כ;ר;ו;ן;ו;ה;מ;ת;ב;ס;ו;ס;ל;כ;ה;כ;(25, 12, 4, 17, 9701)
(25, 12, 4, 56, 9740);א;ח;ק;פ;א;ה;ד;ו;ה;י;ת;י;ב;ל;ע;ו;ן;ו;ע;ג;(25, 12, 4, 37, 9721)
(25, 12, 4, 76, 9760);ב;ה;כ;א;ם;י;מ;ע;ה;ס;ו;ס;ל;כ;ו;י;נ;י;ע;ת;(25, 12, 4, 57, 9741)
(25, 12, 5, 15, 9780);ב;ה;ד;ו;ה;י;י;פ;ל;א;ו;ר;מ;א;ו;ן;ו;ר;ו;ע;(25, 12, 4, 77, 9761)
(25, 12, 5, 35, 9800);ב;ם;ל;ש;ו;ר;י;י;ב;ש;י;י;ל;ה;צ;מ;א;ם;ב;ל;(25, 12, 5, 16, 9781)
(25, 12, 6, 5, 9820);ה;ם;ו;י;ב;ם;ה;י;ה;ל;א;ת;ו;א;ב;צ;ה;ו;ה;י;(25, 12, 5, 36, 9801)
(25, 12, 6, 25, 9840);כ;כ;ה;ד;ו;ה;י;י;פ;ל;א;ת;א;ם;י;ש;א;א;ו;ה;(25, 12, 6, 6, 9821)
(25, 12, 6, 45, 9860);ע;ב;ש;א;ד;י;פ;ל;כ;ו;ם;י;צ;ע;ב;ש;א;ר;ו;י;(25, 12, 6, 26, 9841)
(25, 12, 6, 65, 9880);א;מ;ש;ל;ע;ו;ן;י;מ;י;ל;ע;ו;ל;כ;א;ו;ר;י;מ;(25, 12, 6, 46, 9861)
(25, 12, 6, 85, 9900);ה;ב;ש;י;ו;ב;י;ב;ס;ם;י;מ;ע;ה;ל;כ;ת;א;ל;ו;(25, 12, 6, 66, 9881)
(25, 12, 6, 105, 9920);ל;ש;ו;ר;י;ב;ה;י;ת;ח;ת;ד;ו;ע;ם;ל;ש;ו;ר;י;(25, 12, 6, 86, 9901)
(25, 12, 7, 19, 9940);ד;ו;ה;י;י;ל;ה;א;ת;א;ה;ו;ה;י;ע;ש;ו;ה;ו;ם;(25, 12, 6, 106, 9921)
(25, 12, 7, 39, 9960);א;פ;ת;ל;ד;ג;ת;א;ל;ן;ע;מ;ל;ה;נ;ש;א;ר;ב;ה;(25, 12, 7, 20, 9941)
(25, 12, 7, 59, 9980);ר;י;ב;ש;י;ת;ר;א;פ;ת;ו;ד;י;ו;ד;ת;י;ב;ת;ר;(25, 12, 7, 40, 9961)
(25, 12, 8, 9, 10000);י;א;ו;ה;ה;ם;ו;י;ב;ה;ד;ו;ה;י;ל;ע;ם;ל;ש;ו;(25, 12, 7, 60, 9981)
(25, 12, 8, 29, 10020);ו;ם;ל;ש;ו;ר;י;ב;ש;ו;י;ד;ע;ב;ה;ו;ה;י;ן;ג;(25, 12, 8, 10, 10001)
(25, 12, 8, 49, 10040);כ;א;ו;ה;ה;ם;ו;י;ב;ם;ה;ב;ל;ש;כ;נ;ה;ה;י;ה;(25, 12, 8, 30, 10021)
(25, 12, 8, 69, 10060);מ;כ;ם;י;ה;ל;א;כ;ד;י;ו;ד;ת;י;ב;ו;ד;י;ו;ד;(25, 12, 8, 50, 10041)
(25, 12, 9, 7, 10080);ו;י;ב;ה;י;ה;ו;ם;ה;י;נ;פ;ל;ה;ו;ה;י;ך;א;ל;(25, 12, 8, 70, 10061)
(25, 12, 9, 27, 10100);ה;ל;כ;ת;א;ד;י;מ;ש;ה;ל;ש;ק;ב;א;א;ו;ה;ה;ם;(25, 12, 9, 8, 10081)
(25, 12, 10, 3, 10120);פ;ש;ו;ם;ל;ש;ו;ר;י;ל;ע;ם;י;א;ב;ה;ם;י;ו;ג;(25, 12, 9, 28, 10101)
(25, 12, 10, 23, 10140);י;ב;ש;ו;י;ל;ע;ו;ד;י;ו;ד;ת;י;ב;ל;ע;י;ת;כ;(25, 12, 10, 4, 10121)
(25, 12, 10, 43, 10160);ה;ו;ם;י;נ;ו;נ;ח;ת;ו;ן;ח;ח;ו;ר;ם;ל;ש;ו;ר;(25, 12, 10, 24, 10141)
(25, 12, 10, 63, 10180);ד;פ;ס;ו;ו;ר;ק;ד;ר;ש;א;ת;א;י;ל;א;ו;ט;י;ב;(25, 12, 10, 44, 10161)
(25, 12, 10, 83, 10200);מ;ה;ו;ד;י;ח;י;ה;ל;ע;ד;פ;ס;מ;כ;ו;י;ל;ע;ו;(25, 12, 10, 64, 10181)
(25, 12, 11, 4, 10220);ם;ו;י;ב;ר;ו;כ;ב;ה;ל;ע;ר;מ;ה;כ;ו;י;ל;ע;ר;(25, 12, 10, 84, 10201)
(25, 12, 11, 24, 10240);ם;ל;ש;ו;ר;י;ב;ד;פ;ס;מ;ה;ל;ד;ג;י;א;ו;ה;ה;(25, 12, 11, 5, 10221)
(25, 12, 11, 44, 10260);ד;ג;מ;ת;ע;ק;ב;ב;ן;ו;מ;ר;ד;ד;ה;ד;פ;ס;מ;כ;(25, 12, 11, 25, 10241)
(25, 12, 12, 18, 10280);פ;ש;מ;ת;ו;ח;פ;ש;מ;ץ;ר;א;ה;ה;ד;פ;ס;ו;ן;ו;(25, 12, 11, 45, 10261)
(25, 12, 12, 38, 10300);ב;ל;ד;י;ו;ד;ת;י;ב;ת;ח;פ;ש;מ;ד;ב;ל;ת;ו;ח;(25, 12, 12, 19, 10281)
(25, 12, 12, 58, 10320);ת;נ;ת;י;ב;ת;ח;פ;ש;מ;ד;ב;ל;ם;ה;י;ש;נ;ו;ד;(25, 12, 12, 39, 10301)
(25, 12, 13, 7, 10340);י;ב;ת;ח;פ;ש;מ;ד;ב;ל;ם;ה;י;ש;נ;ו;ד;ב;ל;ן;(25, 12, 12, 59, 10321)
(25, 12, 13, 27, 10360);ח;פ;ש;מ;ד;ב;ל;ם;ה;י;ש;נ;ו;ד;ב;ל;י;ו;ל;ת;(25, 12, 13, 8, 10341)
(25, 12, 14, 2, 10380);ל;כ;ד;ב;ל;ם;ה;י;ש;נ;ו;ד;ב;ל;י;ע;מ;ש;ה;ת;(25, 12, 13, 28, 10361)
(25, 12, 14, 22, 10400);מ;ת;ח;פ;ש;מ;ת;ו;ר;א;ש;נ;ה;ת;ו;ח;פ;ש;מ;ה;(25, 12, 14, 3, 10381)
(25, 13, 1, 4, 10420);ם;ו;י;ב;ד;ב;ל;ם;ה;י;ש;נ;ו;ד;ב;ל;ת;ח;פ;ש;(25, 12, 14, 23, 10401)
(25, 13, 1, 24, 10440);ת;י;ב;ל;ח;ת;פ;נ;ר;ו;ק;מ;ה;י;ה;י;א;ו;ה;ה;(25, 13, 1, 5, 10421)
(25, 13, 1, 44, 10460);א;ט;ח;ל;ם;ל;ש;ו;ר;י;י;ב;ש;י;ל;ו;ד;י;ו;ד;(25, 13, 1, 25, 10441)
(25, 13, 2, 14, 10480);א;נ;א;ו;ה;ה;ם;ו;י;ב;ה;י;ה;ו;ה;ד;נ;ל;ו;ת;(25, 13, 1, 45, 10461)
(25, 13, 2, 34, 10500);ו;מ;ש;ת;א;ת;י;ר;כ;א;ת;ו;א;ב;צ;ה;ו;ה;י;ם;(25, 13, 2, 15, 10481)
(25, 13, 2, 54, 10520);ר;כ;ז;י;א;ל;ו;ץ;ר;א;ה;ן;מ;ם;י;ב;צ;ע;ה;ת;(25, 13, 2, 35, 10501)
(25, 13, 2, 74, 10540);ר;ת;א;ו;ם;י;א;י;ב;נ;ה;ת;א;ם;ג;ו;ד;ו;ע;ו;(25, 13, 2, 55, 10521)
(25, 13, 3, 2, 10560);ה;ו;ץ;ר;א;ה;ן;מ;ר;י;ב;ע;א;ה;א;מ;ט;ה;ח;ו;(25, 13, 2, 75, 10541)
(25, 13, 3, 22, 10580);א;ו;ר;מ;א;ו;ד;ו;ע;ש;י;א;א;ב;נ;י;י;כ;ה;י;(25, 13, 3, 3, 10561)
(25, 13, 3, 42, 10600);ח;ת;א;ל;ו;י;ד;ל;י;ו;מ;א;ו;ו;י;ב;א;ו;י;ל;(25, 13, 3, 23, 10581)
(25, 13, 3, 62, 10620);ד;ו;ה;ו;ה;י;ם;ש;ב;ת;ר;ב;ד;ר;ק;ש;י;כ;ה;י;(25, 13, 3, 43, 10601)
(25, 13, 3, 82, 10640);ה;ב;ו;י;ד;ל;י;ו;מ;א;ו;ו;ה;י;ב;א;ו;ה;ר;ק;(25, 13, 3, 63, 10621)
(25, 13, 4, 16, 10660);ו;ש;ב;י;א;ו;ה;ה;ם;ו;י;ב;ה;י;ה;ו;ו;א;ב;נ;(25, 13, 3, 83, 10641)
(25, 13, 4, 36, 10680);ב;נ;ה;ב;ו;נ;י;ז;ח;מ;ש;י;א;ם;י;א;י;ב;נ;ה;(25, 13, 4, 17, 10661)
(25, 13, 4, 56, 10700);מ;ל;ר;ע;ש;ת;ר;ד;א;ו;ש;ב;ל;י;א;ל;ו;ו;ת;א;(25, 13, 4, 37, 10681)
(25, 13, 5, 15, 10720);א;י;כ;נ;א;א;י;ב;נ;א;ל;ר;מ;א;ו;ש;ח;כ;ן;ע;(25, 13, 4, 57, 10701)
(25, 13, 5, 35, 10740);ק;ה;ם;ד;א;י;כ;י;כ;נ;א;ה;מ;ד;א;ד;ב;ע;ש;י;(25, 13, 5, 16, 10721)
(25, 13, 6, 11, 10760);ה;ה;מ;ו;י;ל;א;ר;מ;א;ו;י;ר;ו;ע;נ;מ;י;נ;נ;(25, 13, 5, 36, 10741)
(25, 13, 6, 31, 10780);א;ר;מ;א;ו;ך;י;ד;י;ן;י;ב;ה;ל;א;ה;ת;ו;כ;מ;(25, 13, 6, 12, 10761)
(25, 13, 7, 5, 10800);ו;ע;ב;ר;ח;י;ב;ה;א;מ;ת;י;ב;י;ת;י;כ;ה;ר;ש;(25, 13, 6, 32, 10781)
(25, 13, 7, 25, 10820);א;נ;י;ת;י;מ;ע;ר;ב;ג;ל;ע;ו;י;ע;ר;ל;ע;י;ר;(25, 13, 7, 6, 10801)
(25, 13, 7, 45, 10840);ת;ו;ה;ע;ר;ה;ת;א;ך;ה;ת;ו;א;ב;צ;ה;ו;ה;י;ם;(25, 13, 7, 26, 10821)
(25, 13, 7, 65, 10860);ל;ע;י;ד;י;י;ת;ב;ש;ה;ו;ן;א;צ;ה;ן;י;צ;ו;פ;(25, 13, 7, 46, 10841)
(25, 13, 8, 14, 10880);ם;א;נ;ץ;ר;א;ה;ל;כ;ב;ה;י;ה;ו;ם;י;ר;ע;צ;ה;(25, 13, 7, 66, 10861)
(25, 13, 8, 34, 10900);ו;ג;י;ו;ת;ר;כ;י;ה;ב;ם;י;נ;ש;י;פ;ה;ו;ה;י;(25, 13, 8, 15, 10881)
(25, 13, 9, 5, 10920);ת;א;ב;ה;ו;ה;ב;ר;ת;ו;י;ת;י;ש;ל;ש;ה;ו;ו;ע;(25, 13, 8, 35, 10901)
(25, 13, 9, 25, 10940);כ;ם;י;ת;פ;ר;צ;ו;ש;א;ב;ת;י;ש;ל;ש;ה;ת;א;י;(25, 13, 9, 6, 10921)
(25, 13, 9, 45, 10960);ן;ח;ב;כ;ם;י;ת;נ;ח;ב;ו;ף;ס;כ;ה;ת;א;ף;ר;צ;(25, 13, 9, 26, 10941)
(25, 13, 9, 65, 10980);נ;א;ו;י;מ;ש;ב;א;ר;ק;י;א;ו;ה;ב;ה;ז;ה;ת;א;(25, 13, 9, 46, 10961)
(25, 13, 9, 85, 11000);ו;א;ו;ה;י;מ;ע;י;ת;ר;מ;א;ו;ת;א;ה;נ;ע;א;י;(25, 13, 9, 66, 10981)
(25, 14, 1, 5, 11020);ו;י;ה;נ;ה;י;ה;ל;א;ה;ו;ה;י;ר;מ;א;י;א;ו;ה;(25, 13, 9, 86, 11001)
(25, 14, 1, 25, 11040);ב;ר;ק;ב;ך;ל;ל;ש;ק;ל;ח;ו;ה;ו;ה;י;ל;א;ב;ם;(25, 14, 1, 6, 11021)
(25, 14, 2, 19, 11060);ר;י;ל;א;ם;י;ו;ג;ה;ל;כ;ת;א;י;ת;פ;ס;א;ו;ך;(25, 14, 1, 26, 11041)
(25, 14, 2, 39, 11080);ר;י;ע;ה;ה;ד;כ;ל;נ;ו;ה;מ;ח;ל;מ;ל;ם;ל;ש;ו;(25, 14, 2, 20, 11061)
(25, 14, 2, 59, 11100);ל;ג;ש;ת;ם;י;ש;נ;ה;ו;ם;י;ת;ב;ה;ו;ס;ש;נ;ו;(25, 14, 2, 40, 11081)
(25, 14, 2, 79, 11120);י;ו;ה;ל;ו;ג;ב;ר;י;ע;ה;י;צ;ח;א;צ;י;ו;ה;נ;(25, 14, 2, 60, 11101)
(25, 14, 3, 3, 11140);צ;י;ו;ר;י;ע;ה;ן;מ;ת;ר;כ;י;א;ל;ם;ע;ה;ר;ת;(25, 14, 2, 80, 11121)
(25, 14, 3, 23, 11160);י;כ;ם;ה;ה;ם;י;ו;ג;ב;ם;ח;ל;נ;ו;ה;ו;ה;י;א;(25, 14, 3, 4, 11141)
(25, 14, 4, 6, 11180);ר;ו;ד;מ;ע;ו;ב;ר;ק;ם;ו;י;ב;ו;מ;ח;ל;ה;ם;ו;(25, 14, 3, 24, 11161)
(25, 14, 4, 26, 11200);ת;י;ז;ה;ר;ה;ל;ע;א;ו;ה;ה;ם;ו;י;ב;ו;י;ל;ג;(25, 14, 4, 7, 11181)
(25, 14, 4, 46, 11220);ם;ד;ק;מ;ם;ל;ש;ו;ר;י;י;נ;פ;ל;ע;ר;ש;א;ם;י;(25, 14, 4, 27, 11201)
(25, 14, 4, 66, 11240);ז;מ;ו;י;צ;ח;מ;ם;י;ת;י;ז;ה;ר;ה;ע;ק;ב;נ;ו;(25, 14, 4, 47, 11221)
(25, 14, 4, 86, 11260);מ;ו;ד;א;מ;ה;ל;ו;ד;ג;א;י;ג;ה;מ;י;ו;ה;ח;ר;(25, 14, 4, 67, 11241)
(25, 14, 4, 106, 11280);ב;ג;נ;ו;י;צ;ח;ו;ה;נ;ו;פ;צ;ר;ה;ה;י;צ;ח;ש;(25, 14, 4, 87, 11261)
(25, 14, 5, 19, 11300);י;ג;ע;י;ג;י;י;כ;י;ר;ה;א;י;ג;ם;ת;ס;נ;ו;ה;(25, 14, 4, 107, 11281)
(25, 14, 5, 39, 11320);ס;נ;ר;ש;א;כ;ם;ת;ס;נ;ו;ל;צ;א;ל;א;ם;י;ר;ה;(25, 14, 5, 20, 11301)
(25, 14, 5, 59, 11340);ל;מ;ה;י;ז;ע;י;מ;י;ב;ש;ע;ר;ה;י;נ;פ;מ;ם;ת;(25, 14, 5, 40, 11321)
(25, 14, 5, 79, 11360);ק;ל;כ;י;ה;ל;א;ה;ו;ה;י;א;ב;ו;ה;ד;ו;ה;י;ך;(25, 14, 5, 60, 11341)
(25, 14, 6, 13, 11380);ל;א;ו;ה;ה;ם;ו;י;ב;ה;י;ה;ו;ך;מ;ע;ם;י;ש;ד;(25, 14, 5, 80, 11361)
(25, 14, 7, 1, 11400);ו;ן;ו;א;פ;ק;י;ת;ו;ר;ק;י;ר;ו;א;ה;י;ה;י;א;(25, 14, 6, 14, 11381)
(25, 14, 7, 21, 11420);ו;ה;י;ל;ע;ד;ו;י;א;ו;ה;ד;ח;א;ם;ו;י;ה;י;ה;(25, 14, 7, 2, 11401)
(25, 14, 7, 41, 11440);ת;ע;ל;ה;י;ה;ו;ה;ל;י;ל;א;ל;ו;ם;ו;י;א;ל;ה;(25, 14, 7, 22, 11421)
(25, 14, 8, 10, 11460);ה;ה;ם;ו;י;ב;ה;י;ה;ו;ר;ו;א;ה;י;ה;י;ב;ר;ע;(25, 14, 7, 42, 11441)
(25, 14, 8, 30, 11480);ם;ל;ש;ו;ר;י;מ;ם;י;י;ח;ם;י;מ;ו;א;צ;י;א;ו;(25, 14, 8, 11, 11461)
(25, 14, 8, 50, 11500);י;צ;ח;ו;י;נ;ו;מ;ד;ק;ה;ם;י;ה;ל;א;ם;י;צ;ח;(25, 14, 8, 31, 11481)
(25, 14, 8, 70, 11520);ר;ח;ב;ו;ץ;י;ק;ב;ן;ו;ר;ח;א;ה;ם;י;ה;ל;א;ם;(25, 14, 8, 51, 11501)
(25, 14, 9, 15, 11540);כ;ל;ע;ך;ל;מ;ל;ה;ו;ה;י;ה;י;ה;ו;ה;י;ה;י;ף;(25, 14, 8, 71, 11521)
(25, 14, 9, 35, 11560);ו;ה;י;ה;י;ה;י;א;ו;ה;ה;ם;ו;י;ב;ץ;ר;א;ה;ל;(25, 14, 9, 16, 11541)
(25, 14, 10, 9, 11580);ר;א;ה;ל;כ;ב;ו;ס;י;ד;ח;א;ו;מ;ש;ו;ד;ח;א;ה;(25, 14, 9, 36, 11561)
(25, 14, 10, 29, 11600);ר;י;ב;ג;נ;ן;ו;מ;ר;ל;ע;ב;ג;מ;ה;ב;ר;ע;כ;ץ;(25, 14, 10, 10, 11581)
(25, 14, 10, 49, 11620);ל;ה;י;ת;ח;ת;ה;ב;ש;י;ו;ה;מ;א;ר;ו;ם;ל;ש;ו;(25, 14, 10, 30, 11601)
(25, 14, 10, 69, 11640);ר;ה;ר;ע;ש;ם;ו;ק;מ;ד;ע;ן;מ;י;נ;ב;ר;ע;ש;מ;(25, 14, 10, 50, 11621)
(25, 14, 10, 89, 11660);ח;ל;ד;ג;מ;ו;ם;י;נ;פ;ה;ר;ע;ש;ד;ע;ן;ו;ש;א;(25, 14, 10, 70, 11641)
(25, 14, 11, 6, 11680);ב;ו;ב;ש;י;ו;ך;ל;מ;ה;י;ב;ק;י;ד;ע;ל;א;נ;נ;(25, 14, 10, 90, 11661)
(25, 14, 11, 26, 11700);י;ה;ב;ש;י;ו;ד;ו;ע;ה;י;ה;י;א;ל;ם;ר;ח;ו;ה;(25, 14, 11, 7, 11681)
(25, 14, 12, 11, 11720);ג;מ;ה;ה;י;ה;ת;ת;א;ז;ו;ח;ט;ב;ל;ם;ל;ש;ו;ר;(25, 14, 11, 27, 11701)
(25, 14, 12, 31, 11740);י;מ;ע;ה;ל;כ;ת;א;ה;ו;ה;י;ף;ג;י;ר;ש;א;ה;פ;(25, 14, 12, 12, 11721)
(25, 14, 12, 51, 11760);ב;ק;מ;ה;ם;ל;ש;ו;ר;י;ל;ע;ו;א;ב;צ;ר;ש;א;ם;(25, 14, 12, 32, 11741)
(25, 14, 12, 71, 11780);י;ע;ו;ו;י;ל;ג;ר;ל;ע;ד;מ;ע;א;ו;ה;ו;ו;ר;ש;(25, 14, 12, 52, 11761)
(25, 14, 12, 91, 11800);ו;נ;ו;ש;ל;ו;ן;ה;י;ר;ח;ב;ה;נ;ק;מ;ת;ו;י;נ;(25, 14, 12, 72, 11781)
(25, 14, 13, 12, 11820);א;ו;ה;ה;ם;ו;י;ב;ה;י;ה;ו;ם;ה;י;פ;ב;ק;מ;ת;(25, 14, 12, 92, 11801)
(25, 14, 13, 32, 11840);ו;ם;ה;ב;ה;ב;ר;ה;ו;ה;י;ת;מ;ו;ה;מ;ה;י;ה;ת;(25, 14, 13, 13, 11821)
(25, 14, 13, 52, 11860);ה;ת;ל;ע;ו;ו;ה;ע;ר;ד;י;ש;י;א;ו;ק;י;ז;ח;ה;(25, 14, 13, 33, 11841)
(25, 14, 14, 9, 11880);ת;ה;ד;ו;ה;י;ם;ג;ו;ו;ה;ע;ר;ד;י;ל;ע;ו;ד;י;(25, 14, 13, 53, 11861)
(25, 14, 14, 29, 11900);ה;ל;כ;ל;י;ח;ף;ס;א;ו;ם;ל;ש;ו;ר;י;ב;ם;ח;ל;(25, 14, 14, 10, 11881)
(25, 14, 14, 49, 11920);י;ד;ג;ב;ו;ף;ס;כ;ו;ב;ה;ז;ב;י;ב;ס;ם;י;ו;ג;(25, 14, 14, 30, 11901)
(25, 14, 15, 13, 11940);ס;ה;ת;פ;ג;מ;ה;י;ה;ת;ן;כ;ו;ד;א;מ;ב;ר;ל;ם;(25, 14, 14, 50, 11921)
(25, 14, 15, 33, 11960);ה;ל;כ;ו;ר;ו;מ;ח;ה;ו;ל;מ;ג;ה;ד;ר;פ;ה;ס;ו;(25, 14, 15, 14, 11941)
(25, 14, 15, 53, 11980);מ;ה;ה;ת;ו;נ;ח;מ;ב;ה;י;ה;י;ר;ש;א;ה;מ;ה;ב;(25, 14, 15, 34, 11961)
(25, 14, 16, 10, 12000);ת;ו;נ;ה;ל;כ;ה;י;ה;ו;ת;א;ז;ה;ה;פ;ג;מ;כ;ה;(25, 14, 15, 54, 11981)
(25, 14, 16, 30, 12020);ש;ו;ר;י;ל;ע;ם;י;א;ב;ה;ם;י;ו;ג;ה;ל;כ;מ;ר;(25, 14, 16, 11, 12001)
(25, 14, 16, 50, 12040);ת;ש;ה;ל;ה;נ;ש;ב;ה;נ;ש;י;ד;מ;ו;ל;ע;ו;ם;ל;(25, 14, 16, 31, 12021)
(25, 14, 16, 70, 12060);ג;ח;ל;ו;ת;ו;א;ב;צ;ה;ו;ה;י;ך;ל;מ;ל;ת;ו;ח;(25, 14, 16, 51, 12041)
(25, 14, 17, 11, 12080);ע;י;א;ל;ר;ש;א;ה;י;ה;ו;ת;ו;כ;ס;ה;ג;ח;ת;א;(25, 14, 16, 71, 12061)
(25, 14, 17, 31, 12100);ו;ר;י;ל;א;ץ;ר;א;ה;ת;ו;ח;פ;ש;מ;ת;א;מ;ה;ל;(25, 14, 17, 12, 12081)
(25, 14, 17, 51, 12120);ב;צ;ה;ו;ה;י;ך;ל;מ;ל;ת;ו;ח;ת;ש;ה;ל;ם;ל;ש;(25, 14, 17, 32, 12101)
(25, 14, 18, 1, 12140);ו;ם;ש;ג;ה;ה;י;ה;י;ם;ה;י;ל;ע;א;ל;ו;ת;ו;א;(25, 14, 17, 52, 12121)
(25, 14, 18, 21, 12160);ל;ו;ה;ל;ע;ת;א;ל;ם;י;ר;צ;מ;ת;ח;פ;ש;מ;ם;א;(25, 14, 18, 2, 12141)
(25, 14, 18, 41, 12180);פ;ג;מ;ה;ה;י;ה;ת;ם;ה;י;ל;ע;א;ל;ו;ה;א;ב;א;(25, 14, 18, 22, 12161)
(25, 14, 18, 61, 12200);ש;א;ם;י;ו;ג;ה;ת;א;ה;ו;ה;י;ף;ג;י;ר;ש;א;ה;(25, 14, 18, 42, 12181)
(25, 14, 19, 1, 12220);ז;ת;ו;כ;ס;ה;ג;ח;ת;א;ג;ח;ל;ו;ל;ע;י;א;ל;ר;(25, 14, 18, 62, 12201)
(25, 14, 19, 21, 12240);ת;א;ט;ח;ו;ם;י;ר;צ;מ;ת;א;ט;ח;ה;י;ה;ת;ת;א;(25, 14, 19, 2, 12221)
(25, 14, 19, 41, 12260);א;ג;ח;ל;ו;ל;ע;י;א;ל;ר;ש;א;ם;י;ו;ג;ה;ל;כ;(25, 14, 19, 22, 12241)
(25, 14, 20, 12, 12280);ה;י;ה;י;א;ו;ה;ה;ם;ו;י;ב;ת;ו;כ;ס;ה;ג;ח;ת;(25, 14, 19, 42, 12261)
(25, 14, 20, 32, 12300);ו;ה;ו;ה;י;ל;ש;ד;ק;ס;ו;ס;ה;ת;ו;ל;צ;מ;ל;ע;(25, 14, 20, 13, 12281)
(25, 14, 20, 52, 12320);ז;מ;כ;ה;ו;ה;י;ת;י;ב;ב;ת;ו;ר;י;ס;ה;ה;י;ה;(25, 14, 20, 33, 12301)
(25, 14, 21, 7, 12340);ס;ל;כ;ה;י;ה;ו;ח;ב;ז;מ;ה;י;נ;פ;ל;ם;י;ק;ר;(25, 14, 20, 53, 12321)
(25, 14, 21, 27, 12360);ל;ש;ד;ק;ה;ד;ו;ה;י;ב;ו;ם;ל;ש;ו;ר;י;ב;ר;י;(25, 14, 21, 8, 12341)
(25, 14, 21, 47, 12380);י;ח;ב;ז;ה;ל;כ;ו;א;ב;ו;ת;ו;א;ב;צ;ה;ו;ה;י;(25, 14, 21, 28, 12361)
(25, 14, 21, 67, 12400);א;ל;ו;ם;ה;ב;ו;ל;ש;ב;ו;ם;ה;מ;ו;ח;ק;ל;ו;ם;(25, 14, 21, 48, 12381)
(25, 14, 21, 87, 12420);ה;ו;ה;י;ת;י;ב;ב;ד;ו;ע;י;נ;ע;נ;כ;ה;י;ה;י;(25, 14, 21, 68, 12401)
(25, 14, 21, 100, 12433); ; ; ; ; ; ; ;א;ו;ה;ה;ם;ו;י;ב;ת;ו;א;ב;צ;(25, 14, 21, 88, 12421)
