(15, 1, 1, 20, 20);ב;ע;ש;ו;ה;ל;א;ה;י;ה;ר;ש;א;ה;ו;ה;י;ר;ב;ד;(15, 1, 1, 1, 1)
(15, 1, 1, 40, 40);ז;ח;א;ם;ת;ו;י;ה;י;ז;ע;י;מ;י;ב;י;ר;א;ב;ן;(15, 1, 1, 21, 21)
(15, 1, 1, 60, 60);י;מ;י;ב;ו;ה;ד;ו;ה;י;י;כ;ל;מ;ה;י;ק;ז;ח;י;(15, 1, 1, 41, 41)
(15, 1, 2, 1, 80);ת;ל;א;ר;ש;י;ך;ל;מ;ש;א;ו;י;ן;ב;ם;ע;ב;ר;י;(15, 1, 1, 61, 61)
(15, 1, 2, 21, 100);ר;מ;א;י;ו;ע;ש;ו;ה;ב;ה;ו;ה;י;ר;ב;ד;ת;ל;ח;(15, 1, 2, 2, 81)
(15, 1, 2, 41, 120);ז;ת;ש;א;ך;ל;ח;ק;ך;ל;ע;ש;ו;ה;ל;א;ה;ו;ה;י;(15, 1, 2, 22, 101)
(15, 1, 2, 61, 140);נ;ז;י;כ;ם;י;נ;ו;נ;ז;י;ד;ל;י;ו;ם;י;נ;ו;נ;(15, 1, 2, 42, 121)
(15, 1, 3, 2, 160);י;ו;ה;ו;ה;י;י;ר;ח;א;מ;ץ;ר;א;ה;ה;נ;ז;ת;ה;(15, 1, 2, 62, 141)
(15, 1, 3, 22, 180);ת;ו;ם;י;ל;ב;ד;ת;ב;ר;מ;ג;ת;א;ח;ק;י;ו;ך;ל;(15, 1, 3, 3, 161)
(15, 1, 4, 10, 200);א;ה;ו;ה;י;ר;מ;א;י;ו;ן;ב;ו;ל;ד;ל;ת;ו;ר;ה;(15, 1, 3, 23, 181)
(15, 1, 4, 30, 220);ד;ו;ע;י;כ;ל;א;ע;ר;ז;י;ו;מ;ש;א;ר;ק;ו;י;ל;(15, 1, 4, 11, 201)
(15, 1, 4, 50, 240);ל;א;ע;ר;ז;י;י;מ;ד;ת;א;י;ת;ד;ק;פ;ו;ט;ע;מ;(15, 1, 4, 31, 221)
(15, 1, 4, 70, 260);ו;כ;ל;מ;מ;י;ת;ב;ש;ה;ו;א;ו;ה;י;ת;י;ב;ל;ע;(15, 1, 4, 51, 241)
(15, 1, 5, 11, 280);ו;ה;ה;ם;ו;י;ב;ה;י;ה;ו;ל;א;ר;ש;י;ת;י;ב;ת;(15, 1, 4, 71, 261)
(15, 1, 5, 31, 300);מ;ע;ב;ל;א;ר;ש;י;ת;ש;ק;ת;א;י;ת;ר;ב;ש;ו;א;(15, 1, 5, 12, 281)
(15, 1, 6, 13, 320);ת;ב;ד;ל;ת;ו;ד;ו;ע;ר;ה;ת;ו;ל;א;ע;ר;ז;י;ק;(15, 1, 5, 32, 301)
(15, 1, 6, 33, 340);כ;ה;מ;ח;ר;א;ל;ה;מ;ש;א;ר;ק;ו;ל;ר;מ;א;י;ו;(15, 1, 6, 14, 321)
(15, 1, 6, 53, 360);ת;י;ב;ת;א;ם;ח;ר;א;ד;ו;ע;ף;י;ס;ו;א;א;ל;י;(15, 1, 6, 34, 341)
(15, 1, 7, 4, 380);ב;ת;א;ו;ם;ה;ל;א;ש;א;א;ש;נ;י;כ;ל;א;ר;ש;י;(15, 1, 6, 54, 361)
(15, 1, 7, 24, 400);ב;ם;י;ת;ע;ש;ו;ה;ו;ם;ח;ר;א;ה;ד;ו;ה;י;ת;י;(15, 1, 7, 5, 381)
(15, 1, 7, 44, 420);ב;ם;ע;י;ש;ו;א;א;ל;ו;ם;ה;י;ה;ל;א;ה;ו;ה;י;(15, 1, 7, 25, 401)
(15, 1, 7, 64, 440);י;ס;ו;ס;ב;ה;מ;ח;ל;מ;ב;ו;ב;ר;ח;ב;ו;ת;ש;ק;(15, 1, 7, 45, 421)
(15, 1, 8, 12, 460);מ;ח;ר;א;ל;ת;א;ל;מ;ג;ת;ו;ם;י;ש;ר;פ;ב;ו;ם;(15, 1, 7, 65, 441)
(15, 1, 9, 9, 480);ש;א;ר;ק;ר;מ;א;י;ו;ן;ב;ד;ל;ת;ו;ר;ה;ת;ו;ה;(15, 1, 8, 13, 461)
(15, 1, 9, 29, 500);נ;א;ו;י;מ;ע;א;ל;ם;ת;א;י;כ;י;מ;ע;א;ל;ו;מ;(15, 1, 9, 10, 481)
(15, 2, 1, 9, 520);ב;ר;פ;ס;מ;ה;י;ה;ו;ם;כ;ל;ה;י;ה;א;א;ל;י;כ;(15, 1, 9, 30, 501)
(15, 2, 1, 29, 540);י;א;ל;ר;ש;א;ם;י;ה;ל;ו;ח;כ;ל;א;ר;ש;י;י;נ;(15, 2, 1, 10, 521)
(15, 2, 1, 49, 560);ש;א;ם;ו;ק;מ;ב;ה;י;ה;ו;ר;פ;ס;י;א;ל;ו;ד;מ;(15, 2, 1, 30, 541)
(15, 2, 1, 69, 580);ר;מ;א;י;ם;ת;א;י;מ;ע;א;ל;ם;ה;ל;ר;מ;א;י;ר;(15, 2, 1, 50, 561)
(15, 2, 2, 10, 600);י;י;נ;ב;ו;צ;ב;ק;נ;ו;י;ח;ל;א;י;נ;ב;ם;ה;ל;(15, 2, 1, 70, 581)
(15, 2, 2, 30, 620);מ;ש;ו;ו;ד;ח;י;ל;א;ר;ש;י;י;נ;ב;ו;ה;ד;ו;ה;(15, 2, 2, 11, 601)
(15, 2, 2, 50, 640);ץ;ר;א;ה;ן;מ;ו;ל;ע;ו;ד;ח;א;ש;א;ר;ם;ה;ל;ו;(15, 2, 2, 31, 621)
(15, 2, 3, 5, 660);ל;ו;ר;מ;א;ל;א;ע;ר;ז;י;ם;ו;י;ל;ו;ד;ג;י;כ;(15, 2, 2, 51, 641)
(15, 2, 3, 25, 680);מ;ח;ר;ם;כ;י;ת;ו;ח;א;ל;ו;י;מ;ע;ם;כ;י;ח;א;(15, 2, 3, 6, 661)
(15, 2, 4, 19, 700);ל;א;י;ה;י;כ;ו;ב;י;ר;ם;כ;מ;א;ב;ו;ב;י;ר;ה;(15, 2, 3, 26, 681)
(15, 2, 4, 39, 720);ר;ס;ת;ו;ה;ש;י;א;א;ל;י;כ;נ;א;ו;י;ת;ש;א;א;(15, 2, 4, 20, 701)
(15, 2, 4, 59, 740);מ;ה;י;פ;ו;פ;א;נ;ו;ה;י;נ;פ;מ;ה;י;נ;ו;נ;ז;(15, 2, 4, 40, 721)
(15, 2, 5, 13, 760);ה;מ;ר;ע;ה;נ;ט;י;ש;פ;א;ן;פ;ה;י;ד;ש;ן;י;ב;(15, 2, 4, 60, 741)
(15, 2, 5, 33, 780);ת;מ;ש;ו;ה;ד;ל;ו;ה;ם;ו;י;כ;ה;י;ת;ג;צ;ה;ו;(15, 2, 5, 14, 761)
(15, 2, 5, 53, 800);ה;ו;ה;י;צ;ץ;ר;א;כ;ה;ת;ש;ו;ר;ב;ד;מ;כ;ה;י;(15, 2, 5, 34, 781)
(15, 2, 6, 12, 820);ח;ר;א;א;ל;ה;י;נ;ב;ת;א;ו;א;מ;צ;ב;ה;י;ת;מ;(15, 2, 5, 54, 801)
(15, 2, 7, 5, 840);ת;נ;ז;י;כ;ה;מ;ה;ם;י;נ;ו;נ;ז;י;נ;ב;י;כ;ם;(15, 2, 6, 13, 821)
(15, 2, 7, 25, 860);ה;ר;מ;א;י;כ;ם;ת;ר;ו;ה;ה;ש;י;ב;ה;ם;מ;א;ה;(15, 2, 7, 6, 841)
(15, 2, 7, 45, 880);מ;ח;ל;י;נ;ת;נ;י;ב;ה;א;מ;י;ר;ח;א;ה;כ;ל;א;(15, 2, 7, 26, 861)
(15, 2, 7, 65, 900);ו;י;נ;מ;ש;י;ת;ש;פ;ו;י;ר;מ;צ;י;מ;י;מ;ו;י;(15, 2, 7, 46, 881)
(15, 2, 8, 15, 920);ך;כ;ר;ד;ת;א;ך;ש;י;נ;נ;ה;ן;כ;ל;י;י;ו;ק;ש;(15, 2, 7, 66, 901)
(15, 2, 8, 35, 940);נ;ו;ה;ר;ד;ג;ת;א;י;ת;ר;ד;ג;ו;ם;י;ר;י;ס;ב;(15, 2, 8, 16, 921)
(15, 2, 9, 7, 960);ת;א;ה;פ;ד;ר;ו;א;צ;מ;ת;א;ל;ה;י;ת;ו;ב;י;ת;(15, 2, 8, 36, 941)
(15, 2, 9, 27, 980);ש;ק;ב;ו;ם;ת;א;ג;י;ש;ת;א;ל;ו;ה;י;ב;ה;א;מ;(15, 2, 9, 8, 961)
(15, 2, 9, 47, 1000);א;ו;ה;כ;ל;א;ה;ר;מ;א;ו;א;צ;מ;ת;א;ל;ו;ם;ת;(15, 2, 9, 28, 981)
(15, 2, 9, 67, 1020);ו;ט;י;כ;ן;ו;ש;א;ר;ה;י;ש;י;א;ל;א;ה;ב;ו;ש;(15, 2, 9, 48, 1001)
(15, 2, 10, 11, 1040);כ;ה;ע;ד;י;א;ל;א;י;ה;ו;ה;ת;ע;מ;ז;א;י;ל;ב;(15, 2, 9, 68, 1021)
(15, 2, 10, 31, 1060);ר;י;ת;ה;ו;ן;ג;ד;ה;ה;ל;י;ת;ת;נ;י;כ;נ;א;י;(15, 2, 10, 12, 1041)
(15, 2, 10, 51, 1080);ה;ל;י;ת;י;ב;ר;ה;ף;ס;כ;ו;ר;ה;צ;י;ה;ו;ש;ו;(15, 2, 10, 32, 1061)
(15, 2, 11, 9, 1100);ל;ו;ב;ו;ש;א;ן;כ;ל;ל;ע;ב;ל;ו;ש;ע;ב;ה;ז;ו;(15, 2, 10, 52, 1081)
(15, 2, 11, 29, 1120);ב;י;ש;ו;ר;י;ת;ו;ו;ת;ע;ב;י;נ;ג;ד;י;ת;ח;ק;(15, 2, 11, 10, 1101)
(15, 2, 11, 49, 1140);י;ת;ש;פ;ו;י;ר;מ;צ;י;ת;ל;צ;ה;ו;ו;ד;ע;ו;מ;(15, 2, 11, 30, 1121)
(15, 2, 12, 8, 1160);ה;ל;ג;א;ה;ת;ע;ו;ה;ת;ו;ר;ע;ת;א;ת;ו;ס;כ;ל;(15, 2, 11, 50, 1141)
(15, 2, 12, 28, 1180);א;ו;ה;י;ב;ה;א;מ;י;נ;י;ע;ל;ה;ת;ל;ב;נ;ת;א;(15, 2, 12, 9, 1161)
(15, 2, 13, 6, 1200);י;ת;ב;ש;ה;ו;י;ד;י;מ;ה;נ;ל;י;צ;י;א;ל;ש;י;(15, 2, 12, 29, 1181)
(15, 2, 13, 26, 1220);ו;ה;ת;ב;ש;ו;ה;ש;ד;ח;ה;ג;ח;ה;ש;ו;ש;מ;ל;כ;(15, 2, 13, 7, 1201)
(15, 2, 14, 13, 1240);א;ת;ו;ה;נ;פ;ג;י;ת;מ;ש;ה;ו;ה;ד;ע;ו;מ;ל;כ;(15, 2, 13, 27, 1221)
(15, 2, 14, 33, 1260);א;י;ל;ה;מ;ה;ה;נ;ת;א;ה;ר;מ;א;ר;ש;א;ה;ת;נ;(15, 2, 14, 14, 1241)
(15, 2, 14, 53, 1280);ל;ם;י;ת;מ;ש;ו;י;ב;ה;א;מ;י;ל;ו;נ;ת;נ;ר;ש;(15, 2, 14, 34, 1261)
(15, 2, 15, 4, 1300);ד;ק;פ;ו;ה;ד;ש;ה;ת;י;ח;ם;ת;ל;כ;א;ו;ר;ע;י;(15, 2, 14, 54, 1281)
(15, 2, 15, 24, 1320);ר;ש;א;ם;י;ל;ע;ב;ה;י;מ;י;ת;א;ה;י;ל;ע;י;ת;(15, 2, 15, 5, 1301)
(15, 2, 15, 44, 1340);י;ל;ח;ו;ה;מ;ז;נ;ד;ע;ת;ו;ם;ה;ל;ר;י;ט;ק;ת;(15, 2, 15, 25, 1321)
(15, 2, 15, 64, 1360);י;ת;א;ו;ה;י;ב;ה;א;מ;י;ר;ח;א;ך;ל;ת;ו;ה;ת;(15, 2, 15, 45, 1341)
(15, 2, 16, 9, 1380);כ;נ;א;ה;נ;ה;ן;כ;ל;ה;ו;ה;י;ם;א;נ;ה;ח;כ;ש;(15, 2, 15, 65, 1361)
(15, 2, 16, 29, 1400);ד;ו;ר;ב;ד;מ;ה;ה;י;ת;כ;ל;ה;ו;ה;י;ת;פ;מ;י;(15, 2, 16, 10, 1381)
(15, 2, 17, 11, 1420);ר;כ;ת;א;ה;ל;י;ת;ת;נ;ו;ה;ב;ל;ל;ע;י;ת;ר;ב;(15, 2, 16, 30, 1401)
(15, 2, 17, 31, 1440);ח;ת;פ;ל;ר;ו;כ;ע;ק;מ;ע;ת;א;ו;ם;ש;מ;ה;י;מ;(15, 2, 17, 12, 1421)
(15, 2, 17, 51, 1460);ר;ו;ע;נ;י;מ;י;כ;ה;מ;ש;ה;ת;נ;ע;ו;ה;ו;ק;ת;(15, 2, 17, 32, 1441)
(15, 2, 17, 71, 1480);י;ר;צ;מ;ץ;ר;א;מ;ה;ת;ו;ל;ע;ם;ו;י;כ;ו;ה;י;(15, 2, 17, 52, 1461)
(15, 2, 18, 19, 1500);ה;ו;ה;י;ם;א;נ;א;ו;ה;ה;ם;ו;י;ב;ה;י;ה;ו;ם;(15, 2, 17, 72, 1481)
(15, 2, 18, 39, 1520);ע;י;ל;י;א;ר;ק;ת;א;ל;ו;י;ש;י;א;י;א;ר;ק;ת;(15, 2, 18, 20, 1501)
(15, 2, 19, 14, 1540);ב;ה;ת;ו;מ;ש;ת;א;י;ת;ר;ס;ה;ו;י;ל;ע;ב;ד;ו;(15, 2, 18, 40, 1521)
(15, 2, 19, 34, 1560);ב;ד;ו;ע;ו;ר;כ;ז;י;א;ל;ו;ה;י;פ;מ;ם;י;ל;ע;(15, 2, 19, 15, 1541)
(15, 2, 20, 17, 1580);ה;ם;ו;י;ב;ת;י;ר;ב;ם;ה;ל;י;ת;ר;כ;ו;ם;מ;ש;(15, 2, 19, 35, 1561)
(15, 2, 20, 37, 1600);ש;ה;ף;ו;ע;ם;ע;ו;ה;ד;ש;ה;ת;י;ח;ם;ע;א;ו;ה;(15, 2, 20, 18, 1581)
(15, 2, 20, 57, 1620);ב;ר;ח;ו;ת;ש;ק;ו;ה;מ;ד;א;ה;ש;מ;ר;ו;ם;י;מ;(15, 2, 20, 38, 1601)
(15, 2, 20, 77, 1640);ש;ה;ו;ץ;ר;א;ה;ן;מ;ר;ו;ב;ש;א;ה;מ;ח;ל;מ;ו;(15, 2, 20, 58, 1621)
(15, 2, 21, 11, 1660);ע;ל;י;ל;ך;י;ת;ש;ר;א;ו;ח;ט;ב;ל;ם;י;ת;ב;כ;(15, 2, 20, 78, 1641)
(15, 2, 21, 31, 1680);ש;מ;ב;ו;ק;ד;צ;ב;י;ל;ך;י;ת;ש;ר;א;ו;ם;ל;ו;(15, 2, 21, 12, 1661)
(15, 2, 22, 6, 1700);י;ת;ש;ר;א;ו;ם;י;מ;ח;ר;ב;ו;ד;ס;ח;ב;ו;ט;פ;(15, 2, 21, 32, 1681)
(15, 2, 22, 26, 1720);ה;ו;ה;י;ת;א;ת;ע;ד;י;ו;ה;נ;ו;מ;א;ב;י;ל;ך;(15, 2, 22, 7, 1701)
(15, 2, 23, 20, 1740);י;ם;א;נ;ה;נ;ע;א;א;ו;ה;ה;ם;ו;י;ב;ה;י;ה;ו;(15, 2, 23, 1, 1721)
(15, 2, 23, 40, 1760);נ;ע;י;ם;ה;ו;ם;י;מ;ש;ה;ת;א;ה;נ;ע;א;ה;ו;ה;(15, 2, 23, 21, 1741)
(15, 2, 24, 13, 1780);ד;ה;ת;א;ה;נ;ע;ת;ץ;ר;א;ה;ו;ץ;ר;א;ה;ת;א;ו;(15, 2, 23, 41, 1761)
(15, 2, 24, 33, 1800);ו;ר;ה;צ;י;ה;ת;א;ו;ש;ו;ר;י;ת;ה;ת;א;ו;ן;ג;(15, 2, 24, 14, 1781)
(15, 2, 25, 6, 1820);י;ת;ע;ר;ז;ו;ל;א;ע;ר;ז;י;ת;א;ו;נ;ע;י;ם;ה;(15, 2, 24, 34, 1801)
(15, 2, 25, 26, 1840);מ;ח;ר;א;ל;ת;א;י;ת;מ;ח;ר;ו;ץ;ר;א;ב;י;ל;ה;(15, 2, 25, 7, 1821)
(15, 2, 25, 46, 1860);ו;ה;ת;א;י;מ;ע;י;מ;ע;א;ל;ל;י;ת;ר;מ;א;ו;ה;(15, 2, 25, 27, 1841)
(15, 3, 1, 9, 1880);ה;ו;ה;י;ר;מ;א;י;ו;י;ה;ל;א;ר;מ;א;י;א;ו;ה;(15, 2, 25, 47, 1861)
(15, 3, 1, 29, 1900);ע;ר;ת;ב;ה;א;ה;ש;א;ב;ה;א;ך;ל;ד;ו;ע;י;ל;א;(15, 3, 1, 10, 1881)
(15, 3, 1, 49, 1920);י;נ;ב;ת;א;ה;ו;ה;י;ת;ב;ה;א;כ;ת;פ;א;נ;מ;ו;(15, 3, 1, 30, 1901)
(15, 3, 1, 69, 1940);א;ם;י;ה;ל;א;ל;א;ם;י;נ;פ;ם;ה;ו;ל;א;ר;ש;י;(15, 3, 1, 50, 1921)
(15, 3, 2, 1, 1960);ו;ם;י;ב;נ;ע;י;ש;י;ש;א;י;ב;ה;א;ו;ם;י;ר;ח;(15, 3, 1, 70, 1941)
(15, 3, 2, 21, 1980);מ;ח;ו;ף;ס;כ;ר;ש;ע;ה;ש;מ;ח;ב;י;ל;ה;ר;כ;א;(15, 3, 2, 2, 1961)
(15, 3, 3, 5, 2000);א;ר;מ;א;ו;ם;י;ר;ע;ש;ך;ת;ל;ו;ם;י;ר;ע;ש;ר;(15, 3, 2, 22, 1981)
(15, 3, 3, 25, 2020);ת;א;ל;י;ל;י;ב;ש;ת;ם;י;ב;ר;ם;י;מ;י;ה;י;ל;(15, 3, 3, 6, 2001)
(15, 3, 3, 45, 2040);י;נ;א;ם;ג;ו;ש;י;א;ל;י;י;ה;ת;א;ל;ו;י;נ;ז;(15, 3, 3, 26, 2021)
(15, 3, 4, 16, 2060);נ;ב;ו;ב;ש;י;ם;י;ב;ר;ם;י;מ;י;י;כ;ך;י;ל;א;(15, 3, 3, 46, 2041)
(15, 3, 4, 36, 2080);א;ו;ר;ש;ן;י;א;ו;ך;ל;מ;ן;י;א;ל;א;ר;ש;י;י;(15, 3, 4, 17, 2061)
(15, 3, 4, 56, 2100);ו;פ;א;ן;י;א;ו;ה;ב;צ;מ;ן;י;א;ו;ח;ב;ז;ן;י;(15, 3, 4, 37, 2081)
(15, 3, 5, 13, 2120);ר;ש;י;י;נ;ב;ו;ב;ש;י;ר;ח;א;ם;י;פ;ר;ת;ו;ד;(15, 3, 4, 57, 2101)
(15, 3, 5, 33, 2140);ו;ם;ה;י;ה;ל;א;ה;ו;ה;י;ת;א;ו;ש;ק;ב;ו;ל;א;(15, 3, 5, 14, 2121)
(15, 3, 5, 53, 2160);ו;ה;י;ל;א;ו;ד;ח;פ;ו;ם;כ;ל;מ;ד;י;ו;ד;ת;א;(15, 3, 5, 34, 2141)
(15, 4, 1, 1, 2180);ש;ם;י;מ;י;ה;ת;י;ר;ח;א;ב;ו;ב;ו;ט;ל;א;ו;ה;(15, 3, 5, 54, 2161)
(15, 4, 1, 21, 2200);י;כ;ל;א;ר;ש;י;י;נ;ב;ה;ו;ה;י;ר;ב;ד;ו;ע;מ;(15, 4, 1, 2, 2181)
(15, 4, 1, 41, 2220);כ;ץ;ר;א;ה;י;ב;ש;ו;י;ם;ע;ה;ו;ה;י;ל;ב;י;ר;(15, 4, 1, 22, 2201)
(15, 4, 1, 61, 2240);ע;ד;ן;י;א;ו;ד;ס;ח;ן;י;א;ו;ת;מ;א;ן;י;א;י;(15, 4, 1, 42, 2221)
(15, 4, 2, 10, 2260);צ;ר;ו;ש;ח;כ;ו;ה;ל;א;ץ;ר;א;ב;ם;י;ה;ל;א;ת;(15, 4, 1, 62, 2241)
(15, 4, 2, 30, 2280);ד;ב;ם;י;מ;ד;ו;ו;צ;ר;פ;ף;א;נ;ו;ב;נ;ג;ו;ח;(15, 4, 2, 11, 2261)
(15, 4, 3, 13, 2300);ו;ץ;ר;א;ה;ל;ב;א;ת;ן;כ;ל;ע;ו;ע;ג;נ;ם;י;מ;(15, 4, 2, 31, 2281)
(15, 4, 3, 33, 2320);ה;ד;ש;ה;ת;י;ח;ב;ה;ב;ב;ש;ו;י;ל;כ;ל;ל;מ;א;(15, 4, 3, 14, 2301)
(15, 4, 3, 53, 2340);י;ם;י;ה;י;ג;ד;ם;ג;ו;ם;י;מ;ש;ה;ף;ו;ע;ב;ו;(15, 4, 3, 34, 2321)
(15, 4, 4, 16, 2360);כ;ו;י;ל;א;ו;ב;ר;י;ל;א;ש;י;א;ך;א;ו;פ;ס;א;(15, 4, 3, 54, 2341)
(15, 4, 5, 3, 2380);ש;כ;ו;ן;ה;כ;י;ב;י;ר;מ;כ;ך;מ;ע;ו;ש;י;א;ח;(15, 4, 4, 17, 2361)
(15, 4, 5, 23, 2400);ל;ך;מ;ע;א;י;ב;נ;ם;ג;ל;ש;כ;ו;ם;ו;י;ה;ת;ל;(15, 4, 5, 4, 2381)
(15, 4, 6, 8, 2420);מ;י;מ;ע;ו;מ;ד;נ;ך;מ;א;י;ת;י;מ;ד;ו;ה;ל;י;(15, 4, 5, 24, 2401)
(15, 4, 6, 28, 2440);ת;ס;א;מ;ת;ע;ד;ה;ה;ת;א;י;כ;ת;ע;ד;ה;י;ל;ב;(15, 4, 6, 9, 2421)
(15, 4, 6, 48, 2460);ו;ת;ח;כ;ש;ת;ו;י;ל;ן;ה;כ;מ;ך;א;ס;א;מ;א;ו;(15, 4, 6, 29, 2441)
(15, 4, 6, 68, 2480);י;נ;א;ם;ג;ך;י;נ;ב;ח;כ;ש;א;ך;י;ה;ל;א;ת;ר;(15, 4, 6, 49, 2461)
(15, 4, 7, 20, 2500);ל;ק;ב;ם;ד;ו;ב;כ;י;ל;ו;א;ט;ח;ן;כ;ם;ב;ר;כ;(15, 4, 7, 1, 2481)
(15, 4, 8, 14, 2520);א;ו;ו;ל;כ;א;י;י;מ;ע;ת;א;ט;ח;ר;י;מ;א;ן;ו;(15, 4, 7, 21, 2501)
(15, 4, 9, 7, 2540);ם;ע;כ;ה;י;ה;ו;ו;ש;פ;נ;ו;א;ש;י;ם;נ;ו;ע;ל;(15, 4, 8, 15, 2521)
(15, 4, 9, 27, 2560);ו;ו;י;כ;ר;ד;ו;י;ל;ע;י;ת;ד;ק;פ;ו;ן;ה;כ;כ;(15, 4, 9, 8, 2541)
(15, 4, 10, 8, 2580);א;ל;ו;ו;ל;כ;א;ו;ו;ל;ב;י;ש;א;ו;י;ל;ל;ע;מ;(15, 4, 9, 28, 2561)
(15, 4, 10, 28, 2600);א;י;כ;ו;צ;ר;פ;י;א;ל;ו;ו;נ;ז;ה;ו;ע;ב;ש;י;(15, 4, 10, 9, 2581)
(15, 4, 11, 7, 2620);י;י;ו;ת;ו;נ;ז;ר;מ;ש;ל;ו;ב;ז;ע;ה;ו;ה;י;ת;(15, 4, 10, 29, 2601)
(15, 4, 12, 8, 2640);י;ו;צ;ע;ב;י;מ;ע;ב;ל;ח;ק;י;ש;ו;ר;י;ת;ו;ן;(15, 4, 11, 8, 2621)
(15, 4, 12, 28, 2660);ז;ח;ו;ר;י;כ;ו;ל;ד;י;ג;י;ו;ל;ק;מ;ו;ל;א;ש;(15, 4, 12, 9, 2641)
(15, 4, 12, 48, 2680);ל;א;ת;ח;ת;מ;ו;נ;ז;י;ו;ה;ע;ת;ה;ם;י;נ;ו;נ;(15, 4, 12, 29, 2661)
(15, 4, 13, 16, 2700);ו;ח;ב;ז;י;ם;י;ר;ה;ה;י;ש;א;ר;ל;ע;ם;ה;י;ה;(15, 4, 12, 49, 2681)
(15, 4, 13, 36, 2720);ו;ל;א;ת;ח;ת;ו;ר;ט;ק;י;ת;ו;ע;ב;ג;ה;ל;ע;ו;(15, 4, 13, 17, 2701)
(15, 4, 13, 56, 2740);ל;ע;ה;ל;צ;ב;ו;ט;י;כ;ה;ל;א;ו;ה;נ;ב;ל;ו;ן;(15, 4, 13, 37, 2721)
(15, 4, 13, 76, 2760);ת;ו;ל;כ;ו;ם;כ;י;ת;ו;נ;ב;ה;נ;י;נ;ז;ת;ן;כ;(15, 4, 13, 57, 2741)
(15, 4, 14, 11, 2780);נ;ב;ל;ע;ד;ו;ק;פ;א;א;ל;ה;נ;פ;א;נ;ת;ם;כ;י;(15, 4, 13, 77, 2761)
(15, 4, 14, 31, 2800);ת;ו;ל;כ;ל;ע;ו;ה;נ;י;נ;ז;ת;י;כ;ם;כ;י;ת;ו;(15, 4, 14, 12, 2781)
(15, 4, 14, 51, 2820);נ;ז;ה;ם;ע;ם;ה;י;כ;ה;נ;פ;א;נ;ת;י;כ;ם;כ;י;(15, 4, 14, 32, 2801)
(15, 4, 14, 71, 2840);ח;ב;ז;י;ת;ו;ש;ד;ק;ה;ם;ע;ו;ו;ד;ר;פ;י;ת;ו;(15, 4, 14, 52, 2821)
(15, 4, 15, 6, 2860);א;ה;נ;ז;ם;א;ט;ב;ל;י;ן;י;ב;י;א;ל;ם;ע;ו;ו;(15, 4, 14, 72, 2841)
(15, 4, 15, 26, 2880);א;ו;ה;ד;ו;ה;י;ם;ש;א;י;ל;א;ל;א;ר;ש;י;ה;ת;(15, 4, 15, 7, 2861)
(15, 4, 15, 46, 2900);ת;י;ב;ו;ל;ע;ת;ל;א;ו;ל;ג;ל;ג;ה;ו;א;ב;ת;ל;(15, 4, 15, 27, 2881)
(15, 4, 16, 3, 2920);כ;י;כ;ה;ו;ה;י;י;ח;ו;ע;ב;ש;ת;ל;א;ו;ן;ו;א;(15, 4, 15, 47, 2901)
(15, 4, 16, 23, 2940);ר;י;ה;ת;ע;ל;א;ר;ש;י;ר;ר;ס;ה;ר;ר;ס;ה;ר;פ;(15, 4, 16, 4, 2921)
(15, 4, 17, 5, 2960);ע;ר;ו;ב;ח;ב;ח;ר;מ;ב;ש;ב;כ;כ;ה;ו;ה;י;ם;ע;(15, 4, 16, 24, 2941)
(15, 4, 18, 6, 2980);ם;א;ב;ס;ר;ס;ו;ל;ח;נ;ה;ם;י;ר;פ;א;ם;י;ב;צ;(15, 4, 17, 6, 2961)
(15, 4, 18, 26, 3000);מ;ן;ו;ל;ק;ו;ב;ה;ו;ב;ה;א;ו;נ;ז;ה;ה;נ;ז;ה;(15, 4, 18, 7, 2981)
(15, 4, 19, 16, 3020);ה;י;פ;נ;כ;ב;ה;ת;ו;א;ח;ו;ר;ר;ר;צ;ה;י;נ;ג;(15, 4, 18, 27, 3001)
(15, 5, 1, 8, 3040);ה;ת;א;ז;ו;ע;מ;ש;ם;ת;ו;ח;ב;ז;מ;ו;ש;ב;י;ו;(15, 4, 19, 17, 3021)
(15, 5, 1, 28, 3060);ל;א;ר;ש;י;ת;י;ב;ו;ב;י;ש;ק;ה;ו;ם;י;נ;ה;כ;(15, 5, 1, 9, 3041)
(15, 5, 1, 48, 3080);ה;ם;כ;ל;י;כ;ו;נ;י;ז;א;ה;ך;ל;מ;ה;ת;י;ב;ו;(15, 5, 1, 29, 3061)
(15, 5, 1, 68, 3100);ר;ו;ה;פ;צ;מ;ל;ם;ת;י;י;ה;ח;פ;י;כ;ט;פ;ש;מ;(15, 5, 1, 49, 3081)
(15, 5, 2, 7, 3120);ט;ש;ה;ט;ח;ש;ו;ר;ו;ב;ת;ל;ע;ה;ש;ו;ר;פ;ת;ש;(15, 5, 1, 69, 3101)
(15, 5, 2, 27, 3140);ם;ל;כ;ל;ר;ס;ו;מ;י;נ;א;ו;ו;ק;י;מ;ע;ה;ם;י;(15, 5, 2, 8, 3121)
(15, 5, 3, 20, 3160);ל;ל;א;ר;ש;י;ו;ם;י;ר;פ;א;י;ת;ע;ד;י;י;נ;א;(15, 5, 3, 1, 3141)
(15, 5, 3, 40, 3180);א;ת;י;נ;ז;ה;ה;ת;ע;י;כ;י;נ;מ;מ;ד;ח;כ;נ;א;(15, 5, 3, 21, 3161)
(15, 5, 4, 7, 3200);מ;ו;נ;ת;י;א;ל;ל;א;ר;ש;י;א;מ;ט;נ;ם;י;ר;פ;(15, 5, 3, 41, 3181)
(15, 5, 4, 27, 3220);י;כ;ם;ה;י;ה;ל;א;ל;א;ב;ו;ש;ל;ם;ה;י;ל;ל;ע;(15, 5, 4, 8, 3201)
(15, 5, 4, 47, 3240);ו;ה;י;ת;א;ו;ם;ב;ר;ק;ב;ם;י;נ;ו;נ;ז;ח;ו;ר;(15, 5, 4, 28, 3221)
(15, 5, 5, 13, 3260);ל;א;ר;ש;י;ן;ו;א;ג;ה;נ;ע;ו;ו;ע;ד;י;א;ל;ה;(15, 5, 4, 48, 3241)
(15, 5, 5, 33, 3280);ש;כ;י;ם;י;ר;פ;א;ו;ל;א;ר;ש;י;ו;ו;י;נ;פ;ב;(15, 5, 5, 14, 3261)
(15, 5, 5, 53, 3300);ם;מ;ע;ה;ד;ו;ה;י;ם;ג;ל;ש;כ;ם;נ;ו;ע;ב;ו;ל;(15, 5, 5, 34, 3281)
(15, 5, 6, 20, 3320);א;ש;ק;ב;ל;ו;כ;ל;י;ם;ר;ק;ב;ב;ו;ם;נ;א;צ;ב;(15, 5, 6, 1, 3301)
(15, 5, 7, 1, 3340);ב;ם;ה;מ;ץ;ל;ח;ו;א;צ;מ;י;א;ל;ו;ה;ו;ה;י;ת;(15, 5, 6, 21, 3321)
(15, 5, 7, 21, 3360);ל;י;ם;י;ר;ז;ם;י;נ;ב;י;כ;ו;ד;ג;ב;ה;ו;ה;י;(15, 5, 7, 2, 3341)
(15, 5, 7, 41, 3380);ה;י;ק;ל;ח;ת;א;ש;ד;ח;ם;ל;כ;א;י;ה;ת;ע;ו;ד;(15, 5, 7, 22, 3361)
(15, 5, 8, 19, 3400);ב;ה;ר;צ;צ;ח;ה;ע;ב;ג;ב;ר;פ;ו;ש;ו;ע;ק;ת;ם;(15, 5, 7, 42, 3381)
(15, 5, 8, 39, 3420);ב;ך;י;ר;ח;א;ן;ו;א;ת;י;ב;ו;ע;י;ר;ה;ה;מ;ר;(15, 5, 8, 20, 3401)
(15, 5, 9, 15, 3440);י;ב;ה;י;ה;ת;ה;מ;ש;ל;ם;י;ר;פ;א;ן;י;מ;י;נ;(15, 5, 8, 40, 3421)
(15, 5, 9, 35, 3460);ד;ו;ה;ל;א;ר;ש;י;י;ט;ב;ש;ב;ה;ח;כ;ו;ת;ם;ו;(15, 5, 9, 16, 3441)
(15, 5, 10, 12, 3480);כ;ה;ד;ו;ה;י;י;ר;ש;ו;י;ה;ה;נ;מ;א;נ;י;ת;ע;(15, 5, 9, 36, 3461)
(15, 5, 10, 32, 3500);כ;ך;ו;פ;ש;א;ם;ה;י;ל;ע;ל;ו;ב;ג;י;ג;י;ס;מ;(15, 5, 10, 13, 3481)
(15, 5, 11, 12, 3520);ו;צ;ר;ם;י;ר;פ;א;ק;ו;ש;ע;י;ת;ר;ב;ע;ם;י;מ;(15, 5, 10, 33, 3501)
(15, 5, 11, 32, 3540);צ;י;ר;ח;א;ך;ל;ה;ל;י;א;ו;ה;י;כ;ט;פ;ש;מ;ץ;(15, 5, 11, 13, 3521)
(15, 5, 12, 19, 3560);ל;ב;ק;ר;כ;ו;ם;י;ר;פ;א;ל;ש;ע;כ;י;נ;א;ו;ו;(15, 5, 11, 33, 3541)
(15, 5, 13, 12, 3580);ח;ת;א;ם;י;ר;פ;א;א;ר;י;ו;ה;ד;ו;ה;י;ת;י;ב;(15, 5, 12, 20, 3561)
(15, 5, 13, 32, 3600);א;ך;ל;י;ו;ו;ר;ז;מ;ת;א;ה;ד;ו;ה;י;ו;ו;י;ל;(15, 5, 13, 13, 3581)
(15, 5, 13, 52, 3620);ך;ל;מ;ל;א;ח;ל;ש;י;ו;ר;ו;ש;א;ל;א;ם;י;ר;פ;(15, 5, 13, 33, 3601)
(15, 5, 13, 72, 3640);ם;כ;ל;א;פ;ר;ל;ל;כ;ו;י;א;ל;א;ו;ה;ו;ב;ר;י;(15, 5, 13, 53, 3621)
(15, 5, 14, 6, 3660);י;כ;נ;א;י;כ;ר;ו;ז;מ;ם;כ;מ;ה;ה;ג;י;א;ל;ו;(15, 5, 13, 73, 3641)
(15, 5, 14, 26, 3680);ת;י;ב;ל;ר;י;פ;כ;כ;ו;ם;י;ר;פ;א;ל;ל;ח;ש;כ;(15, 5, 14, 7, 3661)
(15, 5, 14, 46, 3700);א;ך;ל;א;ו;ף;ר;ט;א;י;נ;א;י;נ;א;ה;ד;ו;ה;י;(15, 5, 14, 27, 3681)
(15, 5, 15, 10, 3720);ל;א;ה;ב;ו;ש;א;ך;ל;א;ל;י;צ;מ;ן;י;א;ו;א;ש;(15, 5, 14, 47, 3701)
(15, 5, 15, 30, 3740);ו;ש;ק;ב;ו;ו;מ;ש;א;י;ר;ש;א;ד;ע;י;מ;ו;ק;מ;(15, 5, 15, 11, 3721)
(15, 6, 1, 4, 3760);ו;ו;כ;ל;י;נ;נ;ר;ח;ש;י;ם;ה;ל;ר;צ;ב;י;נ;פ;(15, 5, 15, 31, 3741)
(15, 6, 1, 24, 3780);ו;ף;ר;ט;א;ו;ה;י;כ;ה;ו;ה;י;ל;א;ה;ב;ו;ש;נ;(15, 6, 1, 5, 3761)
(15, 6, 2, 5, 3800);ו;נ;י;ח;י;ו;נ;ש;ב;ח;י;ו;ך;י;ו;נ;א;פ;ר;י;(15, 6, 1, 25, 3781)
(15, 6, 2, 25, 3820);ו;נ;מ;ק;י;י;ש;י;ל;ש;ה;ם;ו;י;ב;ם;י;מ;י;מ;(15, 6, 2, 6, 3801)
(15, 6, 3, 10, 3840);ה;פ;ד;ר;נ;ה;ע;ד;נ;ו;ו;י;נ;פ;ל;ה;י;ח;נ;ו;(15, 6, 2, 26, 3821)
(15, 6, 3, 30, 3860);צ;מ;ן;ו;כ;נ;ר;ח;ש;כ;ה;ו;ה;י;ת;א;ת;ע;ד;ל;(15, 6, 3, 11, 3841)
(15, 6, 3, 50, 3880);ש;ו;ק;ל;מ;כ;ו;נ;ל;ם;ש;ג;כ;א;ו;ב;י;ו;ו;א;(15, 6, 3, 31, 3861)
(15, 6, 4, 13, 3900);ם;י;ר;פ;א;ך;ל;ה;ש;ע;א;ה;מ;ץ;ר;א;ה;ר;ו;י;(15, 6, 3, 51, 3881)
(15, 6, 4, 33, 3920);כ;ם;כ;ד;ס;ח;ו;ה;ד;ו;ה;י;ך;ל;ה;ש;ע;א;ה;מ;(15, 6, 4, 14, 3901)
(15, 6, 5, 2, 3940);ל;ע;ך;ל;ה;ם;י;כ;ש;מ;ל;ט;כ;ו;ר;ק;ב;ן;נ;ע;(15, 6, 4, 34, 3921)
(15, 6, 5, 22, 3960);ם;י;ת;ג;ר;ה;ם;י;א;י;ב;נ;ב;י;ת;ב;צ;ח;ן;כ;(15, 6, 5, 3, 3941)
(15, 6, 5, 42, 3980);א;צ;י;ר;ו;א;ך;י;ט;פ;ש;מ;ו;י;פ;י;ר;מ;א;ב;(15, 6, 5, 23, 3961)
(15, 6, 6, 20, 4000);ת;ע;ד;ו;ח;ב;ז;א;ל;ו;י;ת;צ;פ;ח;ד;ס;ח;י;כ;(15, 6, 6, 1, 3981)
(15, 6, 7, 10, 4020);ב;ע;ם;ד;א;כ;ה;מ;ה;ו;ת;ו;ל;ע;מ;ם;י;ה;ל;א;(15, 6, 6, 21, 4001)
(15, 6, 8, 6, 4040);ר;ק;ד;ע;ל;ג;י;ב;ו;ד;ג;ב;ם;ש;ת;י;ר;ב;ו;ר;(15, 6, 7, 11, 4021)
(15, 6, 9, 4, 4060);כ;ח;כ;ו;ם;ד;מ;ה;ב;ק;ע;ן;ו;א;י;ל;ע;פ;ת;י;(15, 6, 8, 7, 4041)
(15, 6, 9, 24, 4080);ר;ד;ם;י;נ;ה;כ;ר;ב;ח;ם;י;ד;ו;ד;ג;ש;י;א;י;(15, 6, 9, 5, 4061)
(15, 6, 10, 2, 4100);ב;ב;ו;ש;ע;ה;מ;ז;י;כ;ה;מ;כ;ש;ו;ח;צ;ר;י;ך;(15, 6, 9, 25, 4081)
(15, 6, 10, 22, 4120);ש;ה;י;ר;י;ר;ע;ש;י;ת;י;א;ר;ל;א;ר;ש;י;ת;י;(15, 6, 10, 3, 4101)
(15, 6, 10, 42, 4140);ל;א;ר;ש;י;א;מ;ט;נ;ם;י;ר;פ;א;ל;ת;ו;נ;ז;ם;(15, 6, 10, 23, 4121)
(15, 6, 11, 20, 4160);י;ב;ו;ש;ב;ך;ל;ר;י;צ;ק;ת;ש;ה;ד;ו;ה;י;ם;ג;(15, 6, 11, 1, 4141)
(15, 7, 1, 13, 4180);נ;ו;ל;א;ר;ש;י;ל;י;א;פ;ר;כ;י;מ;ע;ת;ו;ב;ש;(15, 6, 11, 21, 4161)
(15, 7, 1, 33, 4200);ו;ר;מ;ש;ת;ו;ע;ר;ו;ם;י;ר;פ;א;ן;ו;ע;ה;ל;ג;(15, 7, 1, 14, 4181)
(15, 7, 1, 53, 4220);ש;פ;א;ו;ב;י;ב;נ;ג;ו;ר;ק;ש;ו;ל;ע;פ;י;כ;ן;(15, 7, 1, 34, 4201)
(15, 7, 2, 11, 4240);ב;ל;ל;ו;ר;מ;א;י;ל;ב;ו;ץ;ו;ח;ב;ד;ו;ד;ג;ט;(15, 7, 1, 54, 4221)
(15, 7, 2, 31, 4260);ו;ב;ב;ס;ה;ת;ע;י;ת;ר;כ;ז;ם;ת;ע;ר;ל;כ;ם;ב;(15, 7, 2, 12, 4241)
(15, 7, 3, 3, 4280);ע;ר;ב;ו;י;ה;י;נ;פ;ד;ג;נ;ם;ה;י;ל;ל;ע;מ;ם;(15, 7, 2, 32, 4261)
(15, 7, 3, 23, 4300);ר;ש;ם;ה;י;ש;ח;כ;ב;ו;ך;ל;מ;ו;ח;מ;ש;י;ם;ת;(15, 7, 3, 4, 4281)
(15, 7, 4, 18, 4320);ע;ב;ר;ו;נ;ת;ו;מ;כ;ם;י;פ;א;נ;מ;ם;ל;כ;ם;י;(15, 7, 3, 24, 4301)
(15, 7, 4, 38, 4340);ב;ש;ו;ל;מ;ר;י;ע;מ;ת;ו;ב;ש;י;ה;פ;א;מ;ה;ר;(15, 7, 4, 19, 4321)
(15, 7, 5, 11, 4360);ל;ח;ה;ו;נ;כ;ל;מ;ם;ו;י;ו;ת;צ;מ;ח;ד;ע;ק;צ;(15, 7, 4, 39, 4341)
(15, 7, 5, 31, 4380);ת;א;ו;ד;י;ך;ש;מ;ן;י;י;מ;ת;מ;ח;ם;י;ר;ש;ו;(15, 7, 5, 12, 4361)
(15, 7, 6, 15, 4400);ב;ם;ב;ל;ר;ו;נ;ת;כ;ו;ב;ר;ק;י;כ;ם;י;צ;צ;ל;(15, 7, 5, 32, 4381)
(15, 7, 6, 35, 4420);ק;ב;ם;ה;פ;א;ן;ש;י;ה;ל;י;ל;ה;ל;כ;ם;ב;ר;א;(15, 7, 6, 16, 4401)
(15, 7, 7, 6, 4440);מ;ח;י;ם;ל;כ;ה;ב;ה;ל;ש;א;כ;ר;ע;ב;א;ו;ה;ר;(15, 7, 6, 36, 4421)
(15, 7, 7, 26, 4460);כ;ם;ה;י;ט;פ;ש;ת;א;ו;ל;כ;א;ו;ר;ו;נ;ת;כ;ו;(15, 7, 7, 7, 4441)
(15, 7, 7, 46, 4480);ם;ה;ב;א;ר;ק;ן;י;א;ו;ל;פ;נ;ם;ה;י;כ;ל;מ;ל;(15, 7, 7, 27, 4461)
(15, 7, 8, 17, 4500);ו;ב;ת;י;א;ו;ה;ם;י;מ;ע;ב;ם;י;ר;פ;א;י;ל;א;(15, 7, 7, 47, 4481)
(15, 7, 8, 37, 4520);כ;ו;פ;ה;י;ל;ב;ה;ג;ע;ה;י;ה;ם;י;ר;פ;א;ל;ל;(15, 7, 8, 18, 4501)
(15, 7, 9, 19, 4540);ד;י;א;ל;א;ו;ה;ו;ו;ח;כ;ם;י;ר;ז;ו;ל;כ;א;ה;(15, 7, 8, 38, 4521)
(15, 7, 9, 39, 4560);י;א;ל;א;ו;ה;ו;ו;ב;ה;ק;ר;ז;ה;ב;י;ש;ם;ג;ע;(15, 7, 9, 20, 4541)
(15, 7, 10, 18, 4580);ו;י;נ;פ;ב;ל;א;ר;ש;י;ן;ו;א;ג;ה;נ;ע;ו;ע;ד;(15, 7, 9, 40, 4561)
(15, 7, 10, 38, 4600);ל;ו;ם;ה;י;ה;ל;א;ה;ו;ה;י;ל;א;ו;ב;ש;א;ל;ו;(15, 7, 10, 19, 4581)
(15, 7, 11, 8, 4620);י;ר;פ;א;י;ה;י;ו;ת;א;ז;ל;כ;ב;ו;ה;ש;ק;ב;א;(15, 7, 10, 39, 4601)
(15, 7, 11, 28, 4640);ם;י;ר;צ;מ;ב;ל;ן;י;א;ה;ת;ו;פ;ה;נ;ו;י;כ;ם;(15, 7, 11, 9, 4621)
(15, 7, 12, 8, 4660);ו;כ;ל;י;ר;ש;א;כ;ו;כ;ל;ה;ר;ו;ש;א;ו;א;ר;ק;(15, 7, 11, 29, 4641)
(15, 7, 12, 28, 4680);ש;ה;ף;ו;ע;כ;י;ת;ש;ר;ם;ה;י;ל;ע;ש;ו;ר;פ;א;(15, 7, 12, 9, 4661)
(15, 7, 12, 48, 4700);ל;ע;מ;ש;כ;ם;ר;י;ס;י;א;ם;ד;י;ר;ו;א;ם;י;מ;(15, 7, 12, 29, 4681)
(15, 7, 13, 16, 4720);י;נ;מ;מ;ו;ד;ד;נ;י;כ;ם;ה;ל;י;ו;א;ם;ת;ד;ע;(15, 7, 12, 49, 4701)
(15, 7, 13, 36, 4740);פ;א;י;כ;נ;א;ו;י;ב;ו;ע;ש;פ;י;כ;ם;ה;ל;ד;ש;(15, 7, 13, 17, 4721)
(15, 7, 14, 2, 4760);ל;ו;ם;י;ב;ז;כ;י;ל;ע;ו;ר;ב;ד;ה;מ;ה;ו;ם;ד;(15, 7, 13, 37, 4741)
(15, 7, 14, 22, 4780);ו;ל;י;ל;י;י;י;כ;ם;ב;ל;ב;י;ל;א;ו;ק;ע;ז;א;(15, 7, 14, 3, 4761)
(15, 7, 14, 42, 4800);ש;ו;ר;י;ת;ו;ן;ג;ד;ל;ע;ם;ת;ו;ב;כ;ש;מ;ל;ע;(15, 7, 14, 23, 4781)
(15, 7, 15, 6, 4820);ס;י;י;נ;א;ו;י;ב;ו;ר;ו;ס;י;ו;ר;ר;ו;ג;ת;י;(15, 7, 14, 43, 4801)
(15, 7, 15, 26, 4840);ח;י;י;ל;א;ו;ם;ת;ע;ו;ר;ז;י;ת;ק;ז;ח;י;ת;ר;(15, 7, 15, 7, 4821)
(15, 7, 16, 15, 4860);ש;ק;כ;ו;י;ה;ל;ע;א;ל;ו;ב;ו;ש;י;ע;ר;ו;ב;ש;(15, 7, 15, 27, 4841)
(15, 7, 16, 35, 4880);ז;מ;ם;ה;י;ר;ש;ב;ר;ח;ב;ו;ל;פ;י;ה;י;מ;ר;ת;(15, 7, 16, 16, 4861)
(15, 7, 16, 55, 4900);ר;צ;מ;ץ;ר;א;ב;ם;ג;ע;ל;ו;ז;ם;נ;ו;ש;ל;ם;ע;(15, 7, 16, 36, 4881)
(15, 8, 1, 18, 4920);י;ת;י;ב;ל;ע;ר;ש;נ;כ;ר;פ;ש;ך;כ;ח;ל;א;ם;י;(15, 7, 16, 56, 4901)
(15, 8, 1, 38, 4940);ו;ת;ל;ע;ו;י;ת;י;ר;ב;ו;ר;ב;ע;ן;ע;י;ה;ו;ה;(15, 8, 1, 19, 4921)
(15, 8, 2, 13, 4960);ד;י;י;ה;ל;א;ו;ק;ע;ז;י;י;ל;ו;ע;ש;פ;י;ת;ר;(15, 8, 1, 39, 4941)
(15, 8, 3, 11, 4980);ב;ו;ט;ל;א;ר;ש;י;ח;נ;ז;ל;א;ר;ש;י;ך;ו;נ;ע;(15, 8, 2, 14, 4961)
(15, 8, 4, 11, 5000);א;ל;ו;ו;כ;י;ל;מ;ה;ם;ה;ו;פ;ד;ר;י;ב;י;ו;א;(15, 8, 3, 12, 4981)
(15, 8, 4, 31, 5020);פ;ס;כ;י;ת;ע;ד;י;א;ל;ו;ו;ר;י;ש;ה;י;נ;מ;מ;(15, 8, 4, 12, 5001)
(15, 8, 4, 51, 5040);ע;מ;ל;ם;י;ב;צ;ע;ם;ה;ל;ו;ש;ע;ם;ב;ה;ז;ו;ם;(15, 8, 4, 32, 5021)
(15, 8, 5, 15, 5060);ה;ר;ח;ן;ו;ר;מ;ש;ך;ל;ג;ע;ח;נ;ז;ת;ר;כ;י;ן;(15, 8, 4, 52, 5041)
(15, 8, 5, 35, 5080);י;ק;נ;ו;ל;כ;ו;י;א;ל;י;ת;מ;ד;ע;ם;ב;י;פ;א;(15, 8, 5, 16, 5061)
(15, 8, 6, 19, 5100);ו;ה;ש;ע;ש;ר;ח;א;ו;ה;ו;ל;א;ר;ש;י;מ;י;כ;ן;(15, 8, 5, 36, 5081)
(15, 8, 6, 39, 5120);ה;י;ם;י;ב;ב;ש;י;כ;א;ו;ה;ם;י;ה;ל;א;א;ל;ו;(15, 8, 6, 20, 5101)
(15, 8, 7, 10, 5140);ו;ע;ר;ז;י;ח;ו;ר;י;כ;ן;ו;ר;מ;ש;ל;ג;ע;ה;י;(15, 8, 6, 40, 5121)
(15, 8, 7, 30, 5160);צ;ו;ל;ן;י;א;ה;מ;ק;ו;ר;צ;ק;י;ה;ת;פ;ו;ס;ו;(15, 8, 7, 11, 5141)
(15, 8, 7, 50, 5180);ה;ש;ע;י;י;ל;ו;א;ח;מ;ק;ה;ש;ע;י;י;ל;ב;ח;מ;(15, 8, 7, 31, 5161)
(15, 8, 8, 10, 5200);ע;ל;א;ר;ש;י;ע;ל;ב;נ;ו;ה;ע;ל;ב;י;ם;י;ר;ז;(15, 8, 7, 51, 5181)
(15, 8, 8, 30, 5220);ץ;פ;ח;ן;י;א;י;ל;כ;כ;ם;י;ו;ג;ב;ו;י;ה;ה;ת;(15, 8, 8, 11, 5201)
(15, 8, 9, 18, 5240);ד;ו;ב;א;ר;פ;ר;ו;ש;א;ו;ל;ע;ה;מ;ה;י;כ;ו;ב;(15, 8, 8, 31, 5221)
(15, 8, 10, 3, 5260);כ;ם;ג;ם;י;ב;ה;א;ו;נ;ת;ה;ם;י;ר;פ;א;ו;ל;ד;(15, 8, 9, 19, 5241)
(15, 8, 10, 23, 5280);י;ו;ם;צ;ב;ק;א;ה;ת;ע;ם;י;ו;ג;ב;ו;נ;ת;י;י;(15, 8, 10, 4, 5261)
(15, 8, 11, 3, 5300);ה;י;כ;ם;י;ר;ש;ך;ל;מ;א;ש;מ;מ;ט;ע;מ;ו;ל;ח;(15, 8, 10, 24, 5281)
(15, 8, 11, 23, 5320);י;ה;א;ט;ח;ל;ת;ו;ח;ב;ז;מ;ם;י;ר;פ;א;ה;ב;ר;(15, 8, 11, 4, 5301)
(15, 8, 12, 7, 5340);ו;ל;ב;ו;ת;כ;א;א;ט;ח;ל;ת;ו;ח;ב;ז;מ;ו;ל;ו;(15, 8, 11, 24, 5321)
(15, 8, 13, 2, 5360);ב;ז;ו;ב;ש;ח;נ;ר;ז;ו;מ;כ;י;ת;ר;ו;ת;ו;ב;ר;(15, 8, 12, 8, 5341)
(15, 8, 13, 22, 5380);ל;כ;א;י;ו;ר;ש;ב;ו;ח;ב;ז;י;י;ב;ה;ב;ה;י;ח;(15, 8, 13, 3, 5361)
(15, 8, 13, 42, 5400);נ;ו;ע;ר;כ;ז;י;ה;ת;ע;ם;צ;ר;א;ל;ה;ו;ה;י;ו;(15, 8, 13, 23, 5381)
(15, 8, 13, 62, 5420);ם;י;ר;צ;מ;ה;מ;ה;ם;ת;ו;א;ט;ח;ד;ק;פ;י;ו;ם;(15, 8, 13, 43, 5401)
(15, 8, 14, 15, 5440);ה;ש;ע;ת;א;ל;א;ר;ש;י;ח;כ;ש;י;ו;ו;ב;ו;ש;י;(15, 8, 13, 63, 5421)
(15, 8, 14, 35, 5460);ב;ר;ה;ה;ד;ו;ה;י;ו;ת;ו;ל;כ;י;ה;ן;ב;י;ו;ו;(15, 8, 14, 16, 5441)
(15, 8, 14, 55, 5480);ע;ב;ש;א;י;ת;ח;ל;ש;ו;ת;ו;ר;צ;ב;ם;י;ר;ע;ה;(15, 8, 14, 36, 5461)
(15, 9, 1, 5, 5500);מ;ש;ת;ל;א;ה;י;ת;נ;מ;ר;א;ה;ל;כ;א;ו;ו;י;ר;(15, 8, 14, 56, 5481)
(15, 9, 1, 25, 5520);נ;ז;י;כ;ם;י;מ;ע;כ;ל;י;ג;ל;א;ל;א;ר;ש;י;ח;(15, 9, 1, 6, 5501)
(15, 9, 1, 45, 5540);ל;ע;ן;נ;ת;א;ת;ב;ה;א;ך;י;ה;ל;א;ל;ע;מ;ת;י;(15, 9, 1, 26, 5521)
(15, 9, 2, 10, 5560);י;א;ל;ב;ק;י;ו;ן;ר;ג;ן;ג;ד;ת;ו;נ;ר;ג;ל;כ;(15, 9, 1, 46, 5541)
(15, 9, 3, 5, 5580);ב;ש;י;א;ל;ה;ב;ש;ח;כ;י;ש;ו;ר;י;ת;ו;ם;ע;ר;(15, 9, 2, 11, 5561)
(15, 9, 3, 25, 5600);ר;צ;מ;ם;י;ר;פ;א;ב;ש;ו;ה;ו;ה;י;ץ;ר;א;ב;ו;(15, 9, 3, 6, 5581)
(15, 9, 4, 4, 5620);ס;י;א;ל;ו;ל;כ;א;י;א;מ;ט;ר;ו;ש;א;ב;ו;ם;י;(15, 9, 3, 26, 5601)
(15, 9, 4, 24, 5640);ו;ל;ו;ב;ר;ע;י;א;ל;ו;ן;י;י;ה;ו;ה;י;ל;ו;כ;(15, 9, 4, 5, 5621)
(15, 9, 4, 44, 5660);ל;כ;ם;ה;ל;ם;י;נ;ו;א;ם;ח;ל;כ;ם;ה;י;ח;ב;ז;(15, 9, 4, 25, 5641)
(15, 9, 4, 64, 5680);ש;פ;נ;ל;ם;מ;ח;ל;י;כ;ו;א;מ;ט;י;ו;י;ל;כ;א;(15, 9, 4, 45, 5661)
(15, 9, 5, 6, 5700);ו;ש;ע;ת;ה;מ;ה;ו;ה;י;ת;י;ב;א;ו;ב;י;א;ל;ם;(15, 9, 4, 65, 5681)
(15, 9, 6, 1, 5720);כ;ה;ו;ה;י;ג;ח;ם;ו;י;ל;ו;ד;ע;ו;מ;ם;ו;י;ל;(15, 9, 5, 7, 5701)
(15, 9, 6, 21, 5740);צ;ב;ק;ת;ם;י;ר;צ;מ;ד;ש;מ;ו;כ;ל;ה;ה;נ;ה;י;(15, 9, 6, 2, 5721)
(15, 9, 6, 41, 5760);ו;מ;ק;ם;פ;ס;כ;ל;ד;מ;ח;מ;ם;ר;ב;ק;ת;ף;מ;ם;(15, 9, 6, 22, 5741)
(15, 9, 7, 4, 5780);י;ו;א;ב;ם;ה;י;ל;ה;א;ב;ח;ו;ח;ם;ש;ר;י;י;ש;(15, 9, 6, 42, 5761)
(15, 9, 7, 24, 5800);ע;ד;י;ם;ל;ש;ה;י;מ;י;ו;א;ב;ה;ד;ק;פ;ה;י;מ;(15, 9, 7, 5, 5781)
(15, 9, 7, 44, 5820);א;ע;ג;ש;מ;א;י;ב;נ;ה;ל;י;ו;א;ל;א;ר;ש;י;ו;(15, 9, 7, 25, 5801)
(15, 9, 7, 64, 5840);ש;מ;ה;ב;ר;ו;ך;נ;ו;ע;ב;ר;ל;ע;ח;ו;ר;ה;ש;י;(15, 9, 7, 45, 5821)
(15, 9, 8, 17, 5860);י;ב;נ;י;ה;ל;א;ם;ע;ם;י;ר;פ;א;ה;פ;צ;ה;מ;ט;(15, 9, 7, 65, 5841)
(15, 9, 8, 37, 5880);מ;ט;ש;מ;ו;י;כ;ר;ד;ל;כ;ל;ע;ש;ו;ק;י;ח;פ;א;(15, 9, 8, 18, 5861)
(15, 9, 9, 10, 5900);ו;ת;ח;ש;ו;ק;י;מ;ע;ה;ו;י;ה;ל;א;ת;י;ב;ב;ה;(15, 9, 8, 38, 5881)
(15, 9, 9, 30, 5920);פ;י;ם;נ;ו;ע;ר;ו;כ;ז;י;ה;ע;ב;ג;ה;י;מ;י;כ;(15, 9, 9, 11, 5901)
(15, 9, 10, 11, 5940);ר;ב;ד;מ;ב;ם;י;ב;נ;ע;כ;ם;ת;ו;א;ט;ח;ד;ו;ק;(15, 9, 9, 31, 5921)
(15, 9, 10, 31, 5960);נ;א;ת;ב;ה;ר;ו;כ;ב;כ;ל;א;ר;ש;י;י;ת;א;צ;מ;(15, 9, 10, 12, 5941)
(15, 9, 10, 51, 5980);ם;כ;י;ת;ו;ב;א;י;ת;י;א;ר;ה;ת;י;ש;א;ר;ב;ה;(15, 9, 10, 32, 5961)
(15, 9, 10, 71, 6000);ל;ו;ר;ז;נ;י;ו;ר;ו;ע;פ;ל;ע;ב;ו;א;ב;ה;מ;ה;(15, 9, 10, 52, 5981)
(15, 9, 11, 1, 6020);א;ם;ב;ה;א;כ;ם;י;צ;ו;ק;ש;ו;י;ה;י;ו;ת;ש;ב;(15, 9, 10, 72, 6001)
(15, 9, 11, 21, 6040);מ;ם;ד;ו;ב;כ;ף;פ;ו;ע;ת;י;ף;ו;ע;כ;ם;י;ר;פ;(15, 9, 11, 2, 6021)
(15, 9, 12, 5, 6060);י;ם;א;י;כ;ן;ו;י;ר;ה;מ;ו;ן;ט;ב;מ;ו;ה;ד;ל;(15, 9, 11, 22, 6041)
(15, 9, 12, 25, 6080);א;מ;ם;י;ת;ל;כ;ש;ו;ם;ה;י;נ;ב;ת;א;ו;ל;ד;ג;(15, 9, 12, 6, 6061)
(15, 9, 12, 45, 6100);ם;ה;מ;י;ר;ו;ש;ב;ם;ה;ל;י;ו;א;ם;ג;י;כ;ם;ד;(15, 9, 12, 26, 6081)
(15, 9, 13, 20, 6120);ת;ש;ר;ו;צ;ל;י;ת;י;א;ר;ר;ש;א;כ;ם;י;ר;פ;א;(15, 9, 13, 1, 6101)
(15, 9, 13, 40, 6140);א;א;י;צ;ו;ה;ל;ם;י;ר;פ;א;ו;ה;ו;נ;ב;ה;ל;ו;(15, 9, 13, 21, 6121)
(15, 9, 14, 12, 6160);ת;ה;מ;ה;ו;ה;י;ם;ה;ל;ן;ת;ו;י;נ;ב;ג;ר;ה;ל;(15, 9, 13, 41, 6141)
(15, 9, 14, 32, 6180);ם;י;ד;ש;ו;ל;י;כ;ש;מ;ם;ח;ר;ם;ה;ל;ן;ת;ן;ת;(15, 9, 14, 13, 6161)
(15, 9, 15, 15, 6200);ם;ש;י;כ;ל;ג;ל;ג;ב;ם;ת;ע;ר;ל;כ;ם;י;ק;מ;צ;(15, 9, 14, 33, 6181)
(15, 9, 15, 35, 6220);י;ב;מ;ם;ה;י;ל;ל;ע;מ;ע;ר;ל;ע;ם;י;ת;א;נ;ש;(15, 9, 15, 16, 6201)
(15, 9, 15, 55, 6240);ל;כ;ם;ת;ב;ה;א;ף;ס;ו;א;א;ל;ם;ש;ר;ג;א;י;ת;(15, 9, 15, 36, 6221)
(15, 9, 16, 10, 6260);ר;ש;ם;י;ר;פ;א;ה;כ;ה;ם;י;ר;ר;ס;ם;ה;י;ר;ש;(15, 9, 15, 56, 6241)
(15, 9, 16, 30, 6280);י;כ;ם;ג;ן;ו;ש;ע;י;י;ל;ב;י;ר;פ;ש;ב;י;ם;ש;(15, 9, 16, 11, 6261)
(15, 9, 17, 1, 6300);י;ם;נ;ט;ב;י;ד;מ;ח;מ;י;ת;מ;ה;ו;ן;ו;ד;ל;י;(15, 9, 16, 31, 6281)
(15, 9, 17, 21, 6320);י;ו;ו;ל;ו;ע;מ;ש;א;ל;י;כ;י;ה;ל;א;ם;ס;א;מ;(15, 9, 17, 2, 6301)
(15, 10, 1, 7, 6340);ק;ק;ו;ב;ן;פ;ג;ם;י;ו;ג;ב;ם;י;ד;ד;נ;ו;י;ה;(15, 9, 17, 22, 6321)
(15, 10, 1, 27, 6360);ר;פ;ל;ב;ר;כ;ו;ל;ה;ו;ש;י;י;ר;פ;ל;א;ר;ש;י;(15, 10, 1, 8, 6341)
(15, 10, 1, 47, 6380);ר;א;ל;ב;ו;ט;כ;ת;ו;ח;ב;ז;מ;ל;ה;ב;ר;ה;ו;י;(15, 10, 1, 28, 6361)
(15, 10, 2, 7, 6400);ע;ם;ב;ל;ק;ל;ח;ת;ו;ב;צ;מ;ו;ב;י;ט;י;ה;ו;צ;(15, 10, 1, 48, 6381)
(15, 10, 2, 27, 6420);ת;ו;ח;ב;ז;מ;ף;ר;ע;י;א;ו;ה;ו;מ;ש;א;י;ה;ת;(15, 10, 2, 8, 6401)
(15, 10, 3, 9, 6440);ר;מ;א;י;ה;ת;ע;י;כ;ם;ת;ו;ב;צ;מ;ד;ד;ש;י;ם;(15, 10, 2, 28, 6421)
(15, 10, 3, 29, 6460);א;ו;נ;א;ר;י;א;ל;י;כ;ו;נ;ל;ך;ל;מ;ן;י;א;ו;(15, 10, 3, 10, 6441)
(15, 10, 4, 1, 6480);ד;ו;נ;ל;ה;ש;ע;י;ה;מ;ך;ל;מ;ה;ו;ה;ו;ה;י;ת;(15, 10, 3, 30, 6461)
(15, 10, 4, 21, 6500);ר;ב;ת;ר;כ;א;ו;ש;ת;ו;ל;א;ם;י;ר;ב;ד;ו;ר;ב;(15, 10, 4, 2, 6481)
(15, 10, 4, 41, 6520);י;מ;ל;ת;ל;ע;ט;פ;ש;מ;ש;א;ר;כ;ח;ר;פ;ו;ת;י;(15, 10, 4, 22, 6501)
(15, 10, 5, 17, 6540);ו;ר;ו;ג;י;ן;ו;א;ת;י;ב;ת;ו;ל;ג;ע;ל;י;ד;ש;(15, 10, 4, 42, 6521)
(15, 10, 5, 37, 6560);ו;מ;ע;ו;י;ל;ע;ל;ב;א;י;כ;ן;ו;ר;מ;ש;ן;כ;ש;(15, 10, 5, 18, 6541)
(15, 10, 5, 57, 6580);ו;ב;כ;ל;ע;ו;ל;י;ג;י;ו;י;ל;ע;ו;י;ר;מ;כ;ו;(15, 10, 5, 38, 6561)
(15, 10, 6, 9, 6600);ש;א;ל;ו;ת;ו;א;ם;ג;ו;נ;מ;מ;ה;ל;ג;י;כ;ו;ד;(15, 10, 5, 58, 6581)
(15, 10, 6, 29, 6620);נ;ש;ב;ב;ר;י;ך;ל;מ;ל;ה;ח;נ;מ;ל;ב;ו;י;ר;ו;(15, 10, 6, 10, 6601)
(15, 10, 6, 49, 6640);מ;ל;א;ר;ש;י;ש;ו;ב;י;ו;ח;ק;י;ם;י;ר;פ;א;ה;(15, 10, 6, 30, 6621)
(15, 10, 7, 16, 6660);צ;ק;כ;ה;כ;ל;מ;ן;ו;ר;מ;ש;ה;מ;ד;נ;ו;ת;צ;ע;(15, 10, 6, 50, 6641)
(15, 10, 8, 11, 6680);א;ת;ו;מ;ב;ו;ד;מ;ש;נ;ו;ם;י;מ;י;נ;פ;ל;ע;ף;(15, 10, 7, 17, 6661)
(15, 10, 8, 31, 6700);י;ר;ד;ר;ד;ו;ץ;ו;ק;ל;א;ר;ש;י;ת;א;ט;ח;ן;ו;(15, 10, 8, 12, 6681)
(15, 10, 8, 51, 6720);ר;ה;ל;ו;ר;מ;א;ו;ם;ת;ו;ח;ב;ז;מ;ל;ע;ה;ל;ע;(15, 10, 8, 32, 6701)
(15, 10, 8, 71, 6740);ל;ע;ו;ל;פ;נ;ת;ו;ע;ב;ג;ל;ו;ו;נ;ו;ס;כ;ם;י;(15, 10, 8, 52, 6721)
(15, 10, 9, 17, 6760);א;ר;ש;י;ת;א;ט;ח;ה;ע;ב;ג;ה;י;מ;י;מ;ו;נ;י;(15, 10, 8, 72, 6741)
(15, 10, 9, 37, 6780);מ;ה;ע;ב;ג;ב;ם;ג;י;ש;ת;א;ל;ו;ד;מ;ע;ם;ש;ל;(15, 10, 9, 18, 6761)
(15, 10, 10, 7, 6800);א;ו;י;ת;ו;א;ב;ה;ו;ל;ע;י;נ;ב;ל;ע;ה;מ;ח;ל;(15, 10, 9, 38, 6781)
(15, 10, 10, 27, 6820);ס;א;ב;ם;י;מ;ע;ם;ה;י;ל;ע;ו;פ;ס;א;ו;ם;ר;ס;(15, 10, 10, 8, 6801)
(15, 10, 11, 9, 6840);ל;ג;ע;ם;י;ר;פ;א;ו;ם;ת;נ;י;ע;י;ת;ש;ל;ם;ר;(15, 10, 10, 28, 6821)
(15, 10, 11, 29, 6860);ע;י;נ;א;ו;ש;ו;ד;ל;י;ת;ב;ה;א;ה;ד;מ;ל;מ;ה;(15, 10, 11, 10, 6841)
(15, 10, 11, 49, 6880);א;ב;י;כ;ר;א;ה;ר;א;ו;צ;ב;ו;ט;ל;ע;י;ת;ר;ב;(15, 10, 11, 30, 6861)
(15, 10, 11, 69, 6900);ו;ל;ד;ד;ש;י;ה;ד;ו;ה;י;ש;ו;ר;ח;י;ם;י;ר;פ;(15, 10, 11, 50, 6881)
(15, 10, 12, 16, 6920);ו;ר;צ;ק;ה;ק;ד;צ;ל;ם;כ;ל;ו;ע;ר;ז;ב;ק;ע;י;(15, 10, 11, 70, 6901)
(15, 10, 12, 36, 6940);ל;ת;ע;ו;ר;י;נ;ם;כ;ל;ו;ר;י;נ;ד;ס;ח;י;פ;ל;(15, 10, 12, 17, 6921)
(15, 10, 12, 56, 6960);ה;ר;י;ו;א;ו;ב;י;ד;ע;ה;ו;ה;י;ת;א;ש;ו;ר;ד;(15, 10, 12, 37, 6941)
(15, 10, 13, 14, 6980);ק;ה;ת;ל;ו;ע;ע;ש;ר;ם;ת;ש;ר;ח;ם;כ;ל;ק;ד;צ;(15, 10, 12, 57, 6961)
(15, 10, 13, 34, 7000);ח;ט;ב;י;כ;ש;ח;כ;י;ר;פ;ם;ת;ל;כ;א;ם;ת;ר;צ;(15, 10, 13, 15, 6981)
(15, 10, 14, 5, 7020);ש;ם;א;ק;ו;ך;י;ר;ו;ב;ג;ב;ר;ב;ך;כ;ר;ד;ב;ת;(15, 10, 13, 35, 7001)
(15, 10, 14, 25, 7040);ד;ש;ו;י;ך;י;ר;צ;ב;מ;ל;כ;ו;ך;מ;ע;ב;ן;ו;א;(15, 10, 14, 6, 7021)
(15, 10, 14, 45, 7060);מ;ם;ו;י;ב;ל;א;ב;ר;א;ת;י;ב;ן;מ;ל;ש;ד;ש;כ;(15, 10, 14, 26, 7041)
(15, 10, 15, 4, 7080);ע;ה;כ;כ;ה;ש;ט;ר;ם;י;נ;ב;ל;ע;ם;א;ה;מ;ח;ל;(15, 10, 14, 46, 7061)
(15, 10, 15, 24, 7100);ת;ע;ר;ת;ע;ר;י;נ;פ;מ;ל;א;ת;י;ב;ם;כ;ל;ה;ש;(15, 10, 15, 5, 7081)
(15, 10, 15, 44, 7120);ר;ש;י;ך;ל;מ;ה;מ;ד;נ;ה;מ;ד;נ;ר;ח;ש;ב;ם;כ;(15, 10, 15, 25, 7101)
(15, 11, 1, 18, 7140);מ;ו;ו;ה;ב;ה;א;ו;ל;א;ר;ש;י;ר;ע;נ;י;כ;ל;א;(15, 10, 15, 45, 7121)
(15, 11, 2, 6, 7160);ה;ל;ו;א;ר;ק;י;נ;ב;ל;י;ת;א;ר;ק;ם;י;ר;צ;מ;(15, 11, 1, 19, 7141)
(15, 11, 2, 26, 7180);י;ם;י;ל;ע;ב;ל;ם;ה;י;נ;פ;מ;ו;כ;ל;ה;ן;כ;ם;(15, 11, 2, 7, 7161)
(15, 11, 3, 3, 7200);נ;א;ו;ן;ו;ר;ט;ק;י;ם;י;ל;ס;פ;ל;ו;ו;ח;ב;ז;(15, 11, 2, 27, 7181)
(15, 11, 3, 23, 7220);ז;ל;ע;ם;ח;ק;ם;י;ר;פ;א;ל;י;ת;ל;ג;ר;ת;י;כ;(15, 11, 3, 4, 7201)
(15, 11, 3, 43, 7240);י;ת;א;פ;ר;י;כ;ו;ע;ד;י;א;ל;ו;ו;י;ת;ע;ו;ר;(15, 11, 3, 24, 7221)
(15, 11, 4, 19, 7260);ת;ו;ת;ב;ע;ב;ם;כ;ש;מ;א;ם;ד;א;י;ל;ב;ח;ב;ם;(15, 11, 3, 44, 7241)
(15, 11, 4, 39, 7280);ל;ע;י;מ;י;ר;מ;כ;ם;ה;ל;ה;י;ה;א;ו;ה;ב;ה;א;(15, 11, 4, 20, 7261)
(15, 11, 5, 1, 7300);ל;ל;י;כ;ו;א;ו;י;ל;א;ט;א;ו;ם;ה;י;ח;ל;ל;ע;(15, 11, 4, 40, 7281)
(15, 11, 5, 21, 7320);ר;ו;ש;א;ו;ם;י;ר;צ;מ;ץ;ר;א;ל;א;ב;ו;ש;י;א;(15, 11, 5, 2, 7301)
(15, 11, 6, 3, 7340);ל;ח;ו;ב;ו;ש;ל;ו;נ;א;מ;י;כ;ו;כ;ל;מ;א;ו;ה;(15, 11, 5, 22, 7321)
(15, 11, 6, 23, 7360);א;ו;ו;י;ד;ב;ה;ת;ל;כ;ו;ו;י;ר;ע;ב;ב;ר;ח;ה;(15, 11, 6, 4, 7341)
(15, 11, 7, 8, 7380);א;ו;ל;ת;י;מ;ע;ו;ם;ה;י;ת;ו;צ;ע;מ;מ;ה;ל;כ;(15, 11, 6, 24, 7361)
(15, 11, 7, 28, 7400);ו;ה;א;ר;ק;י;ל;ע;ל;א;ו;י;ת;ב;ו;ש;מ;ל;ם;י;(15, 11, 7, 9, 7381)
(15, 11, 8, 10, 7420);ר;פ;א;ך;נ;ת;א;ך;י;א;ם;מ;ו;ר;י;א;ל;ד;ח;י;(15, 11, 7, 29, 7401)
(15, 11, 8, 30, 7440);כ;ך;נ;ת;א;ך;י;א;ל;א;ר;ש;י;ך;נ;ג;מ;א;ם;י;(15, 11, 8, 11, 7421)
(15, 11, 8, 50, 7460);ע;ך;פ;ה;נ;ם;י;א;ב;צ;כ;ך;מ;י;ש;א;ה;מ;ד;א;(15, 11, 8, 31, 7441)
(15, 11, 9, 2, 7480);א;ל;י;מ;ו;ח;נ;ו;ר;מ;כ;נ;ד;ח;י;י;ב;ל;י;ל;(15, 11, 8, 51, 7461)
(15, 11, 9, 22, 7500);ח;ש;ל;ב;ו;ש;א;א;ל;י;פ;א;ן;ו;ר;ח;ה;ש;ע;א;(15, 11, 9, 3, 7481)
(15, 11, 9, 42, 7520);ש;י;א;א;ל;ו;י;כ;נ;א;ל;א;י;כ;ם;י;ר;פ;א;ת;(15, 11, 9, 23, 7501)
(15, 11, 9, 62, 7540);ר;י;ע;ב;א;ו;ב;א;א;ל;ו;ש;ו;ד;ק;ך;ב;ר;ק;ב;(15, 11, 9, 43, 7521)
(15, 11, 10, 20, 7560);א;ש;י;ה;י;ר;א;כ;ו;כ;ל;י;ה;ו;ה;י;י;ר;ח;א;(15, 11, 10, 1, 7541)
(15, 11, 10, 40, 7580);ם;י;נ;ב;ו;ד;ר;ח;י;ו;ג;א;ש;י;א;ו;ה;י;כ;ג;(15, 11, 10, 21, 7561)
(15, 11, 11, 17, 7600);ו;ם;י;ר;צ;מ;מ;ר;ו;פ;צ;כ;ו;ד;ר;ח;י;ם;י;מ;(15, 11, 10, 41, 7581)
(15, 11, 11, 37, 7620);י;ת;ב;ש;ו;ה;ו;ר;ו;ש;א;ץ;ר;א;מ;ה;נ;ו;י;כ;(15, 11, 11, 18, 7601)
(15, 12, 1, 5, 7640);י;נ;ב;ב;ס;ה;ו;ה;י;ם;א;נ;ם;ה;י;ת;ב;ל;ע;ם;(15, 11, 11, 38, 7621)
(15, 12, 1, 25, 7660);ש;י;ת;י;ב;ה;מ;ר;מ;ב;ו;ם;י;ר;פ;א;ש;ח;כ;ב;(15, 12, 1, 6, 7641)
(15, 12, 1, 45, 7680);ם;ע;ו;ל;א;ם;ע;ד;ר;ד;ע;ה;ד;ו;ה;י;ו;ל;א;ר;(15, 12, 1, 26, 7661)
(15, 12, 2, 10, 7700);ו;ר;ה;ע;ר;ם;י;ר;פ;א;ן;מ;א;נ;ם;י;ש;ו;ד;ק;(15, 12, 1, 46, 7681)
(15, 12, 2, 30, 7720);ש;ו;ב;ז;כ;ם;ו;י;ה;ל;כ;ם;י;ד;ק;ף;ד;ר;ו;ח;(15, 12, 2, 11, 7701)
(15, 12, 2, 50, 7740);ת;ר;כ;י;ר;ו;ש;א;ם;ע;ת;י;ר;ב;ו;ה;ב;ר;י;ד;(15, 12, 2, 31, 7721)
(15, 12, 3, 5, 7760);ל;ב;י;ר;ו;ל;ב;ו;י;ם;י;ר;צ;מ;ל;ן;מ;ש;ו;ו;(15, 12, 2, 51, 7741)
(15, 12, 3, 25, 7780);ע;י;ל;ע;ד;ק;פ;ל;ו;ה;ד;ו;ה;י;ם;ע;ה;ו;ה;י;(15, 12, 3, 6, 7761)
(15, 12, 3, 45, 7800);ל;ב;י;ש;י;ו;י;ל;ל;ע;מ;כ;ו;י;כ;ר;ד;כ;ב;ק;(15, 12, 3, 26, 7781)
(15, 12, 4, 19, 7820);ו;נ;ו;א;ב;ו;ו;י;ח;א;ת;א;ב;ק;ע;ן;ט;ב;ב;ו;(15, 12, 3, 46, 7801)
(15, 12, 5, 10, 7840);ך;א;ל;מ;ל;א;ר;ש;י;ו;ם;י;ה;ל;א;ת;א;ה;ר;ש;(15, 12, 4, 20, 7821)
(15, 12, 5, 30, 7860);ל;א;ת;י;ב;ו;ל;ן;נ;ח;ת;י;ו;ה;כ;ב;ל;כ;י;ו;(15, 12, 5, 11, 7841)
(15, 12, 6, 3, 7880);ה;י;ו;ו;נ;מ;ע;ר;ב;ד;י;ם;ש;ו;ו;נ;א;צ;מ;י;(15, 12, 5, 31, 7861)
(15, 12, 6, 23, 7900);ו;ר;כ;ז;ה;ו;ה;י;ת;ו;א;ב;צ;ה;י;ה;ל;א;ה;ו;(15, 12, 6, 4, 7881)
(15, 12, 7, 20, 7920);ש;מ;ו;ד;ס;ח;ב;ו;ש;ת;ך;י;ה;ל;א;ב;ה;ת;א;ו;(15, 12, 7, 1, 7901)
(15, 12, 7, 40, 7940);ד;י;מ;ת;ך;י;ה;ל;א;ל;א;ה;ו;ק;ו;ר;מ;ש;ט;פ;(15, 12, 7, 21, 7921)
(15, 12, 8, 20, 7960);ש;ע;ל;ה;מ;ר;מ;י;נ;ז;א;מ;ו;ד;י;ב;ן;ע;נ;כ;(15, 12, 8, 1, 7941)
(15, 12, 9, 16, 7980);ת;ר;ש;ע;ך;א;ם;י;ר;פ;א;ר;מ;א;י;ו;ב;ה;א;ק;(15, 12, 8, 21, 7961)
(15, 12, 9, 36, 8000);א;ל;י;ע;י;ג;י;ל;כ;י;ל;ן;ו;א;י;ת;א;צ;מ;י;(15, 12, 9, 17, 7981)
(15, 12, 10, 4, 8020);כ;נ;א;ו;א;ט;ח;ר;ש;א;ן;ו;ע;י;ל;ו;א;צ;מ;י;(15, 12, 9, 37, 8001)
(15, 12, 10, 24, 8040);ע;ם;י;ר;צ;מ;ץ;ר;א;מ;ך;י;ה;ל;א;ה;ו;ה;י;י;(15, 12, 10, 5, 8021)
(15, 12, 10, 44, 8060);ע;ו;מ;י;מ;י;כ;ם;י;ל;ה;א;ב;ך;ב;י;ש;ו;א;ד;(15, 12, 10, 25, 8041)
(15, 12, 11, 19, 8080);כ;נ;א;ו;ם;י;א;י;ב;נ;ה;ל;ע;י;ת;ר;ב;ד;ו;ד;(15, 12, 10, 45, 8061)
(15, 12, 11, 39, 8100);א;י;ב;נ;ה;ד;י;ב;ו;י;ת;י;ב;ר;ה;ן;ו;ז;ח;י;(15, 12, 11, 20, 8081)
(15, 12, 12, 14, 8120);א;ו;ש;ך;א;ן;ו;א;ד;ע;ל;ג;ם;א;ה;מ;ד;א;ם;י;(15, 12, 11, 40, 8101)
(15, 12, 12, 34, 8140);מ;ם;ג;ו;ח;ב;ז;ם;י;ר;ו;ש;ל;ג;ל;ג;ב;ו;י;ה;(15, 12, 12, 15, 8121)
(15, 12, 12, 54, 8160);י;ד;ש;י;מ;ל;ת;ל;ע;ם;י;ל;ג;כ;ם;ת;ו;ח;ב;ז;(15, 12, 12, 35, 8141)
(15, 12, 13, 20, 8180);ד;ב;ע;י;ו;ם;ר;א;ה;ד;ש;ב;ק;ע;י;ח;ר;ב;י;ו;(15, 12, 13, 1, 8161)
(15, 12, 14, 3, 8200);נ;ב;ו;ר;מ;ש;ה;ש;א;ב;ו;ה;ש;א;ב;ל;א;ר;ש;י;(15, 12, 13, 21, 8181)
(15, 12, 14, 23, 8220);מ;מ;ל;א;ר;ש;י;ת;א;ה;ו;ה;י;ה;ל;ע;ה;א;י;ב;(15, 12, 14, 4, 8201)
(15, 12, 15, 6, 8240);א;ס;י;ע;כ;ה;ר;מ;ש;נ;א;י;ב;נ;ב;ו;ם;י;ר;צ;(15, 12, 14, 24, 8221)
(15, 12, 15, 26, 8260);ו;י;ל;ע;ו;י;מ;ד;ו;ם;י;ר;ו;ר;מ;ת;ם;י;ר;פ;(15, 12, 15, 7, 8241)
(15, 12, 15, 46, 8280);י;נ;ד;א;ו;ל;ב;י;ש;י;ו;ת;פ;ר;ח;ו;ש;ו;ט;י;(15, 12, 15, 27, 8261)
(15, 13, 1, 19, 8300);ב;א;ו;ה;א;ש;נ;ת;ת;ר;ם;י;ר;פ;א;ר;ב;ד;כ;ו;(15, 12, 15, 47, 8281)
(15, 13, 2, 2, 8320);ע;ו;ת;מ;י;ו;ל;ע;ב;ב;ם;ש;א;י;ו;ל;א;ר;ש;י;(15, 13, 1, 20, 8301)
(15, 13, 2, 22, 8340);מ;ם;ה;ל;ו;ש;ע;י;ו;א;ט;ח;ל;ו;פ;ס;ו;י;ה;ת;(15, 13, 2, 3, 8321)
(15, 13, 2, 42, 8360);מ;ם;י;ב;צ;ע;ם;נ;ו;ב;ת;כ;ם;פ;ס;כ;מ;ה;כ;ס;(15, 13, 2, 23, 8341)
(15, 13, 2, 62, 8380);י;ר;מ;א;ם;ה;ם;ה;ל;ה;ל;כ;ם;י;ש;ר;ח;ה;ש;ע;(15, 13, 2, 43, 8361)
(15, 13, 3, 2, 8400);כ;ל;ן;ו;ק;ש;י;ם;י;ל;ג;ע;ם;ד;א;י;ח;ב;ז;ם;(15, 13, 2, 63, 8381)
(15, 13, 3, 22, 8420);י;כ;ש;מ;ל;ט;כ;ו;ר;ק;ב;ן;נ;ע;כ;ו;י;ה;י;ן;(15, 13, 3, 3, 8401)
(15, 13, 3, 42, 8440);ן;ש;ע;כ;ו;ן;ר;ג;מ;ר;ע;ס;י;ץ;מ;כ;ך;ל;ה;ם;(15, 13, 3, 23, 8421)
(15, 13, 4, 15, 8460);מ;ך;י;ה;ל;א;ה;ו;ה;י;י;כ;נ;א;ו;ה;ב;ר;א;מ;(15, 13, 3, 43, 8441)
(15, 13, 4, 35, 8480);ל;י;ת;ל;ו;ז;ם;י;ה;ל;א;ו;ם;י;ר;צ;מ;ץ;ר;א;(15, 13, 4, 16, 8461)
(15, 13, 5, 3, 8500);י;נ;א;י;ת;ל;ב;ן;י;א;ע;י;ש;ו;מ;ו;ע;ד;ת;א;(15, 13, 4, 36, 8481)
(15, 13, 5, 23, 8520);ו;ב;א;ל;ת;ץ;ר;א;ב;ר;ב;ד;מ;ב;ך;י;ת;ע;ד;י;(15, 13, 5, 4, 8501)
(15, 13, 6, 19, 8540);י;ו;ו;ע;ב;ש;ו;ע;ב;ש;י;ו;ם;ת;י;ע;ר;מ;כ;ת;(15, 13, 5, 24, 8521)
(15, 13, 7, 5, 8560);ל;י;ה;א;ו;י;נ;ו;ח;כ;ש;ן;כ;ל;ע;ם;ב;ל;ם;ר;(15, 13, 6, 20, 8541)
(15, 13, 7, 25, 8580);ו;ש;א;ך;ר;ד;ל;ע;ר;מ;נ;כ;ל;ח;ש;ו;מ;כ;ם;ה;(15, 13, 7, 6, 8561)
(15, 13, 8, 19, 8600);ג;ס;ע;ר;ק;א;ו;ל;ו;כ;ש;ב;ד;כ;ם;ש;ג;פ;א;ר;(15, 13, 7, 26, 8581)
(15, 13, 8, 39, 8620);ת;י;ח;א;י;ב;ל;כ;ם;ש;ם;ל;כ;א;ו;ם;ב;ל;ר;ו;(15, 13, 8, 20, 8601)
(15, 13, 9, 11, 8640);י;כ;ל;א;ר;ש;י;ך;ת;ח;ש;ם;ע;ק;ב;ת;ה;ד;ש;ה;(15, 13, 8, 40, 8621)
(15, 13, 10, 13, 8660);י;ו;א;ו;פ;א;ך;כ;ל;מ;י;ה;א;ך;ר;ז;ע;ב;י;ב;(15, 13, 9, 12, 8641)
(15, 13, 10, 33, 8680);ש;א;ך;י;ט;פ;ש;ו;ך;י;ר;ע;ל;כ;ב;ך;ע;י;ש;ו;(15, 13, 10, 14, 8661)
(15, 13, 11, 2, 8700);ת;א;ם;י;ר;ש;ו;ך;ל;מ;י;ל;ה;נ;ת;ת;ר;מ;א;ר;(15, 13, 10, 34, 8681)
(15, 13, 11, 22, 8720);י;ת;ר;ב;ע;ב;ח;ק;א;ו;י;פ;א;ב;ך;ל;מ;ך;ל;ן;(15, 13, 11, 3, 8701)
(15, 13, 12, 20, 8740);א;ט;ח;ה;נ;ו;פ;צ;ם;י;ר;פ;א;ן;ו;ע;ר;ו;ר;צ;(15, 13, 12, 1, 8721)
(15, 13, 13, 18, 8760);א;ו;ה;ו;ל;ו;א;ב;י;ה;ד;ל;ו;י;י;ל;ב;ח;ו;ת;(15, 13, 12, 21, 8741)
(15, 13, 13, 38, 8780);ש;מ;ב;ד;מ;ע;י;א;ל;ת;ע;י;כ;ם;כ;ח;א;ל;ן;ב;(15, 13, 13, 19, 8761)
(15, 13, 14, 14, 8800);ו;מ;מ;ם;ד;פ;א;ל;ו;א;ש;ד;י;מ;ם;י;נ;ב;ר;ב;(15, 13, 13, 39, 8781)
(15, 13, 14, 34, 8820);י;ה;א;ת;ו;מ;ך;י;ר;ב;ד;י;ה;א;ם;ל;א;ג;א;ת;(15, 13, 14, 15, 8801)
(15, 13, 14, 54, 8840);י;נ;י;ע;מ;ר;ת;ס;י;ם;ח;נ;ל;ו;א;ש;ך;ב;ט;ק;(15, 13, 14, 35, 8821)
(15, 13, 15, 20, 8860);ו;ב;י;א;י;ר;פ;י;ם;י;ח;א;ן;י;ב;א;ו;ה;י;כ;(15, 13, 15, 1, 8841)
(15, 13, 15, 40, 8880);ה;ל;ע;ר;ב;ד;מ;מ;ה;ו;ה;י;ח;ו;ר;ם;י;ד;ק;א;(15, 13, 15, 21, 8861)
(15, 13, 15, 60, 8900);ו;נ;י;ע;מ;ב;ר;ח;י;ו;ו;ר;ו;ק;מ;ש;ו;ב;י;ו;(15, 13, 15, 41, 8881)
(15, 13, 15, 80, 8920);ה;ד;מ;ח;י;ל;כ;ל;כ;ר;צ;ו;א;ה;ס;ש;י;א;ו;ה;(15, 13, 15, 61, 8901)
(15, 14, 1, 20, 8940);י;ה;ל;א;ב;ה;ת;ר;מ;י;כ;ן;ו;ר;מ;ש;ם;ש;א;ת;(15, 14, 1, 1, 8921)
(15, 14, 1, 40, 8960);ו;ש;ט;ר;י;ם;ה;י;ל;ל;ע;ו;ל;פ;י;ב;ר;ח;ב;ה;(15, 14, 1, 21, 8941)
(15, 14, 2, 7, 8980);ר;ש;י;ה;ב;ו;ש;ו;ע;ק;ב;י;ו;י;ת;ו;י;ר;ה;ו;(15, 14, 1, 41, 8961)
(15, 14, 2, 27, 9000);ב;ת;ל;ש;כ;י;כ;ך;י;ה;ל;א;ה;ו;ה;י;ד;ע;ל;א;(15, 14, 2, 8, 8981)
(15, 14, 3, 16, 9020);ב;ו;ש;ו;ם;י;ר;ב;ד;ם;כ;מ;ע;ו;ח;ק;ך;נ;ו;ע;(15, 14, 2, 28, 9001)
(15, 14, 3, 36, 9040);א;ש;ת;ל;כ;ו;י;ל;א;ו;ר;מ;א;ה;ו;ה;י;ל;א;ו;(15, 14, 3, 17, 9021)
(15, 14, 3, 56, 9060);ש;ם;י;ר;פ;ה;מ;ל;ש;נ;ו;ב;ו;ט;ח;ק;ו;ן;ו;ע;(15, 14, 3, 37, 9041)
(15, 14, 4, 15, 9080);ל;ע;ו;נ;ע;י;ש;ו;י;א;ל;ר;ו;ש;א;ו;נ;י;ת;פ;(15, 14, 3, 57, 9061)
(15, 14, 4, 35, 9100);א;ד;ו;ע;ר;מ;א;נ;א;ל;ו;ב;כ;ר;נ;א;ל;ס;ו;ס;(15, 14, 4, 16, 9081)
(15, 14, 4, 55, 9120);ך;ב;ר;ש;א;ו;נ;י;ד;י;ה;ש;ע;מ;ל;ו;נ;י;ה;ל;(15, 14, 4, 36, 9101)
(15, 14, 5, 12, 9140);ה;א;ם;ת;ב;ו;ש;מ;א;פ;ר;א;ם;ו;ת;י;ם;ח;ר;י;(15, 14, 4, 56, 9121)
(15, 14, 6, 3, 9160);י;ה;א;ו;נ;מ;מ;י;פ;א;ב;ש;י;כ;ה;ב;ד;נ;ם;ב;(15, 14, 5, 13, 9141)
(15, 14, 6, 23, 9180);ה;נ;ש;ו;ש;כ;ח;ר;פ;י;ל;א;ר;ש;י;ל;ל;ט;כ;ה;(15, 14, 6, 4, 9161)
(15, 14, 7, 6, 9200);נ;י;ו;כ;ל;י;ן;ו;נ;ב;ל;כ;ו;י;ש;ר;ש;ך;י;ו;(15, 14, 6, 24, 9181)
(15, 14, 7, 26, 9220);י;ר;ו;ו;ד;ו;ה;ת;י;ז;כ;י;ה;י;ו;ו;י;ת;ו;ק;(15, 14, 7, 7, 9201)
(15, 14, 8, 11, 9240);ל;צ;ב;י;ב;ש;י;ו;ב;ש;י;ן;ו;נ;ב;ל;כ;ו;ל;ח;(15, 14, 7, 27, 9221)
(15, 14, 8, 31, 9260);כ;ז;ן;פ;ג;כ;ו;ח;ר;פ;י;ו;ן;ג;ד;ו;י;ח;י;ו;(15, 14, 8, 12, 9241)
(15, 14, 9, 9, 9280);י;ל;ה;מ;ם;י;ר;פ;א;ן;ו;נ;ב;ל;ן;י;י;כ;ו;ר;(15, 14, 8, 32, 9261)
(15, 14, 9, 29, 9300);ש;א;ו;י;ת;י;נ;ע;י;נ;א;ם;י;ב;צ;ע;ל;ד;ו;ע;(15, 14, 9, 10, 9281)
(15, 14, 9, 49, 9320);י;נ;מ;מ;ן;נ;ע;ר;ש;ו;ר;ב;כ;י;נ;א;ו;נ;ר;ו;(15, 14, 9, 30, 9301)
(15, 14, 10, 12, 9340);ה;ל;א;ן;ב;י;ו;ם;כ;ח;י;מ;א;צ;מ;נ;ך;י;ר;פ;(15, 14, 9, 50, 9321)
(15, 14, 10, 32, 9360);י;כ;ר;ד;ם;י;ר;ש;י;י;כ;ם;ע;ד;י;ו;ן;ו;ב;נ;(15, 14, 10, 13, 9341)
(15, 14, 10, 52, 9380);ע;ש;פ;ו;ם;ב;ו;כ;ל;י;ם;י;ק;ד;צ;ו;ה;ו;ה;י;(15, 14, 10, 33, 9361)
(15, 14, 10, 61, 9389); ; ; ; ; ; ; ; ; ; ; ;ם;ב;ו;ל;ש;כ;י;ם;י;(15, 14, 10, 53, 9381)
