(31, 1, 1, 20, 20);ה;י;ו;ם;י;ט;פ;ש;ה;ט;פ;ש;י;מ;י;ב;י;ה;י;ו;(31, 1, 1, 1, 1)
(31, 1, 1, 40, 40);ל;ת;י;ב;מ;ש;י;א;ך;ל;י;ו;ץ;ר;א;ב;ב;ע;ר;י;(31, 1, 1, 21, 21)
(31, 1, 1, 60, 60);ה;ב;א;ו;מ;י;ד;ש;ב;ר;ו;ג;ל;ה;ד;ו;ה;י;ם;ח;(31, 1, 1, 41, 41)
(31, 1, 2, 5, 80);א;ה;ם;ש;ו;ו;י;נ;ב;י;נ;ש;ו;ו;ת;ש;א;ו;א;ו;(31, 1, 1, 61, 61)
(31, 1, 2, 25, 100);ו;י;מ;ע;נ;ו;ת;ש;א;ם;ש;ו;ך;ל;מ;י;ל;א;ש;י;(31, 1, 2, 6, 81)
(31, 1, 2, 45, 120);ן;ו;י;ל;כ;ו;ן;ו;ל;ח;מ;ו;י;נ;ב;י;נ;ש;ם;ש;(31, 1, 2, 26, 101)
(31, 1, 2, 65, 140);י;ו;ה;ד;ו;ה;י;ם;ח;ל;ת;י;ב;מ;ם;י;ת;ר;פ;א;(31, 1, 2, 46, 121)
(31, 1, 3, 3, 160);מ;י;ו;ם;ש;ו;י;ה;י;ו;ב;א;ו;מ;י;ד;ש;ו;א;ב;(31, 1, 2, 66, 141)
(31, 1, 3, 23, 180);ה;ר;א;ש;ת;ו;י;מ;ע;נ;ש;י;א;ך;ל;מ;י;ל;א;ת;(31, 1, 3, 4, 161)
(31, 1, 4, 10, 200);ש;נ;ם;ה;ל;ו;א;ש;י;ו;ה;י;נ;ב;י;נ;ש;ו;א;י;(31, 1, 3, 24, 181)
(31, 1, 4, 30, 220);ש;ו;ה;פ;ר;ע;ת;ח;א;ה;ם;ש;ת;ו;י;ב;א;מ;ם;י;(31, 1, 4, 11, 201)
(31, 1, 4, 50, 240);ר;ש;ע;כ;ם;ש;ו;ב;ש;י;ו;ת;ו;ר;ת;י;נ;ש;ה;ם;(31, 1, 4, 31, 221)
(31, 1, 5, 16, 260);ו;ל;ח;מ;ם;ה;י;נ;ש;ם;ג;ו;ת;מ;י;ו;ם;י;נ;ש;(31, 1, 4, 51, 241)
(31, 1, 5, 36, 280);י;נ;ש;מ;ה;ש;א;ה;ר;א;ש;ת;ו;ן;ו;י;ל;כ;ו;ן;(31, 1, 5, 17, 261)
(31, 1, 6, 9, 300);כ;ו;א;י;ה;ם;ק;ת;ו;ה;ש;י;א;מ;ו;ה;י;ד;ל;י;(31, 1, 5, 37, 281)
(31, 1, 6, 29, 320);מ;ש;י;כ;ב;א;ו;מ;י;ד;ש;מ;ב;ש;ת;ו;ה;י;ת;ל;(31, 1, 6, 10, 301)
(31, 1, 6, 49, 340);א;ה;ו;ה;י;ד;ק;פ;י;כ;ב;א;ו;מ;ה;ד;ש;ב;ה;ע;(31, 1, 6, 30, 321)
(31, 1, 7, 7, 360);ה;ן;מ;א;צ;ת;ו;ם;ח;ל;ם;ה;ל;ת;ת;ל;ו;מ;ע;ת;(31, 1, 6, 50, 341)
(31, 1, 7, 27, 380);ל;כ;י;ת;ש;ו;ה;מ;ש;ה;ת;י;ה;ר;ש;א;ם;ו;ק;מ;(31, 1, 7, 8, 361)
(31, 1, 7, 47, 400);ו;ש;ל;ך;ר;ד;ב;ה;נ;כ;ל;ת;ו;ה;מ;ע;ה;י;ת;ו;(31, 1, 7, 28, 381)
(31, 1, 8, 9, 420);י;מ;ע;נ;ר;מ;א;ת;ו;ה;ד;ו;ה;י;ץ;ר;א;ל;א;ב;(31, 1, 7, 48, 401)
(31, 1, 8, 29, 440);ה;ש;א;ה;נ;ב;ש;ה;נ;כ;ל;ה;י;ת;ל;כ;י;ת;ש;ל;(31, 1, 8, 10, 421)
(31, 1, 8, 49, 460);ח;ם;כ;מ;ע;ה;ו;ה;י;ה;ש;ע;י;ה;מ;א;ת;י;ב;ל;(31, 1, 8, 30, 441)
(31, 1, 8, 69, 480);ע;ו;ם;י;ת;מ;ה;ם;ע;ם;ת;י;ש;ע;ר;ש;א;כ;ד;ס;(31, 1, 8, 50, 461)
(31, 1, 9, 17, 500);נ;מ;ן;א;צ;מ;ו;ם;כ;ל;ה;ו;ה;י;ן;ת;י;י;ד;מ;(31, 1, 8, 70, 481)
(31, 1, 9, 37, 520);ן;ה;ל;ק;ש;ת;ו;ה;ש;י;א;ת;י;ב;ה;ש;א;ה;ח;ו;(31, 1, 9, 18, 501)
(31, 1, 10, 3, 540);א;ת;ו;ה;נ;י;כ;ב;ת;ו;ן;ל;ו;ק;ה;נ;א;ש;ת;ו;(31, 1, 9, 38, 521)
(31, 1, 11, 1, 560);ו;ך;מ;ע;ל;ב;ו;ש;נ;ך;ת;א;י;כ;ה;ל;ה;נ;ר;מ;(31, 1, 10, 4, 541)
(31, 1, 11, 21, 580);ת;ה;מ;ל;י;ת;נ;ב;ה;נ;ב;ש;י;מ;ע;נ;ר;מ;א;ת;(31, 1, 11, 2, 561)
(31, 1, 11, 41, 600);ע;מ;ב;ם;י;נ;ב;י;ל;ד;ו;ע;ה;י;מ;ע;ה;נ;כ;ל;(31, 1, 11, 22, 581)
(31, 1, 12, 6, 620);נ;ב;ה;נ;ב;ש;ם;י;ש;נ;א;ל;ם;כ;ל;ו;י;ה;ו;י;(31, 1, 11, 42, 601)
(31, 1, 12, 26, 640);י;א;ל;ת;ו;י;ה;מ;י;ת;נ;ק;ז;י;כ;ן;כ;ל;י;ת;(31, 1, 12, 7, 621)
(31, 1, 12, 46, 660);י;ה;ם;ג;ה;ו;ק;ת;י;ל;ש;י;י;ת;ר;מ;א;י;כ;ש;(31, 1, 12, 27, 641)
(31, 1, 12, 66, 680);י;ת;ד;ל;י;ם;ג;ו;ש;י;א;ל;ה;ל;י;ל;ה;י;ת;י;(31, 1, 12, 47, 661)
(31, 1, 13, 16, 700);י;ר;ש;א;ד;ע;ה;נ;ר;ב;ש;ת;ן;ה;ל;ה;ם;י;נ;ב;(31, 1, 12, 67, 681)
(31, 1, 13, 36, 720);י;ה;י;ת;ל;ב;ל;ה;נ;ג;ע;ת;ן;ה;ל;ה;ו;ל;ד;ג;(31, 1, 13, 17, 701)
(31, 1, 13, 56, 740);א;מ;י;ל;ר;מ;י;כ;י;ת;נ;ב;ל;א;ש;י;א;ל;ת;ו;(31, 1, 13, 37, 721)
(31, 1, 14, 2, 760);ת;ו;ה;ו;ה;י;ד;י;י;ב;ה;א;צ;י;י;כ;ם;כ;מ;ד;(31, 1, 13, 57, 741)
(31, 1, 14, 22, 780);ש;ת;ו;ד;ו;ע;ה;נ;י;כ;ב;ת;ו;ן;ל;ו;ק;ה;נ;ש;(31, 1, 14, 3, 761)
(31, 1, 14, 42, 800);ב;ה;ק;ב;ד;ת;ו;ר;ו;ה;ת;ו;מ;ח;ל;ה;פ;ר;ע;ק;(31, 1, 14, 23, 781)
(31, 1, 15, 19, 820);ע;ל;א;ך;ת;מ;ב;י;ה;ב;ש;ה;נ;ה;ר;מ;א;ת;ו;ה;(31, 1, 14, 43, 801)
(31, 1, 15, 39, 840);ב;י;י;ר;ח;א;י;ב;ו;ש;ה;י;ה;ל;א;ל;א;ו;ה;מ;(31, 1, 15, 20, 821)
(31, 1, 16, 17, 860);י;ב;י;ע;ג;פ;ת;ל;א;ת;ו;ר;ר;מ;א;ת;ו;ך;ת;מ;(31, 1, 15, 40, 841)
(31, 1, 16, 37, 880);א;ל;א;י;כ;ך;י;ר;ח;א;מ;ב;ו;ש;ל;ך;ב;ז;ע;ל;(31, 1, 16, 18, 861)
(31, 1, 16, 57, 900);א;י;נ;י;ל;ת;ר;ש;א;ב;ו;ך;ל;א;י;כ;ל;ת;ר;ש;(31, 1, 16, 38, 881)
(31, 1, 17, 1, 920);ב;י;ה;ל;א;ך;י;ה;ל;א;ו;י;מ;ע;ך;מ;ע;ן;י;ל;(31, 1, 16, 58, 901)
(31, 1, 17, 21, 940);כ;ר;ב;ק;א;ם;ש;ו;ת;ו;מ;א;י;ת;ו;מ;ת;ר;ש;א;(31, 1, 17, 2, 921)
(31, 1, 17, 41, 960);כ;ף;י;ס;ו;י;ה;כ;ו;י;ל;ה;ו;ה;י;ה;ש;ע;י;ה;(31, 1, 17, 22, 941)
(31, 1, 18, 1, 980);ו;ך;נ;י;ב;ו;י;נ;י;ב;ד;י;ר;פ;י;ת;ו;מ;ה;י;(31, 1, 17, 42, 961)
(31, 1, 18, 21, 1000);ת;א;ת;כ;ל;ל;א;י;ה;ת;צ;מ;א;ת;מ;י;כ;א;ר;ת;(31, 1, 18, 2, 981)
(31, 1, 19, 6, 1020);ה;נ;כ;ל;ת;ו;ה;י;ל;א;ר;ב;ד;ל;ל;ד;ח;ת;ו;ה;(31, 1, 18, 22, 1001)
(31, 1, 19, 26, 1040);י;ו;ם;ח;ל;ת;י;ב;ה;נ;א;ו;ב;ד;ע;ם;ה;י;ת;ש;(31, 1, 19, 7, 1021)
(31, 1, 19, 46, 1060);ל;כ;ם;ה;ת;ו;ם;ח;ל;ת;י;ב;ה;נ;א;ו;ב;כ;י;ה;(31, 1, 19, 27, 1041)
(31, 1, 19, 66, 1080);ת;א;ז;ה;ה;נ;ר;מ;א;ת;ו;ן;ה;י;ל;ע;ר;י;ע;ה;(31, 1, 19, 47, 1061)
(31, 1, 20, 16, 1100);א;ר;ק;ת;ל;א;ן;ה;י;ל;א;ר;מ;א;ת;ו;י;מ;ע;נ;(31, 1, 19, 67, 1081)
(31, 1, 20, 36, 1120);ה;י;כ;א;ר;מ;י;ל;ן;א;ר;ק;י;מ;ע;נ;י;ל;ה;נ;(31, 1, 20, 17, 1101)
(31, 1, 21, 10, 1140);כ;ל;ה;ה;א;ל;מ;י;נ;א;ד;א;מ;י;ל;י;ד;ש;ר;מ;(31, 1, 20, 37, 1121)
(31, 1, 21, 30, 1160);ה;מ;ל;ה;ו;ה;י;י;נ;ב;י;ש;ה;ם;ק;י;ר;ו;י;ת;(31, 1, 21, 11, 1141)
(31, 1, 21, 50, 1180);ה;נ;ע;ה;ו;ה;י;ו;י;מ;ע;נ;י;ל;ה;נ;א;ר;ק;ת;(31, 1, 21, 31, 1161)
(31, 1, 22, 9, 1200);ו;י;מ;ע;נ;ב;ש;ת;ו;י;ל;ע;ר;ה;י;ד;ש;ו;י;ב;(31, 1, 21, 51, 1181)
(31, 1, 22, 29, 1220);ב;ש;ה;ה;מ;ע;ה;ת;ל;כ;ה;י;ב;א;ו;מ;ה;ת;ו;ר;(31, 1, 22, 10, 1201)
(31, 1, 22, 49, 1240);ל;ת;י;ב;ו;א;ב;ה;מ;ה;ו;ב;א;ו;מ;י;ד;ש;מ;ה;(31, 1, 22, 30, 1221)
(31, 2, 1, 4, 1260);ע;נ;ל;ו;ם;י;ר;ע;ש;ר;י;צ;ק;ת;ל;ח;ת;ב;ם;ח;(31, 1, 22, 50, 1241)
(31, 2, 1, 24, 1280);י;ח;ר;ו;ב;ג;ש;י;א;ה;ש;י;א;ל;ע;ד;י;מ;י;מ;(31, 2, 1, 5, 1261)
(31, 2, 1, 44, 1300);ז;ע;ב;ו;מ;ש;ו;ך;ל;מ;י;ל;א;ת;ח;פ;ש;מ;מ;ל;(31, 2, 1, 25, 1281)
(31, 2, 2, 20, 1320);מ;ע;נ;ל;א;ה;י;ב;א;ו;מ;ה;ת;ו;ר;ר;מ;א;ת;ו;(31, 2, 2, 1, 1301)
(31, 2, 2, 40, 1340);ב;ש;ב;ה;ט;ק;ל;א;ו;ה;ד;ש;ה;א;נ;ה;כ;ל;א;י;(31, 2, 2, 21, 1321)
(31, 2, 2, 60, 1360);י;נ;י;ע;ב;ן;ח;א;צ;מ;א;ר;ש;א;ר;ח;א;ם;י;ל;(31, 2, 2, 41, 1341)
(31, 2, 3, 6, 1380);ת;ו;ך;ל;ת;ו;י;ת;ב;י;כ;ל;ה;ל;ר;מ;א;ת;ו;ו;(31, 2, 2, 61, 1361)
(31, 2, 3, 26, 1400);ר;צ;ק;ה;י;ר;ח;א;ה;ד;ש;ב;ט;ק;ל;ת;ו;א;ו;ב;(31, 2, 3, 7, 1381)
(31, 2, 3, 46, 1420);ב;ל;ה;ד;ש;ה;ת;ק;ל;ח;ה;ר;ק;מ;ר;ק;י;ו;ם;י;(31, 2, 3, 27, 1401)
(31, 2, 4, 3, 1440);נ;ה;ו;ך;ל;מ;י;ל;א;ת;ח;פ;ש;מ;מ;ר;ש;א;ז;ע;(31, 2, 3, 47, 1421)
(31, 2, 4, 23, 1460);ק;ל;ר;מ;א;י;ו;ם;ח;ל;ת;י;ב;מ;א;ב;ז;ע;ב;ה;(31, 2, 4, 4, 1441)
(31, 2, 4, 43, 1480);ל;ו;ר;מ;א;י;ו;ם;כ;מ;ע;ה;ו;ה;י;ם;י;ר;צ;ו;(31, 2, 4, 24, 1461)
(31, 2, 5, 10, 1500);נ;ל;ז;ע;ב;ר;מ;א;י;ו;ה;ו;ה;י;ך;כ;ר;ב;י;ו;(31, 2, 4, 44, 1481)
(31, 2, 5, 30, 1520);ה;י;מ;ל;ם;י;ר;צ;ו;ק;ה;ל;ע;ב;צ;נ;ה;ו;ר;ע;(31, 2, 5, 11, 1501)
(31, 2, 6, 12, 1540);ב;צ;נ;ה;ר;ע;נ;ה;ן;ע;י;ו;ת;א;ז;ה;ה;ר;ע;נ;(31, 2, 5, 31, 1521)
(31, 2, 6, 32, 1560);ו;מ;ה;ר;ע;נ;ר;מ;א;י;ו;ם;י;ר;צ;ו;ק;ה;ל;ע;(31, 2, 6, 13, 1541)
(31, 2, 6, 52, 1580);ד;ש;מ;י;מ;ע;נ;ם;ע;ה;ב;ש;ה;א;י;ה;ה;י;ב;א;(31, 2, 6, 33, 1561)
(31, 2, 7, 15, 1600);ס;א;ו;א;נ;ה;ט;ק;ל;א;ר;מ;א;ת;ו;ב;א;ו;מ;י;(31, 2, 6, 53, 1581)
(31, 2, 7, 35, 1620);ם;י;ר;צ;ו;ק;ה;י;ר;ח;א;ם;י;ר;מ;ע;ב;י;ת;פ;(31, 2, 7, 16, 1601)
(31, 2, 7, 55, 1640);ע;ו;ר;ק;ב;ה;ז;א;מ;ד;ו;מ;ע;ת;ו;א;ו;ב;ת;ו;(31, 2, 7, 36, 1621)
(31, 2, 8, 3, 1660);א;י;ו;ט;ע;מ;ת;י;ב;ה;ה;ת;ב;ש;ה;ז;ה;ת;ע;ד;(31, 2, 7, 56, 1641)
(31, 2, 8, 23, 1680);ת;ב;ת;ע;מ;ש;א;ו;ל;ה;ת;ו;ר;ל;א;ז;ע;ב;ר;מ;(31, 2, 8, 4, 1661)
(31, 2, 8, 43, 1700);ג;ו;ר;ח;א;ה;ד;ש;ב;ט;ק;ל;ל;י;כ;ל;ת;ל;א;י;(31, 2, 8, 24, 1681)
(31, 2, 8, 63, 1720);י;ק;ב;ד;ת;ה;כ;ו;ה;ז;מ;י;ר;ו;ב;ע;ת;א;ל;ם;(31, 2, 8, 44, 1701)
(31, 2, 9, 12, 1740);ר;ש;א;ה;ד;ש;ב;ך;י;נ;י;ע;י;ת;ר;ע;נ;ם;ע;ן;(31, 2, 8, 64, 1721)
(31, 2, 9, 32, 1760);ו;ל;ה;ן;ה;י;ר;ח;א;ת;כ;ל;ה;ו;ן;ו;ר;צ;ק;י;(31, 2, 9, 13, 1741)
(31, 2, 9, 52, 1780);נ;י;ת;ל;ב;ל;ם;י;ר;ע;נ;ה;ת;א;י;ת;י;ו;צ;א;(31, 2, 9, 33, 1761)
(31, 2, 9, 72, 1800);ו;ם;י;ל;כ;ה;ל;א;ת;כ;ל;ה;ו;ת;מ;צ;ו;ך;ע;ג;(31, 2, 9, 53, 1781)
(31, 2, 9, 92, 1820);ם;י;ר;ע;נ;ה;ן;ו;ב;א;ש;י;ר;ש;א;מ;ת;י;ת;ש;(31, 2, 9, 73, 1801)
(31, 2, 10, 20, 1840);ה;צ;ר;א;ו;ח;ת;ש;ת;ו;ה;י;נ;פ;ל;ע;ל;פ;ת;ו;(31, 2, 10, 1, 1821)
(31, 2, 10, 40, 1860);ן;ח;י;ת;א;צ;מ;ע;ו;ד;מ;ו;י;ל;א;ר;מ;א;ת;ו;(31, 2, 10, 21, 1841)
(31, 2, 10, 60, 1880);כ;נ;י;כ;נ;א;ו;י;נ;ר;י;כ;ה;ל;ך;י;נ;י;ע;ב;(31, 2, 10, 41, 1861)
(31, 2, 11, 17, 1900);ד;ג;ה;ה;ל;ר;מ;א;י;ו;ז;ע;ב;ן;ע;י;ו;ה;י;ר;(31, 2, 10, 61, 1881)
(31, 2, 11, 37, 1920);ת;ו;מ;ח;ת;א;ת;י;ש;ע;ר;ש;א;ל;כ;י;ל;ד;ג;ה;(31, 2, 11, 18, 1901)
(31, 2, 11, 57, 1940);ב;א;י;ב;ז;ע;ת;ו;ך;ש;י;א;ת;ו;מ;י;ר;ח;א;ך;(31, 2, 11, 38, 1921)
(31, 2, 11, 77, 1960);כ;ל;ת;ו;ך;ת;ד;ל;ו;מ;ץ;ר;א;ו;ך;מ;א;ו;ך;י;(31, 2, 11, 58, 1941)
(31, 2, 11, 97, 1980);ל;ש;ל;ו;מ;ת;ת;ע;ד;י;א;ל;ר;ש;א;ם;ע;ל;א;י;(31, 2, 11, 78, 1961)
(31, 2, 12, 17, 2000);מ;י;ה;ת;ו;ך;ל;ע;פ;ה;ו;ה;י;ם;ל;ש;י;ם;ו;ש;(31, 2, 11, 98, 1981)
(31, 2, 12, 37, 2020);י;ה;ל;א;ה;ו;ה;י;ם;ע;מ;ה;מ;ל;ש;ך;ת;ר;כ;ש;(31, 2, 12, 18, 2001)
(31, 2, 12, 57, 2040);כ;ת;ח;ת;ת;ו;ס;ח;ל;ת;א;ב;ר;ש;א;ל;א;ר;ש;י;(31, 2, 12, 38, 2021)
(31, 2, 13, 16, 2060);י;נ;י;ע;ב;ן;ח;א;צ;מ;א;ר;מ;א;ת;ו;ו;י;פ;נ;(31, 2, 12, 58, 2041)
(31, 2, 13, 36, 2080);ת;ר;ב;ד;י;כ;ו;י;נ;ת;מ;ח;נ;י;כ;י;נ;ד;א;ך;(31, 2, 13, 17, 2061)
(31, 2, 13, 56, 2100);ה;י;ה;א;א;ל;י;כ;נ;א;ו;ך;ת;ח;פ;ש;ב;ל;ל;ע;(31, 2, 13, 37, 2081)
(31, 2, 14, 10, 2120);ז;ע;ב;ה;ל;ר;מ;א;י;ו;ך;י;ת;ח;פ;ש;ת;ח;א;כ;(31, 2, 13, 57, 2101)
(31, 2, 14, 30, 2140);ן;מ;ת;ל;כ;א;ו;ם;ל;ה;י;ש;ג;ל;כ;א;ה;ת;ע;ל;(31, 2, 14, 11, 2121)
(31, 2, 14, 50, 2160);ב;ש;ת;ו;ץ;מ;ח;ב;ך;ת;פ;ת;ל;ב;ט;ו;ם;ח;ל;ה;(31, 2, 14, 31, 2141)
(31, 2, 14, 70, 2180);ו;י;ל;ק;ה;ל;ט;ב;צ;י;ו;ם;י;ר;צ;ק;ה;ד;צ;מ;(31, 2, 14, 51, 2161)
(31, 2, 15, 7, 2200);ק;ל;ל;ם;ק;ת;ו;ר;ת;ת;ו;ע;ב;ש;ת;ו;ל;כ;א;ת;(31, 2, 14, 71, 2181)
(31, 2, 15, 27, 2220);ג;ר;מ;א;ל;ו;י;ר;ע;נ;ת;א;ז;ע;ב;ו;צ;י;ו;ט;(31, 2, 15, 8, 2201)
(31, 2, 15, 47, 2240);ל;כ;ת;א;ל;ו;ט;ק;ל;ת;ם;י;ר;מ;ע;ה;ן;י;ב;ם;(31, 2, 15, 28, 2221)
(31, 2, 16, 16, 2260);ב;צ;ה;ן;מ;ה;ל;ו;ל;ש;ת;ל;ש;ם;ג;ו;ה;ו;מ;י;(31, 2, 15, 48, 2241)
(31, 2, 16, 36, 2280);ע;ג;ת;א;ל;ו;ה;ט;ק;ל;ו;ם;ת;ב;ז;ע;ו;ם;י;ת;(31, 2, 16, 17, 2261)
(31, 2, 17, 16, 2300);ו;ב;ר;ע;ה;ד;ע;ה;ד;ש;ב;ט;ק;ל;ת;ו;ה;ב;ו;ר;(31, 2, 16, 37, 2281)
(31, 2, 17, 36, 2320);י;א;כ;י;ה;י;ו;ה;ט;ק;ל;ר;ש;א;ת;א;ט;ב;ח;ת;(31, 2, 17, 17, 2301)
(31, 2, 18, 13, 2340);ר;י;ע;ה;א;ו;ב;ת;ו;א;ש;ת;ו;ם;י;ר;ע;ש;ה;פ;(31, 2, 17, 37, 2321)
(31, 2, 18, 33, 2360);ת;ו;ה;ט;ק;ל;ר;ש;א;ת;א;ה;ת;ו;מ;ח;א;ר;ת;ו;(31, 2, 18, 14, 2341)
(31, 2, 18, 53, 2380);מ;ה;ר;ת;ו;ה;ר;ש;א;ת;א;ה;ל;ן;ת;ת;ו;א;צ;ו;(31, 2, 18, 34, 2361)
(31, 2, 19, 16, 2400);ה;פ;י;א;ה;ת;ו;מ;ח;ה;ל;ר;מ;א;ת;ו;ה;ע;ב;ש;(31, 2, 18, 54, 2381)
(31, 2, 19, 36, 2420);מ;י;ה;י;ת;י;ש;ע;ה;נ;א;ו;ם;ו;י;ה;ת;ט;ק;ל;(31, 2, 19, 17, 2401)
(31, 2, 19, 56, 2440);ת;א;ה;ת;ו;מ;ח;ל;ד;ג;ת;ו;ך;ו;ר;ב;ך;ר;י;כ;(31, 2, 19, 37, 2421)
(31, 2, 19, 76, 2460);י;א;ה;ם;ש;ר;מ;א;ת;ו;ו;מ;ע;ה;ת;ש;ע;ר;ש;א;(31, 2, 19, 57, 2441)
(31, 2, 20, 1, 2480);ו;ז;ע;ב;ם;ו;י;ה;ו;מ;ע;י;ת;י;ש;ע;ר;ש;א;ש;(31, 2, 19, 77, 2461)
(31, 2, 20, 21, 2500);א;ו;ה;ך;ו;ר;ב;ה;ת;ל;כ;ל;י;מ;ע;נ;ר;מ;א;ת;(31, 2, 20, 2, 2481)
(31, 2, 20, 41, 2520);ה;ת;א;ו;ד;ס;ח;ב;ז;ע;א;ל;ר;ש;א;ה;ו;ה;י;ל;(31, 2, 20, 22, 2501)
(31, 2, 20, 61, 2540);נ;ה;ל;ר;מ;א;ת;ו;ם;י;ת;מ;ה;ת;א;ו;ם;י;י;ח;(31, 2, 20, 42, 2521)
(31, 2, 20, 81, 2560);ו;נ;ל;א;ג;מ;ש;י;א;ה;ו;נ;ל;ב;ו;ר;ק;י;מ;ע;(31, 2, 20, 62, 2541)
(31, 2, 21, 17, 2580);ם;ג;ה;י;ב;א;ו;מ;ה;ת;ו;ר;ר;מ;א;ת;ו;א;ו;ה;(31, 2, 20, 82, 2561)
(31, 2, 21, 37, 2600);ל;ר;ש;א;ם;י;ר;ע;נ;ה;ם;ע;י;ל;א;ר;מ;א;י;כ;(31, 2, 21, 18, 2581)
(31, 2, 21, 57, 2620);ק;ה;ל;כ;ת;א;ו;ל;כ;ם;א;ד;ע;ן;י;ק;ב;ד;ת;י;(31, 2, 21, 38, 2601)
(31, 2, 22, 12, 2640);ר;ל;א;י;מ;ע;נ;ר;מ;א;ת;ו;י;ל;ר;ש;א;ר;י;צ;(31, 2, 21, 58, 2621)
(31, 2, 22, 32, 2660);ם;ע;י;א;צ;ת;י;כ;י;ת;ב;ב;ו;ט;ה;ת;ל;כ;ת;ו;(31, 2, 22, 13, 2641)
(31, 2, 22, 52, 2680);ד;ש;ב;ך;ב;ו;ע;ג;פ;י;א;ל;ו;ו;י;ת;ו;ר;ע;נ;(31, 2, 22, 33, 2661)
(31, 2, 23, 16, 2700);ל;ל;ז;ע;ב;ת;ו;ר;ע;נ;ב;ק;ב;ד;ת;ו;ר;ח;א;ה;(31, 2, 22, 53, 2681)
(31, 2, 23, 36, 2720);ק;ו;ם;י;ר;ע;ש;ה;ר;י;צ;ק;ת;ו;ל;כ;ד;ע;ט;ק;(31, 2, 23, 17, 2701)
(31, 3, 1, 1, 2740);ו;ה;ת;ו;מ;ח;ת;א;ב;ש;ת;ו;ם;י;ט;ח;ה;ר;י;צ;(31, 2, 23, 37, 2721)
(31, 3, 1, 21, 2760);ל;ה;י;ת;ב;ה;ת;ו;מ;ח;י;מ;ע;נ;ה;ל;ר;מ;א;ת;(31, 3, 1, 2, 2741)
(31, 3, 1, 41, 2780);ך;ל;ב;ט;י;י;ר;ש;א;ח;ו;נ;מ;ך;ל;ש;ק;ב;א;א;(31, 3, 1, 22, 2761)
(31, 3, 2, 20, 2800);ה;ר;ש;א;ו;נ;ת;ע;ד;מ;ז;ע;ב;א;ל;ה;ה;ת;ע;ו;(31, 3, 2, 1, 2781)
(31, 3, 2, 40, 2820);ר;ז;א;ו;ה;ה;נ;ה;ו;י;ת;ו;ר;ע;נ;ת;א;ת;י;י;(31, 3, 2, 21, 2801)
(31, 3, 3, 3, 2840);ח;ר;ו;ה;ל;י;ל;ה;ם;י;ר;ע;ש;ה;ן;ר;ג;ת;א;ה;(31, 3, 2, 41, 2821)
(31, 3, 3, 23, 2860);ו;ך;י;ל;ע;ך;ת;ל;מ;ש;ת;מ;ש;ו;ת;כ;ס;ו;ת;צ;(31, 3, 3, 4, 2841)
(31, 3, 3, 43, 2880);ש;י;א;ל;י;ע;ד;ו;ת;ל;א;ן;ר;ג;ה;י;ת;ד;ר;י;(31, 3, 3, 24, 2861)
(31, 3, 4, 4, 2900);י;ה;י;ו;ת;ו;ת;ש;ל;ו;ל;כ;א;ל;ו;ת;ל;כ;ד;ע;(31, 3, 3, 44, 2881)
(31, 3, 4, 24, 2920);ר;ש;א;ם;ו;ק;מ;ה;ת;א;ת;ע;ד;י;ו;ו;ב;כ;ש;ב;(31, 3, 4, 5, 2901)
(31, 3, 4, 44, 2940);ת;ל;ג;ר;מ;ת;י;ל;ג;ו;ת;א;ב;ו;ם;ש;ב;כ;ש;י;(31, 3, 4, 25, 2921)
(31, 3, 4, 64, 2960);ת;א;ך;ל;ד;י;ג;י;א;ו;ה;ו;י;ת;ב;כ;ש;ו;ו;י;(31, 3, 4, 45, 2941)
(31, 3, 5, 12, 2980);א;ל;כ;ה;י;ל;א;ר;מ;א;ת;ו;ן;י;ש;ע;ת;ר;ש;א;(31, 3, 4, 65, 2961)
(31, 3, 6, 9, 3000);ו;ן;ר;ג;ה;ד;ר;ת;ו;ה;ש;ע;א;י;ר;מ;א;ת;ר;ש;(31, 3, 5, 13, 2981)
(31, 3, 7, 2, 3020);י;ו;ה;ת;ו;מ;ח;ה;ת;ו;צ;ר;ש;א;ל;כ;כ;ש;ע;ת;(31, 3, 6, 10, 3001)
(31, 3, 7, 22, 3040);י;ו;ו;ב;ל;ב;ט;י;י;ו;ת;ש;י;ו;ז;ע;ב;ל;כ;א;(31, 3, 7, 3, 3021)
(31, 3, 7, 42, 3060);ב;א;ב;ת;ו;ה;מ;ר;ע;ה;ה;צ;ק;ב;ב;כ;ש;ל;א;ב;(31, 3, 7, 23, 3041)
(31, 3, 8, 2, 3080);י;ו;ב;כ;ש;ת;ו;ו;י;ת;ל;ג;ר;מ;ל;ג;ת;ו;ט;ל;(31, 3, 7, 43, 3061)
(31, 3, 8, 22, 3100);ש;י;א;ה;ד;ר;ח;י;ו;ה;ל;י;ל;ה;י;צ;ח;ב;י;ה;(31, 3, 8, 3, 3081)
(31, 3, 8, 42, 3120);ל;ג;ר;מ;ת;ב;כ;ש;ה;ש;א;ה;נ;ה;ו;ת;פ;ל;י;ו;(31, 3, 8, 23, 3101)
(31, 3, 9, 17, 3140);כ;נ;א;ר;מ;א;ת;ו;ת;א;י;מ;ר;מ;א;י;ו;ו;י;ת;(31, 3, 8, 43, 3121)
(31, 3, 9, 37, 3160);א;ל;ע;ך;פ;נ;כ;ת;ש;ר;פ;ו;ך;ת;מ;א;ת;ו;ר;י;(31, 3, 9, 18, 3141)
(31, 3, 10, 9, 3180);כ;ו;ר;ב;ר;מ;א;י;ו;ה;ת;א;ל;א;ג;י;כ;ך;ת;מ;(31, 3, 9, 38, 3161)
(31, 3, 10, 29, 3200);ך;ד;ס;ח;ת;ב;ט;י;ה;י;ת;ב;ה;ו;ה;י;ל;ת;א;ה;(31, 3, 10, 10, 3181)
(31, 3, 10, 49, 3220);ל;י;ת;ל;ב;ל;ן;ו;ש;א;ר;ה;ן;מ;ן;ו;ר;ח;א;ה;(31, 3, 10, 30, 3201)
(31, 3, 10, 69, 3240);ם;א;ו;ל;ד;ם;א;ם;י;ר;ו;ח;ב;ה;י;ר;ח;א;ת;כ;(31, 3, 10, 50, 3221)
(31, 3, 11, 16, 3260);ל;כ;י;א;ר;י;ת;ל;א;י;ת;ב;ה;ת;ע;ו;ר;י;ש;ע;(31, 3, 10, 70, 3241)
(31, 3, 11, 36, 3280);ע;ד;ו;י;י;כ;ך;ל;ה;ש;ע;א;י;ר;מ;א;ת;ר;ש;א;(31, 3, 11, 17, 3261)
(31, 3, 12, 2, 3300);ע;ו;ת;א;ל;י;ח;ת;ש;א;י;כ;י;מ;ע;ר;ע;ש;ל;כ;(31, 3, 11, 37, 3281)
(31, 3, 12, 22, 3320);ו;י;כ;נ;א;ל;א;ג;ם;א;י;כ;ם;נ;מ;א;י;כ;ה;ת;(31, 3, 12, 3, 3301)
(31, 3, 13, 5, 3340);ה;י;נ;י;ל;י;נ;מ;מ;ב;ו;ר;ק;ל;א;ג;ש;י;ם;ג;(31, 3, 12, 23, 3321)
(31, 3, 13, 25, 3360);ט;ך;ל;א;ג;י;ם;א;ר;ק;ב;ב;ה;י;ה;ו;ה;ל;י;ל;(31, 3, 13, 6, 3341)
(31, 3, 13, 45, 3380);ך;ל;א;ג;ל;ץ;פ;ח;י;א;ל;ם;א;ו;ל;א;ג;י;ב;ו;(31, 3, 13, 26, 3361)
(31, 3, 13, 65, 3400);ב;כ;ש;ה;ו;ה;י;י;ח;י;כ;נ;א;ך;י;ת;ל;א;ג;ו;(31, 3, 13, 46, 3381)
(31, 3, 14, 13, 3420);ע;ו;ת;ו;ל;ג;ר;מ;ב;כ;ש;ת;ו;ר;ק;ב;ה;ד;ע;י;(31, 3, 13, 66, 3401)
(31, 3, 14, 33, 3440);י;א;ר;י;כ;י;ם;ו;ר;ט;ב;ם;ק;ת;ו;ר;ק;ב;ה;ד;(31, 3, 14, 14, 3421)
(31, 3, 14, 53, 3460);י;כ;ע;ד;ו;י;ל;א;ר;מ;א;י;ו;ו;ה;ע;ר;ת;א;ש;(31, 3, 14, 34, 3441)
(31, 3, 15, 9, 3480);ה;י;ב;ה;ר;מ;א;י;ו;ן;ר;ג;ה;ה;ש;א;ה;ה;א;ב;(31, 3, 14, 54, 3461)
(31, 3, 15, 29, 3500);ו;ה;ב;י;ז;ח;א;ו;ך;י;ל;ע;ר;ש;א;ת;ח;פ;ט;מ;(31, 3, 15, 10, 3481)
(31, 3, 15, 49, 3520);ש;י;ו;ם;י;ר;ע;ש;ש;ש;ד;מ;י;ו;ה;ב;ז;ח;א;ת;(31, 3, 15, 30, 3501)
(31, 3, 16, 7, 3540);ל;א;א;ו;ב;ת;ו;ר;י;ע;ה;א;ב;י;ו;ה;י;ל;ע;ת;(31, 3, 15, 50, 3521)
(31, 3, 16, 27, 3560);ג;ת;ו;י;ת;ב;ת;א;י;מ;ר;מ;א;ת;ו;ה;ת;ו;מ;ח;(31, 3, 16, 8, 3541)
(31, 3, 17, 1, 3580);ו;ש;י;א;ה;ה;ל;ה;ש;ע;ר;ש;א;ל;כ;ת;א;ה;ל;ד;(31, 3, 16, 28, 3561)
(31, 3, 17, 21, 3600);ל;ן;ת;נ;ה;ל;א;ה;ם;י;ר;ע;ש;ה;ש;ש;ר;מ;א;ת;(31, 3, 17, 2, 3581)
(31, 3, 17, 41, 3620);ח;ל;א;ם;ק;י;ר;י;א;ו;ב;ת;ל;א;ר;מ;א;י;כ;י;(31, 3, 17, 22, 3601)
(31, 3, 18, 16, 3640);ר;ש;א;ד;ע;י;ת;ב;י;ב;ש;ר;מ;א;ת;ו;ך;ת;ו;מ;(31, 3, 17, 42, 3621)
(31, 3, 18, 36, 3660);ש;י;א;ל;י;כ;ר;ב;ד;ל;פ;י;ך;י;א;ן;י;ע;ד;ת;(31, 3, 18, 17, 3641)
(31, 3, 18, 56, 3680);ו;י;ה;ר;ב;ד;ה;ה;ל;כ;ם;א;י;כ;ש;י;א;ה;ט;ק;(31, 3, 18, 37, 3661)
(31, 4, 1, 19, 3700);ה;ו;ם;ש;ב;ש;י;ו;ר;ע;ש;ה;ה;ל;ע;ז;ע;ב;ו;ם;(31, 3, 18, 57, 3681)
(31, 4, 1, 39, 3720);י;ו;ז;ע;ב;ר;ב;ד;ר;ש;א;ר;ב;ע;ל;א;ג;ה;ה;נ;(31, 4, 1, 20, 3701)
(31, 4, 1, 59, 3740);נ;מ;ל;א;י;נ;ל;פ;ה;פ;ה;ב;ש;ה;ר;ו;ס;ר;מ;א;(31, 4, 1, 40, 3721)
(31, 4, 2, 11, 3760);ש;נ;א;ה;ר;ש;ע;ח;ק;י;ו;ב;ש;י;ו;ר;ס;י;ו;י;(31, 4, 1, 60, 3741)
(31, 4, 2, 31, 3780);פ;ו;ב;ש;ר;מ;א;י;ו;ר;י;ע;ה;י;נ;ק;ז;מ;ם;י;(31, 4, 2, 12, 3761)
(31, 4, 3, 14, 3800);ה;ת;ק;ל;ח;ל;א;ג;ל;ר;מ;א;י;ו;ו;ב;ש;י;ו;ה;(31, 4, 2, 32, 3781)
(31, 4, 3, 34, 3820);מ;ך;ל;מ;י;ל;א;ל;ו;נ;י;ח;א;ל;ר;ש;א;ה;ד;ש;(31, 4, 3, 15, 3801)
(31, 4, 4, 1, 3840);ו;ב;א;ו;מ;ה;ד;ש;מ;ה;ב;ש;ה;י;מ;ע;נ;ה;ר;כ;(31, 4, 3, 35, 3821)
(31, 4, 4, 21, 3860);ר;מ;א;ל;ך;נ;ז;א;ה;ל;ג;א;י;ת;ר;מ;א;י;נ;א;(31, 4, 4, 2, 3841)
(31, 4, 4, 41, 3880);י;נ;ק;ז;ד;ג;נ;ו;ם;י;ב;ש;י;ה;ד;ג;נ;ה;נ;ק;(31, 4, 4, 22, 3861)
(31, 4, 4, 61, 3900);א;ג;י;א;ל;ם;א;ו;ל;א;ג;ל;א;ג;ת;ם;א;י;מ;ע;(31, 4, 4, 42, 3881)
(31, 4, 4, 81, 3920);ל;ו;ז;ן;י;א;י;כ;ע;ד;א;ו;י;ל;ה;ד;י;ג;ה;ל;(31, 4, 4, 62, 3901)
(31, 4, 4, 101, 3940);א;י;ו;ך;י;ר;ח;א;י;כ;נ;א;ו;ל;ו;א;ג;ל;ך;ת;(31, 4, 4, 82, 3921)
(31, 4, 5, 10, 3960);י;ב;ז;ע;ב;ר;מ;א;י;ו;ל;א;ג;א;י;כ;נ;א;ר;מ;(31, 4, 4, 102, 3941)
(31, 4, 5, 30, 3980);מ;ו;י;מ;ע;נ;ד;י;מ;ה;ד;ש;ה;ך;ת;ו;נ;ק;ם;ו;(31, 4, 5, 11, 3961)
(31, 4, 5, 50, 4000);נ;ק;ת;מ;ה;ת;ש;א;ה;י;ב;א;ו;מ;ה;ת;ו;ר;ת;א;(31, 4, 5, 31, 3981)
(31, 4, 5, 70, 4020);ו;ת;ל;ח;נ;ל;ע;ת;מ;ה;ם;ש;ם;י;ק;ה;ל;י;ת;י;(31, 4, 5, 51, 4001)
(31, 4, 6, 20, 4040);ל;ו;א;ג;ל;ל;כ;ו;א;א;ל;ל;א;ג;ה;ר;מ;א;י;ו;(31, 4, 6, 1, 4021)
(31, 4, 6, 40, 4060);ל;ל;א;ג;י;ת;ל;ח;נ;ת;א;ת;י;ח;ש;א;ן;פ;י;ל;(31, 4, 6, 21, 4041)
(31, 4, 6, 60, 4080);ל;ל;כ;ו;א;א;ל;י;כ;י;ת;ל;א;ג;ת;א;ה;ת;א;ך;(31, 4, 6, 41, 4061)
(31, 4, 7, 17, 4100);ל;ע;ל;א;ר;ש;י;ב;ם;י;נ;פ;ל;ת;א;ז;ו;ל;א;ג;(31, 4, 6, 61, 4081)
(31, 4, 7, 37, 4120);ל;כ;ם;י;ק;ל;ה;ר;ו;מ;ת;ה;ל;ע;ו;ה;ל;א;ג;ה;(31, 4, 7, 18, 4101)
(31, 4, 7, 57, 4140);ע;ר;ל;ן;ת;נ;ו;ו;ל;ע;נ;ש;י;א;ף;ל;ש;ר;ב;ד;(31, 4, 7, 38, 4121)
(31, 4, 8, 2, 4160);י;ו;ל;א;ר;ש;י;ב;ה;ד;ו;ע;ת;ה;ת;א;ז;ו;ו;ה;(31, 4, 7, 58, 4141)
(31, 4, 8, 22, 4180);ל;ש;י;ו;ך;ל;ה;נ;ק;ז;ע;ב;ל;ל;א;ג;ה;ר;מ;א;(31, 4, 8, 3, 4161)
(31, 4, 9, 15, 4200);ו;ם;י;נ;ק;ז;ל;ז;ע;ב;ר;מ;א;י;ו;ו;ל;ע;נ;ף;(31, 4, 8, 23, 4181)
(31, 4, 9, 35, 4220);נ;ק;י;כ;ם;ו;י;ה;ם;ת;א;ם;י;ד;ע;ם;ע;ה;ל;כ;(31, 4, 9, 16, 4201)
(31, 4, 9, 55, 4240);ת;א;ו;ך;ל;מ;י;ל;א;ל;ר;ש;א;ל;כ;ת;א;י;ת;י;(31, 4, 9, 36, 4221)
(31, 4, 9, 75, 4260);ד;י;מ;ן;ו;ל;ח;מ;ו;ן;ו;י;ל;כ;ל;ר;ש;א;ל;כ;(31, 4, 9, 56, 4241)
(31, 4, 10, 16, 4280);ש;א;ה;י;ב;א;מ;ה;ת;ו;ר;ת;א;ם;ג;ו;י;מ;ע;נ;(31, 4, 9, 76, 4261)
(31, 4, 10, 36, 4300);ק;ה;ל;ה;ש;א;ל;י;ל;י;ת;י;נ;ק;ן;ו;ל;ח;מ;ת;(31, 4, 10, 17, 4281)
(31, 4, 10, 56, 4320);ר;כ;י;א;ל;ו;ו;ת;ל;ח;נ;ל;ע;ת;מ;ה;ם;ש;ם;י;(31, 4, 10, 37, 4301)
(31, 4, 10, 76, 4340);ק;מ;ר;ע;ש;מ;ו;ו;י;ח;א;ם;ע;מ;ת;מ;ה;ם;ש;ת;(31, 4, 10, 57, 4321)
(31, 4, 11, 6, 4360);ו;ר;מ;א;י;ו;ם;ו;י;ה;ם;ת;א;ם;י;ד;ע;ו;מ;ו;(31, 4, 10, 77, 4341)
(31, 4, 11, 26, 4380);ע;ם;י;נ;ק;ז;ה;ו;ר;ע;ש;ב;ר;ש;א;ם;ע;ה;ל;כ;(31, 4, 11, 7, 4361)
(31, 4, 11, 46, 4400);ה;א;ב;ה;ה;ש;א;ה;ת;א;ה;ו;ה;י;ן;ת;י;ם;י;ד;(31, 4, 11, 27, 4381)
(31, 4, 11, 66, 4420);נ;ב;ר;ש;א;ה;א;ל;כ;ו;ל;ח;ר;כ;ך;ת;י;ב;ל;א;(31, 4, 11, 47, 4401)
(31, 4, 11, 86, 4440);ה;ש;ע;ו;ל;א;ר;ש;י;ת;י;ב;ת;א;ם;ה;י;ת;ש;ו;(31, 4, 11, 67, 4421)
(31, 4, 11, 106, 4460);ל;ת;י;ב;ב;ם;ש;א;ר;ק;ו;ה;ת;ר;פ;א;ב;ל;י;ח;(31, 4, 11, 87, 4441)
(31, 4, 12, 18, 4480);ר;ש;א;ץ;ר;פ;ת;י;ב;כ;ך;ת;י;ב;י;ה;י;ו;ם;ח;(31, 4, 11, 107, 4461)
(31, 4, 12, 38, 4500);א;ע;ר;ז;ה;ן;מ;ה;ד;ו;ה;י;ל;ר;מ;ת;ה;ד;ל;י;(31, 4, 12, 19, 4481)
(31, 4, 12, 58, 4520);ז;ה;ה;ר;ע;נ;ה;ן;מ;ך;ל;ה;ו;ה;י;ן;ת;י;ר;ש;(31, 4, 12, 39, 4501)
(31, 4, 13, 18, 4540);ו;ל;י;ה;ת;ו;ת;ו;ר;ת;א;ז;ע;ב;ח;ק;י;ו;ת;א;(31, 4, 12, 59, 4521)
(31, 4, 13, 38, 4560);ה;ו;ה;י;ן;ת;י;ו;ה;י;ל;א;א;ב;י;ו;ה;ש;א;ל;(31, 4, 13, 19, 4541)
(31, 4, 14, 7, 4580);ה;נ;ר;מ;א;ת;ו;ן;ב;ד;ל;ת;ו;ן;ו;י;ר;ה;ה;ל;(31, 4, 13, 39, 4561)
(31, 4, 14, 27, 4600);א;ה;ו;ה;י;ך;ו;ר;ב;י;מ;ע;נ;ל;א;ם;י;ש;נ;ה;(31, 4, 14, 8, 4581)
(31, 4, 14, 47, 4620);י;ו;ם;ו;י;ה;ל;א;ג;ך;ל;ת;י;ב;ש;ה;א;ל;ר;ש;(31, 4, 14, 28, 4601)
(31, 4, 15, 8, 4640);מ;ל;ך;ל;ה;י;ה;ו;ל;א;ר;ש;י;ב;ו;מ;ש;א;ר;ק;(31, 4, 14, 48, 4621)
(31, 4, 15, 28, 4660);כ;ך;ת;ב;י;ש;ת;א;ל;כ;ל;כ;ל;ו;ש;פ;נ;ב;י;ש;(31, 4, 15, 9, 4641)
(31, 4, 15, 48, 4680);ש;א;ו;ת;ד;ל;י;ך;ת;ב;ה;א;ר;ש;א;ך;ת;ל;כ;י;(31, 4, 15, 29, 4661)
(31, 4, 16, 1, 4700);ו;ם;י;נ;ב;ה;ע;ב;ש;מ;ך;ל;ה;ב;ו;ט;א;י;ה;ר;(31, 4, 15, 49, 4681)
(31, 4, 16, 21, 4720);ב;ו;ה;ת;ש;ת;ו;ד;ל;י;ה;ת;א;י;מ;ע;נ;ח;ק;ת;(31, 4, 16, 2, 4701)
(31, 4, 17, 5, 4740);א;ר;ק;ת;ו;ת;נ;מ;א;ל;ו;ל;י;ה;ת;ו;ה;ק;י;ח;(31, 4, 16, 22, 4721)
(31, 4, 17, 25, 4760);ב;ד;ל;י;ר;מ;א;ל;ם;ש;ת;ו;נ;כ;ש;ה;ו;ל;ה;נ;(31, 4, 17, 6, 4741)
(31, 4, 17, 45, 4780);ד;ב;ו;ע;ו;מ;ש;ה;נ;א;ר;ק;ת;ו;י;מ;ע;נ;ל;ן;(31, 4, 17, 26, 4761)
(31, 4, 18, 5, 4800);ת;ה;ל;א;ו;ד;ו;ד;י;ב;א;י;ש;י;י;ב;א;א;ו;ה;(31, 4, 17, 46, 4781)
(31, 4, 18, 25, 4820);צ;ח;ת;א;ד;י;ל;ו;ה;ץ;ר;פ;ץ;ר;פ;ת;ו;ד;ל;ו;(31, 4, 18, 6, 4801)
(31, 4, 19, 17, 4840);ר;ו;ם;ר;ת;א;ד;י;ל;ו;ה;ן;ו;ר;צ;ח;ו;ן;ו;ר;(31, 4, 18, 26, 4821)
(31, 4, 20, 6, 4860);ד;נ;י;מ;ע;ו;ב;ד;נ;י;מ;ע;ת;א;ד;י;ל;ו;ה;ם;(31, 4, 19, 18, 4841)
(31, 4, 20, 26, 4880);ה;ן;ו;ש;ח;נ;ו;ן;ו;ש;ח;נ;ת;א;ד;י;ל;ו;ה;ב;(31, 4, 20, 7, 4861)
(31, 4, 21, 10, 4900);י;ל;ו;ה;ן;ו;מ;ל;ש;ו;ה;מ;ל;ש;ת;א;ד;י;ל;ו;(31, 4, 20, 27, 4881)
(31, 4, 21, 30, 4920);ב;ו;ע;ת;א;ד;י;ל;ו;ה;ז;ע;ב;ו;ז;ע;ב;ת;א;ד;(31, 4, 21, 11, 4901)
(31, 4, 22, 19, 4940);ה;י;ש;י;ו;י;ש;י;ת;א;ד;י;ל;ו;ה;ד;ב;ע;ו;ד;(31, 4, 21, 31, 4921)
(31, 4, 22, 28, 4949); ; ; ; ; ; ; ; ; ; ; ;ד;ו;ד;ת;א;ד;י;ל;ו;(31, 4, 22, 20, 4941)
