(33, 1, 1, 20, 20);ו;ר;י;ב;ך;ל;מ;ד;ו;ד;ן;ב;ת;ל;ה;ק;י;ר;ב;ד;(33, 1, 1, 1, 1)
(33, 1, 2, 17, 40);ב;ה;ת;ל;ה;ק;ר;מ;א;ם;י;ל;ב;ה;ל;ב;ה;ם;ל;ש;(33, 1, 1, 21, 21)
(33, 1, 3, 8, 60);ל;ן;ו;ר;ת;י;ה;מ;ל;ב;ה;ל;כ;ה;ם;י;ל;ב;ה;ל;(33, 1, 2, 18, 41)
(33, 1, 3, 28, 80);ש;ה;ת;ח;ת;ל;מ;ע;י;ש;ו;ל;מ;ע;ל;כ;ב;ם;ד;א;(33, 1, 3, 9, 61)
(33, 1, 4, 18, 100);ל;ץ;ר;א;ה;ו;א;ב;ר;ו;ד;ו;ך;ל;ה;ר;ו;ד;ש;מ;(33, 1, 3, 29, 81)
(33, 1, 5, 12, 120);ה;א;ב;ו;ש;מ;ש;ה;ח;ר;ז;ו;ת;ד;מ;ע;ם;ל;ו;ע;(33, 1, 4, 19, 101)
(33, 1, 5, 32, 140);ה;ח;ר;ו;ז;ף;א;ו;ש;ו;מ;ו;ק;מ;ל;א;ו;ש;מ;ש;(33, 1, 5, 13, 121)
(33, 1, 6, 16, 160);א;ב;ב;ו;ס;ו;ם;ו;ר;ד;ל;א;ך;ל;ו;ה;ם;ש;א;ו;(33, 1, 5, 33, 141)
(33, 1, 6, 36, 180);ח;ו;ר;ה;ך;ל;ו;ה;ב;ב;ס;ב;ב;ו;ס;ן;ו;פ;צ;ל;(33, 1, 6, 17, 161)
(33, 1, 7, 4, 200);נ;ה;ל;כ;ח;ו;ר;ה;ב;ש;ו;י;ת;ב;י;ב;ס;ל;ע;ו;(33, 1, 6, 37, 181)
(33, 1, 7, 24, 220);י;א;ם;י;ה;ו;ם;י;ה;ל;א;ם;י;כ;ל;ה;ם;י;ל;ח;(33, 1, 7, 5, 201)
(33, 1, 7, 44, 240);ה;ם;י;ל;ח;נ;ה;ש;ם;ו;ק;מ;ל;א;א;ל;מ;ו;נ;נ;(33, 1, 7, 25, 221)
(33, 1, 8, 4, 260);ד;ה;ל;כ;ת;כ;ל;ל;ם;י;ב;ש;ם;ה;ם;ש;ם;י;כ;ל;(33, 1, 7, 45, 241)
(33, 1, 8, 24, 280);ד;ל;ש;י;א;ל;כ;ו;י;א;ל;ם;י;ע;ג;י;ם;י;ר;ב;(33, 1, 8, 5, 261)
(33, 1, 8, 44, 300);ת;א;ל;ו;ת;ו;א;ר;ל;ן;י;ע;ע;ב;ש;ת;א;ל;ר;ב;(33, 1, 8, 25, 281)
(33, 1, 9, 10, 320);ש;א;ו;ה;ה;י;ה;ש;ה;מ;ע;מ;ש;מ;ן;ז;א;א;ל;מ;(33, 1, 8, 45, 301)
(33, 1, 9, 30, 340);ה;ש;ע;י;ש;א;ו;ה;ה;ש;ע;נ;ש;ה;מ;ו;ה;י;ה;י;(33, 1, 9, 11, 321)
(33, 1, 10, 4, 360);ב;ד;ש;י;ש;מ;ש;ה;ת;ח;ת;ש;ד;ח;ל;כ;ן;י;א;ו;(33, 1, 9, 31, 341)
(33, 1, 10, 24, 380);ר;ב;כ;א;ו;ה;ש;ד;ח;ה;ז;ה;א;ר;ר;מ;א;י;ש;ר;(33, 1, 10, 5, 361)
(33, 1, 10, 44, 400);נ;נ;פ;ל;מ;ה;י;ה;ר;ש;א;ם;י;מ;ל;ע;ל;ה;י;ה;(33, 1, 10, 25, 381)
(33, 1, 11, 19, 420);ל;ם;ג;ו;ם;י;נ;ש;א;ר;ל;ן;ו;ר;כ;ז;ן;י;א;ו;(33, 1, 10, 45, 401)
(33, 1, 11, 39, 440);ם;ה;ל;ה;י;ה;י;א;ל;ו;י;ה;י;ש;ם;י;נ;ר;ח;א;(33, 1, 11, 20, 421)
(33, 1, 12, 2, 460);נ;א;ה;נ;ר;ח;א;ל;ו;י;ה;י;ש;ם;ע;ן;ו;ר;כ;ז;(33, 1, 11, 40, 441)
(33, 1, 12, 22, 480);ל;א;ר;ש;י;ל;ע;ך;ל;מ;י;ת;י;י;ה;ת;ל;ה;ק;י;(33, 1, 12, 3, 461)
(33, 1, 13, 13, 500);ר;ד;ל;י;ב;ל;ת;א;י;ת;ת;נ;ו;ם;ל;ש;ו;ר;י;ב;(33, 1, 12, 23, 481)
(33, 1, 13, 33, 520);נ;ר;ש;א;ל;כ;ל;ע;ה;מ;כ;ח;ב;ר;ו;ת;ל;ו;ש;ו;(33, 1, 13, 14, 501)
(33, 1, 13, 53, 540);ע;ר;ן;י;נ;ע;א;ו;ה;ם;י;מ;ש;ה;ת;ח;ת;ה;ש;ע;(33, 1, 13, 34, 521)
(33, 1, 13, 73, 560);ו;נ;ע;ל;ם;ד;א;ה;י;נ;ב;ל;ם;י;ה;ל;א;ן;ת;נ;(33, 1, 13, 54, 541)
(33, 1, 14, 17, 580);נ;ש;ם;י;ש;ע;מ;ה;ל;כ;ת;א;י;ת;י;א;ר;ו;ב;ת;(33, 1, 13, 74, 561)
(33, 1, 14, 37, 600);ל;ב;ה;ל;כ;ה;ה;נ;ה;ו;ש;מ;ש;ה;ת;ח;ת;ו;ש;ע;(33, 1, 14, 18, 581)
(33, 1, 15, 12, 620);ת;ל;ל;כ;ו;י;א;ל;ת;ו;ע;מ;ח;ו;ר;ת;ו;ע;ר;ו;(33, 1, 14, 38, 601)
(33, 1, 15, 32, 640);ת;ו;נ;מ;ה;ל;ל;כ;ו;י;א;ל;ן;ו;ר;ס;ח;ו;ן;ק;(33, 1, 15, 13, 621)
(33, 1, 16, 20, 660);י;נ;א;ר;מ;א;ל;י;ב;ל;ם;ע;י;נ;א;י;ת;ר;ב;ד;(33, 1, 16, 1, 641)
(33, 1, 16, 40, 680);ה;מ;כ;ח;י;ת;פ;ס;ו;ה;ו;י;ת;ל;ד;ג;ה;ה;נ;ה;(33, 1, 16, 21, 661)
(33, 1, 16, 60, 700);ש;ו;ר;י;ל;ע;י;נ;פ;ל;ה;י;ה;ר;ש;א;ל;כ;ל;ע;(33, 1, 16, 41, 681)
(33, 1, 16, 80, 720);ע;ד;ו;ה;מ;כ;ח;ה;ב;ר;ה;ה;א;ר;י;ב;ל;ו;ם;ל;(33, 1, 16, 61, 701)
(33, 1, 17, 19, 740);ע;ד;ו;ה;מ;כ;ח;ת;ע;ד;ל;י;ב;ל;ה;נ;ת;א;ו;ת;(33, 1, 16, 81, 721)
(33, 1, 17, 39, 760);ם;ג;ש;י;ת;ע;ד;י;ת;ו;ל;כ;ש;ו;ת;ל;ל;ו;ה;ת;(33, 1, 17, 20, 741)
(33, 1, 18, 7, 780);כ;ח;ב;ר;ב;י;כ;ח;ו;ר;ן;ו;י;ע;ר;א;ו;ה;ה;ז;(33, 1, 17, 40, 761)
(33, 1, 18, 27, 800);י;ס;ו;י;ת;ע;ד;ף;י;ס;ו;י;ו;ס;ע;כ;ב;ר;ה;מ;(33, 1, 18, 8, 781)
(33, 2, 1, 14, 820);כ;ל;י;ב;ל;ב;י;נ;א;י;ת;ר;מ;א;ב;ו;א;כ;מ;ף;(33, 1, 18, 28, 801)
(33, 2, 1, 34, 840);ו;ט;ב;ה;א;ר;ו;ה;ח;מ;ש;ב;ה;כ;ס;נ;א;א;נ;ה;(33, 2, 1, 15, 821)
(33, 2, 2, 7, 860);מ;א;ק;ו;ח;ש;ל;ל;ב;ה;א;ו;ה;ם;ג;ה;נ;ה;ו;ב;(33, 2, 1, 35, 841)
(33, 2, 2, 27, 880);ש;ע;ה;ז;ה;מ;ה;ח;מ;ש;ל;ו;ל;ל;ו;ה;מ;י;ת;ר;(33, 2, 2, 8, 861)
(33, 2, 3, 19, 900);ת;א;ן;י;י;ב;ך;ו;ש;מ;ל;י;ב;ל;ב;י;ת;ר;ת;ה;(33, 2, 2, 28, 881)
(33, 2, 3, 39, 920);ח;א;ל;ו;ה;מ;כ;ח;ב;ג;ה;נ;י;ב;ל;ו;י;ר;ש;ב;(33, 2, 3, 20, 901)
(33, 2, 3, 59, 940);ה;ז;י;א;ה;א;ר;א;ר;ש;א;ד;ע;ת;ו;ל;כ;ס;ב;ז;(33, 2, 3, 40, 921)
(33, 2, 3, 79, 960);ח;ת;ו;ש;ע;י;ר;ש;א;ם;ד;א;ה;י;נ;ב;ל;ב;ו;ט;(33, 2, 3, 60, 941)
(33, 2, 4, 2, 980);ג;ה;ם;ה;י;י;ח;י;מ;י;ר;פ;ס;מ;ם;י;מ;ש;ה;ת;(33, 2, 3, 80, 961)
(33, 2, 4, 22, 1000);נ;ם;י;ת;ב;י;ל;י;ת;י;נ;ב;י;ש;ע;מ;י;ת;ל;ד;(33, 2, 4, 3, 981)
(33, 2, 5, 9, 1020);נ;ג;י;ל;י;ת;י;ש;ע;ם;י;מ;ר;כ;י;ל;י;ת;ע;ט;(33, 2, 4, 23, 1001)
(33, 2, 5, 29, 1040);ץ;ע;ם;ה;ב;י;ת;ע;ט;נ;ו;ם;י;ס;ד;ר;פ;ו;ת;ו;(33, 2, 5, 10, 1021)
(33, 2, 6, 15, 1060);ם;י;מ;ת;ו;כ;ר;ב;י;ל;י;ת;י;ש;ע;י;ר;פ;ל;כ;(33, 2, 5, 30, 1041)
(33, 2, 6, 35, 1080);ם;י;צ;ע;ח;מ;ו;צ;ר;ע;י;ם;ה;מ;ת;ו;ק;ש;ה;ל;(33, 2, 6, 16, 1061)
(33, 2, 7, 20, 1100);י;נ;ב;ו;ת;ו;ח;פ;ש;ו;ם;י;ד;ב;ע;י;ת;י;נ;ק;(33, 2, 7, 1, 1081)
(33, 2, 7, 40, 1120);א;צ;ו;ר;ק;ב;ה;נ;ק;מ;ם;ג;י;ל;ה;י;ה;ת;י;ב;(33, 2, 7, 21, 1101)
(33, 2, 7, 60, 1140);נ;פ;ל;ו;י;ה;ש;ל;כ;מ;י;ל;ה;י;ה;ה;ב;ר;ה;ן;(33, 2, 7, 41, 1121)
(33, 2, 8, 12, 1160);ף;ס;כ;ם;ג;י;ל;י;ת;ס;נ;כ;ם;ל;ש;ו;ר;י;ב;י;(33, 2, 7, 61, 1141)
(33, 2, 8, 32, 1180);נ;י;ד;מ;ה;ו;ם;י;כ;ל;מ;ת;ל;ג;ס;ו;ב;ה;ז;ו;(33, 2, 8, 13, 1161)
(33, 2, 8, 52, 1200);ת;ו;ת;ו;ר;ש;ו;ם;י;ר;ש;י;ל;י;ת;י;ש;ע;ת;ו;(33, 2, 8, 33, 1181)
(33, 2, 8, 72, 1220);ת;ו;ד;ש;ו;ה;ד;ש;ם;ד;א;ה;י;נ;ב;ת;ו;ג;נ;ע;(33, 2, 8, 53, 1201)
(33, 2, 9, 20, 1240);ה;י;ה;ש;ל;כ;מ;י;ת;פ;ס;ו;ה;ו;י;ת;ל;ד;ג;ו;(33, 2, 9, 1, 1221)
(33, 2, 9, 40, 1260);מ;ע;י;ת;מ;כ;ח;ף;א;ם;ל;ש;ו;ר;י;ב;י;נ;פ;ל;(33, 2, 9, 21, 1241)
(33, 2, 10, 16, 1280);א;ל;י;נ;י;ע;ו;ל;א;ש;ר;ש;א;ל;כ;ו;י;ל;ה;ד;(33, 2, 9, 41, 1261)
(33, 2, 10, 36, 1300);י;ב;ל;ת;א;י;ת;ע;נ;מ;א;ל;ם;ה;מ;י;ת;ל;צ;א;(33, 2, 10, 17, 1281)
(33, 2, 10, 56, 1320);מ;ע;ל;כ;מ;ח;מ;ש;י;ב;ל;י;כ;ה;ח;מ;ש;ל;כ;מ;(33, 2, 10, 37, 1301)
(33, 2, 11, 1, 1340);ו;י;ל;מ;ע;ל;כ;מ;י;ק;ל;ח;ה;י;ה;ה;ז;ו;י;ל;(33, 2, 10, 57, 1321)
(33, 2, 11, 21, 1360);י;ו;ש;ע;ש;י;ש;ע;מ;ל;כ;ב;י;נ;א;י;ת;י;נ;פ;(33, 2, 11, 2, 1341)
(33, 2, 11, 41, 1380);ה;ו;ת;ו;ש;ע;ל;י;ת;ל;מ;ע;ש;ל;מ;ע;ב;ו;י;ד;(33, 2, 11, 22, 1361)
(33, 2, 11, 61, 1400);ן;י;א;ו;ח;ו;ר;ת;ו;ע;ר;ו;ל;ב;ה;ל;כ;ה;ה;נ;(33, 2, 11, 42, 1381)
(33, 2, 12, 8, 1420);נ;א;י;ת;י;נ;פ;ו;ש;מ;ש;ה;ת;ח;ת;ן;ו;ר;ת;י;(33, 2, 11, 62, 1401)
(33, 2, 12, 28, 1440);כ;ס;ו;ת;ו;ל;ל;ו;ה;ו;ה;מ;כ;ח;ת;ו;א;ר;ל;י;(33, 2, 12, 9, 1421)
(33, 2, 12, 48, 1460);י;ר;ח;א;א;ו;ב;י;ש;ם;ד;א;ה;ה;מ;י;כ;ת;ו;ל;(33, 2, 12, 29, 1441)
(33, 2, 13, 3, 1480);א;ר;ו;ו;ה;ו;ש;ע;ר;ב;כ;ר;ש;א;ת;א;ך;ל;מ;ה;(33, 2, 12, 49, 1461)
(33, 2, 13, 23, 1500);מ;ה;מ;כ;ח;ל;ן;ו;ר;ת;י;ש;י;ש;י;נ;א;י;ת;י;(33, 2, 13, 4, 1481)
(33, 2, 13, 43, 1520);ה;ן;מ;ר;ו;א;ה;ן;ו;ר;ת;י;כ;ת;ו;ל;כ;ס;ה;ן;(33, 2, 13, 24, 1501)
(33, 2, 14, 17, 1540);כ;ה;ו;ו;ש;א;ר;ב;ו;י;נ;י;ע;ם;כ;ח;ה;ך;ש;ח;(33, 2, 13, 44, 1521)
(33, 2, 14, 37, 1560);א;ם;ג;י;ת;ע;ד;י;ו;ך;ל;ו;ה;ך;ש;ח;ב;ל;י;ס;(33, 2, 14, 18, 1541)
(33, 2, 15, 1, 1580);ו;ם;ל;כ;ת;א;ה;ר;ק;י;ד;ח;א;ה;ר;ק;מ;ש;י;נ;(33, 2, 14, 38, 1561)
(33, 2, 15, 21, 1600);ס;כ;ה;ה;ר;ק;מ;כ;י;ב;ל;ב;י;נ;א;י;ת;ר;מ;א;(33, 2, 15, 2, 1581)
(33, 2, 15, 41, 1620);ת;מ;כ;ח;ה;מ;ל;ו;י;נ;ר;ק;י;י;נ;א;ם;ג;ל;י;(33, 2, 15, 22, 1601)
(33, 2, 15, 61, 1640);ש;י;ב;ל;ב;י;ת;ר;ב;ד;ו;ר;ת;י;ז;א;י;נ;א;י;(33, 2, 15, 42, 1621)
(33, 2, 16, 13, 1660);כ;ח;ל;ן;ו;ר;כ;ז;ן;י;א;י;כ;ל;ב;ה;ה;ז;ם;ג;(33, 2, 15, 62, 1641)
(33, 2, 16, 33, 1680);י;ה;ר;ב;כ;ש;ב;ם;ל;ו;ע;ל;ל;י;ס;כ;ה;ם;ע;ם;(33, 2, 16, 14, 1661)
(33, 2, 16, 53, 1700);י;ך;י;א;ו;ח;כ;ש;נ;ל;כ;ה;ם;י;א;ב;ה;ם;י;מ;(33, 2, 16, 34, 1681)
(33, 2, 17, 6, 1720);י;ת;א;נ;ש;ו;ל;י;ס;כ;ה;ם;ע;ם;כ;ח;ה;ת;ו;מ;(33, 2, 16, 54, 1701)
(33, 2, 17, 26, 1740);ש;ה;ש;ע;מ;ה;י;ל;ע;ע;ר;י;כ;ם;י;י;ח;ה;ת;א;(33, 2, 17, 7, 1721)
(33, 2, 17, 46, 1760);ו;ל;ב;ה;ל;כ;ה;י;כ;ש;מ;ש;ה;ת;ח;ת;ה;ש;ע;נ;(33, 2, 17, 27, 1741)
(33, 2, 18, 13, 1780);ל;כ;ת;א;י;נ;א;י;ת;א;נ;ש;ו;ח;ו;ר;ת;ו;ע;ר;(33, 2, 17, 47, 1761)
(33, 2, 18, 33, 1800);א;ש;ש;מ;ש;ה;ת;ח;ת;ל;מ;ע;י;נ;א;ש;י;ל;מ;ע;(33, 2, 18, 14, 1781)
(33, 2, 19, 2, 1820);מ;ו;י;ר;ח;א;ה;י;ה;י;ש;ם;ד;א;ל;ו;נ;ח;י;נ;(33, 2, 18, 34, 1801)
(33, 2, 19, 22, 1840);י;ו;ל;כ;ס;ו;א;ה;י;ה;י;ם;כ;ח;ה;ע;ד;ו;י;י;(33, 2, 19, 3, 1821)
(33, 2, 19, 42, 1860);כ;ח;ש;ו;י;ת;ל;מ;ע;ש;י;ל;מ;ע;ל;כ;ב;ט;ל;ש;(33, 2, 19, 23, 1841)
(33, 2, 20, 3, 1880);ב;ס;ו;ל;ב;ה;ה;ז;ם;ג;ש;מ;ש;ה;ת;ח;ת;י;ת;מ;(33, 2, 19, 43, 1861)
(33, 2, 20, 23, 1900);ה;ל;כ;ל;ע;י;ב;ל;ת;א;ש;א;י;ל;י;נ;א;י;ת;ו;(33, 2, 20, 4, 1881)
(33, 2, 21, 4, 1920);ש;י;י;כ;ש;מ;ש;ה;ת;ח;ת;י;ת;ל;מ;ע;ש;ל;מ;ע;(33, 2, 20, 24, 1901)
(33, 2, 21, 24, 1940);ב;ו;ת;ע;ד;ב;ו;ה;מ;כ;ח;ב;ו;ל;מ;ע;ש;ם;ד;א;(33, 2, 21, 5, 1921)
(33, 2, 21, 44, 1960);ת;י;ו;ב;ל;מ;ע;א;ל;ש;ם;ד;א;ל;ו;ן;ו;ר;ש;כ;(33, 2, 21, 25, 1941)
(33, 2, 21, 64, 1980);ב;ר;ה;ע;ר;ו;ל;ב;ה;ה;ז;ם;ג;ו;ק;ל;ח;ו;נ;נ;(33, 2, 21, 45, 1961)
(33, 2, 22, 19, 2000);ו;ו;ל;מ;ע;ל;כ;ב;ם;ד;א;ל;ה;ו;ה;ה;מ;י;כ;ה;(33, 2, 21, 65, 1981)
(33, 2, 22, 39, 2020);ה;ת;ח;ת;ל;מ;ע;א;ו;ה;ש;ו;ב;ל;ן;ו;י;ע;ר;ב;(33, 2, 22, 20, 2001)
(33, 2, 23, 17, 2040);ע;כ;ו;ם;י;ב;א;כ;מ;ו;י;מ;י;ל;כ;י;כ;ש;מ;ש;(33, 2, 22, 40, 2021)
(33, 2, 23, 37, 2060);ב;ל;ב;כ;ש;א;ל;ה;ל;י;ל;ב;ם;ג;ו;נ;י;נ;ע;ס;(33, 2, 23, 18, 2041)
(33, 2, 24, 9, 2080);ד;א;ב;ב;ו;ט;ן;י;א;א;ו;ה;ל;ב;ה;ה;ז;ם;ג;ו;(33, 2, 23, 38, 2061)
(33, 2, 24, 29, 2100);ש;פ;נ;ת;א;ה;א;ר;ה;ו;ה;ת;ש;ו;ל;כ;א;י;ש;ם;(33, 2, 24, 10, 2081)
(33, 2, 24, 49, 2120);נ;א;י;ת;י;א;ר;ה;ז;ם;ג;ו;ל;מ;ע;ב;ב;ו;ט;ו;(33, 2, 24, 30, 2101)
(33, 2, 25, 5, 2140);י;י;מ;י;כ;א;י;ה;ם;י;ה;ל;א;ה;ד;י;מ;י;כ;י;(33, 2, 24, 50, 2121)
(33, 2, 26, 3, 2160);ל;י;כ;י;נ;מ;מ;ץ;ו;ח;ש;ו;ח;י;י;מ;ו;ל;כ;א;(33, 2, 25, 6, 2141)
(33, 2, 26, 23, 2180);ו;ה;מ;כ;ח;ן;ת;נ;ו;י;נ;פ;ל;ב;ו;ט;ש;ם;ד;א;(33, 2, 26, 4, 2161)
(33, 2, 26, 43, 2200);י;נ;ע;ן;ת;נ;א;ט;ו;ח;ל;ו;ה;ח;מ;ש;ו;ת;ע;ד;(33, 2, 26, 24, 2181)
(33, 2, 26, 63, 2220);פ;ל;ב;ו;ט;ל;ת;ת;ל;ס;ו;נ;כ;ל;ו;ף;ס;א;ל;ן;(33, 2, 26, 44, 2201)
(33, 2, 26, 83, 2240);ת;ו;ע;ר;ו;ל;ב;ה;ה;ז;ם;ג;ם;י;ה;ל;א;ה;י;נ;(33, 2, 26, 64, 2221)
(33, 3, 1, 17, 2260);ח;ת;ץ;פ;ח;ל;כ;ל;ת;ע;ו;ן;מ;ז;ל;כ;ל;ח;ו;ר;(33, 2, 26, 84, 2241)
(33, 3, 2, 14, 2280);ע;ת;ו;מ;ל;ת;ע;ו;ת;ד;ל;ל;ת;ע;ם;י;מ;ש;ה;ת;(33, 3, 1, 18, 2261)
(33, 3, 3, 3, 2300);ל;ת;ע;ע;ו;ט;נ;ר;ו;ק;ע;ל;ת;ע;ו;ת;ע;ט;ל;ת;(33, 3, 2, 15, 2281)
(33, 3, 3, 23, 2320);ו;ץ;ו;ר;פ;ל;ת;ע;א;ו;פ;ר;ל;ת;ע;ו;ג;ו;ר;ה;(33, 3, 3, 4, 2301)
(33, 3, 4, 13, 2340);ח;ש;ל;ת;ע;ו;ת;ו;כ;ב;ל;ת;ע;ת;ו;נ;ב;ל;ת;ע;(33, 3, 3, 24, 2321)
(33, 3, 5, 5, 2360);ש;ה;ל;ת;ע;ד;ו;ק;ר;ת;ע;ו;ד;ו;פ;ס;ת;ע;ק;ו;(33, 3, 4, 14, 2341)
(33, 3, 5, 25, 2380);ם;י;נ;ב;א;ס;ו;נ;כ;ת;ע;ו;ם;י;נ;ב;א;ך;י;ל;(33, 3, 5, 6, 2361)
(33, 3, 6, 2, 2400);ת;ע;ק;ב;ח;מ;ק;ח;ר;ל;ת;ע;ו;ק;ו;ב;ח;ל;ת;ע;(33, 3, 5, 26, 2381)
(33, 3, 6, 22, 2420);ע;ו;ר;ו;מ;ש;ל;ת;ע;ד;ב;א;ל;ת;ע;ו;ש;ק;ב;ל;(33, 3, 6, 3, 2401)
(33, 3, 7, 13, 2440);פ;ת;ל;ת;ע;ו;ע;ו;ר;ק;ל;ת;ע;ך;י;ל;ש;ה;ל;ת;(33, 3, 6, 23, 2421)
(33, 3, 8, 4, 2460);א;ל;ת;ע;ר;ב;ד;ל;ת;ע;ו;ת;ו;ש;ח;ל;ת;ע;ר;ו;(33, 3, 7, 14, 2441)
(33, 3, 8, 24, 2480);ש;ת;ע;ו;ה;מ;ח;ל;מ;ת;ע;א;נ;ש;ל;ת;ע;ו;ב;ה;(33, 3, 8, 5, 2461)
(33, 3, 9, 17, 2500);ה;ר;ש;א;ב;ה;ש;ו;ע;ה;ן;ו;ר;ת;י;ה;מ;ם;ו;ל;(33, 3, 8, 25, 2481)
(33, 3, 10, 15, 2520);ר;ש;א;ן;י;נ;ע;ה;ת;א;י;ת;י;א;ר;ל;מ;ע;א;ו;(33, 3, 9, 18, 2501)
(33, 3, 10, 35, 2540);ו;נ;ע;ל;ם;ד;א;ה;י;נ;ב;ל;ם;י;ה;ל;א;ן;ת;נ;(33, 3, 10, 16, 2521)
(33, 3, 11, 17, 2560);ם;ג;ו;ת;ע;ב;ה;פ;י;ה;ש;ע;ל;כ;ה;ת;א;ו;ב;ת;(33, 3, 10, 36, 2541)
(33, 3, 11, 37, 2580);ר;ש;א;י;ל;ב;מ;ם;ב;ל;ב;ן;ת;נ;ם;ל;ע;ה;ת;א;(33, 3, 11, 18, 2561)
(33, 3, 11, 57, 2600);ר;ש;א;ה;ש;ע;מ;ה;ת;א;ם;ד;א;ה;א;צ;מ;י;א;ל;(33, 3, 11, 38, 2581)
(33, 3, 12, 1, 2620);י;ף;ו;ס;ד;ע;ו;ש;א;ר;מ;ם;י;ה;ל;א;ה;ה;ש;ע;(33, 3, 11, 58, 2601)
(33, 3, 12, 21, 2640);ש;ל;ם;א;י;כ;ם;ב;ב;ו;ט;ן;י;א;י;כ;י;ת;ע;ד;(33, 3, 12, 2, 2621)
(33, 3, 13, 3, 2660);ם;ג;ו;ו;י;י;ח;ב;ב;ו;ט;ת;ו;ש;ע;ל;ו;ח;ו;מ;(33, 3, 12, 22, 2641)
(33, 3, 13, 23, 2680);ט;ה;א;ר;ו;ה;ת;ש;ו;ל;כ;א;י;ש;ם;ד;א;ה;ל;כ;(33, 3, 13, 4, 2661)
(33, 3, 13, 43, 2700);א;י;ה;ם;י;ה;ל;א;ת;ת;מ;ו;ל;מ;ע;ל;כ;ב;ב;ו;(33, 3, 13, 24, 2681)
(33, 3, 14, 20, 2720);ה;ל;א;ה;ה;ש;ע;י;ר;ש;א;ל;כ;י;כ;י;ת;ע;ד;י;(33, 3, 14, 1, 2701)
(33, 3, 14, 40, 2740);י;א;ו;י;ל;ע;ם;ל;ו;ע;ל;ה;י;ה;י;א;ו;ה;ם;י;(33, 3, 14, 21, 2721)
(33, 3, 14, 60, 2760);ו;ע;ר;ג;ל;ן;י;א;ו;נ;מ;מ;ו;ף;י;ס;ו;ה;ל;ן;(33, 3, 14, 41, 2741)
(33, 3, 14, 80, 2780);ו;י;נ;פ;ל;מ;ו;א;ר;י;ש;ה;ש;ע;ם;י;ה;ל;א;ה;(33, 3, 14, 61, 2761)
(33, 3, 15, 20, 2800);ו;י;ה;ל;ר;ש;א;ו;א;ו;ה;ר;ב;כ;ה;י;ה;ש;ה;מ;(33, 3, 15, 1, 2781)
(33, 3, 15, 40, 2820);ת;א;ש;ק;ב;י;ם;י;ה;ל;א;ה;ו;ה;י;ה;ר;ב;כ;ת;(33, 3, 15, 21, 2801)
(33, 3, 16, 16, 2840);ש;מ;ש;ה;ת;ח;ת;י;ת;י;א;ר;ד;ו;ע;ו;ף;ד;ר;נ;(33, 3, 15, 41, 2821)
(33, 3, 16, 36, 2860);ו;ק;מ;ו;ע;ש;ר;ה;ה;מ;ש;ט;פ;ש;מ;ה;ם;ו;ק;מ;(33, 3, 16, 17, 2841)
(33, 3, 17, 8, 2880);י;נ;א;י;ת;ר;מ;א;ע;ש;ר;ה;ה;מ;ש;ק;ד;צ;ה;ם;(33, 3, 16, 37, 2861)
(33, 3, 17, 28, 2900);ש;י;ע;ש;ר;ה;ת;א;ו;ק;י;ד;צ;ה;ת;א;י;ב;ל;ב;(33, 3, 17, 9, 2881)
(33, 3, 17, 48, 2920);ע;ו;ץ;פ;ח;ל;כ;ל;ת;ע;י;כ;ם;י;ה;ל;א;ה;ט;פ;(33, 3, 17, 29, 2901)
(33, 3, 18, 10, 2940);ל;ב;י;נ;א;י;ת;ר;מ;א;ם;ש;ה;ש;ע;מ;ה;ל;כ;ל;(33, 3, 17, 49, 2921)
(33, 3, 18, 30, 2960);ה;ם;ר;ב;ל;ם;ד;א;ה;י;נ;ב;ת;ר;ב;ד;ל;ע;י;ב;(33, 3, 18, 11, 2941)
(33, 3, 18, 50, 2980);מ;ה;ה;מ;ה;ב;ם;ה;ש;ת;ו;א;ר;ל;ו;ם;י;ה;ל;א;(33, 3, 18, 31, 2961)
(33, 3, 19, 16, 3000);ק;מ;ו;ם;ד;א;ה;י;נ;ב;ה;ר;ק;מ;י;כ;ם;ה;ל;ה;(33, 3, 18, 51, 2981)
(33, 3, 19, 36, 3020);מ;כ;ם;ה;ל;ד;ח;א;ה;ר;ק;מ;ו;ה;מ;ה;ב;ה;ה;ר;(33, 3, 19, 17, 3001)
(33, 3, 19, 56, 3040);כ;ל;ד;ח;א;ח;ו;ר;ו;ה;ז;ת;ו;מ;ן;כ;ה;ז;ת;ו;(33, 3, 19, 37, 3021)
(33, 3, 19, 76, 3060);ן;י;א;ה;מ;ה;ב;ה;ן;מ;ם;ד;א;ה;ר;ת;ו;מ;ו;ל;(33, 3, 19, 57, 3041)
(33, 3, 20, 12, 3080);ו;ק;מ;ל;א;ך;ל;ו;ה;ל;כ;ה;ל;ב;ה;ל;כ;ה;י;כ;(33, 3, 19, 77, 3061)
(33, 3, 20, 32, 3100);ל;כ;ה;ו;ר;פ;ע;ה;ן;מ;ה;י;ה;ל;כ;ה;ד;ח;א;ם;(33, 3, 20, 13, 3081)
(33, 3, 21, 12, 3120);י;נ;ב;ח;ו;ר;ע;ד;ו;י;י;מ;ר;פ;ע;ה;ל;א;ב;ש;(33, 3, 20, 33, 3101)
(33, 3, 21, 32, 3140);ח;ו;ר;ו;ה;ל;ע;מ;ל;א;י;ה;ה;ל;ע;ה;ם;ד;א;ה;(33, 3, 21, 13, 3121)
(33, 3, 21, 52, 3160);ר;א;ל;ה;ט;מ;ל;א;י;ה;ת;ד;ר;י;ה;ה;מ;ה;ב;ה;(33, 3, 21, 33, 3141)
(33, 3, 22, 19, 3180);י;ר;ש;א;מ;ב;ו;ט;ן;י;א;י;כ;י;ת;י;א;ר;ו;ץ;(33, 3, 21, 53, 3161)
(33, 3, 22, 39, 3200);ל;ח;א;ו;ה;י;כ;ו;י;ש;ע;מ;ב;ם;ד;א;ה;ח;מ;ש;(33, 3, 22, 20, 3181)
(33, 3, 22, 59, 3220);ה;מ;ב;ת;ו;א;ר;ל;ו;נ;א;י;ב;י;י;מ;י;כ;ו;ק;(33, 3, 22, 40, 3201)
(33, 4, 1, 10, 3240);א;ו;י;נ;א;י;ת;ב;ש;ו;ו;י;ר;ח;א;ה;י;ה;י;ש;(33, 3, 22, 60, 3221)
(33, 4, 1, 30, 3260);י;ש;ע;נ;ר;ש;א;ם;י;ק;ש;ע;ה;ל;כ;ת;א;ה;א;ר;(33, 4, 1, 11, 3241)
(33, 4, 1, 50, 3280);ק;ש;ע;ה;ת;ע;מ;ד;ה;נ;ה;ו;ש;מ;ש;ה;ת;ח;ת;ם;(33, 4, 1, 31, 3261)
(33, 4, 1, 70, 3300);ק;ש;ע;ד;י;מ;ו;ם;ח;נ;מ;ם;ה;ל;ן;י;א;ו;ם;י;(33, 4, 1, 51, 3281)
(33, 4, 2, 4, 3320);ח;ב;ש;ו;ם;ח;נ;מ;ם;ה;ל;ן;י;א;ו;ח;כ;ם;ה;י;(33, 4, 1, 71, 3301)
(33, 4, 2, 24, 3340);ה;ן;מ;ו;ת;מ;ר;ב;כ;ש;ם;י;ת;מ;ה;ת;א;י;נ;א;(33, 4, 2, 5, 3321)
(33, 4, 3, 2, 3360);ט;ו;ה;נ;ד;ע;ם;י;י;ח;ה;מ;ה;ר;ש;א;ם;י;י;ח;(33, 4, 2, 25, 3341)
(33, 4, 3, 22, 3380);י;ה;א;ל;ן;ד;ע;ר;ש;א;ת;א;ם;ה;י;נ;ש;מ;ב;ו;(33, 4, 3, 3, 3361)
(33, 4, 3, 42, 3400);א;ע;ר;ה;ה;ש;ע;מ;ה;ת;א;ה;א;ר;א;ל;ר;ש;א;ה;(33, 4, 3, 23, 3381)
(33, 4, 4, 7, 3420);א;י;ת;י;א;ר;ו;ש;מ;ש;ה;ת;ח;ת;ה;ש;ע;נ;ר;ש;(33, 4, 3, 43, 3401)
(33, 4, 4, 27, 3440);ה;ן;ו;ר;ש;כ;ל;כ;ת;א;ו;ל;מ;ע;ל;כ;ת;א;י;נ;(33, 4, 4, 8, 3421)
(33, 4, 4, 47, 3460);ה;ע;ר;מ;ש;י;א;ת;א;נ;ק;א;י;ה;י;כ;ה;ש;ע;מ;(33, 4, 4, 28, 3441)
(33, 4, 5, 4, 3480);י;ס;כ;ה;ח;ו;ר;ת;ו;ע;ר;ו;ל;ב;ה;ה;ז;ם;ג;ו;(33, 4, 4, 48, 3461)
(33, 4, 5, 24, 3500);ו;ר;ש;ב;ת;א;ל;כ;א;ו;ו;י;ד;י;ת;א;ק;ב;ח;ל;(33, 4, 5, 5, 3481)
(33, 4, 6, 20, 3520);ם;י;נ;פ;ח;א;ל;מ;מ;ת;ח;נ;ף;כ;א;ל;מ;ב;ו;ט;(33, 4, 6, 1, 3501)
(33, 4, 7, 9, 3540);ו;י;נ;א;י;ת;ב;ש;ו;ח;ו;ר;ת;ו;ע;ר;ו;ל;מ;ע;(33, 4, 6, 21, 3521)
(33, 4, 8, 6, 3560);ו;ד;ח;א;ש;י;ש;מ;ש;ה;ת;ח;ת;ל;ב;ה;ה;א;ר;א;(33, 4, 7, 10, 3541)
(33, 4, 8, 26, 3580);א;ו;ו;ל;ן;י;א;ח;א;ו;ן;ב;ם;ג;י;נ;ש;ן;י;א;(33, 4, 8, 7, 3561)
(33, 4, 8, 46, 3600);א;ל;ו;י;נ;י;ע;ם;ג;ו;ל;מ;ע;ל;כ;ל;ץ;ק;ן;י;(33, 4, 8, 27, 3581)
(33, 4, 8, 66, 3620);ח;מ;ו;ל;מ;ע;י;נ;א;י;מ;ל;ו;ר;ש;ע;ע;ב;ש;ת;(33, 4, 8, 47, 3601)
(33, 4, 8, 86, 3640);ל;ב;ה;ה;ז;ם;ג;ה;ב;ו;ט;מ;י;ש;פ;נ;ת;א;ר;ס;(33, 4, 8, 67, 3621)
(33, 4, 9, 10, 3660);ם;י;נ;ש;ה;ם;י;ב;ו;ט;א;ו;ה;ע;ר;ן;י;נ;ע;ו;(33, 4, 8, 87, 3641)
(33, 4, 9, 30, 3680);ב;ו;ט;ר;כ;ש;ם;ה;ל;ש;י;ר;ש;א;ד;ח;א;ה;ן;מ;(33, 4, 9, 11, 3661)
(33, 4, 10, 15, 3700);י;ק;י;ד;ח;א;ה;ו;ל;פ;י;ם;א;י;כ;ם;ל;מ;ע;ב;(33, 4, 9, 31, 3681)
(33, 4, 10, 35, 3720);ו;פ;י;ש;ד;ח;א;ה;ו;ל;י;א;ו;ו;ר;ב;ח;ת;א;ם;(33, 4, 10, 16, 3701)
(33, 4, 11, 6, 3740);ש;י;ם;א;ם;ג;ו;מ;י;ק;ה;ל;י;נ;ש;ן;י;א;ו;ל;(33, 4, 10, 36, 3721)
(33, 4, 11, 26, 3760);י;א;ד;ח;א;ל;ו;ם;ה;ל;ם;ח;ו;ם;י;נ;ש;ו;ב;כ;(33, 4, 11, 7, 3741)
(33, 4, 12, 16, 3780);י;נ;ש;ה;ד;ח;א;ה;ו;פ;ק;ת;י;ם;א;ו;ם;ח;י;ך;(33, 4, 11, 27, 3761)
(33, 4, 12, 36, 3800);ש;ל;ש;מ;ה;ט;ו;ח;ה;ו;ו;ד;ג;נ;ו;ד;מ;ע;י;ם;(33, 4, 12, 17, 3781)
(33, 4, 13, 9, 3820);כ;ס;מ;ד;ל;י;ב;ו;ט;ק;ת;נ;י;ה;ר;ה;מ;ב;א;ל;(33, 4, 12, 37, 3801)
(33, 4, 13, 29, 3840);ר;ש;א;ל;י;ס;כ;ו;ן;ק;ז;ך;ל;מ;מ;ם;כ;ח;ו;ן;(33, 4, 13, 10, 3821)
(33, 4, 14, 7, 3860);ה;ת;י;ב;מ;י;כ;ד;ו;ע;ר;ה;ז;ה;ל;ע;ד;י;א;ל;(33, 4, 13, 30, 3841)
(33, 4, 14, 27, 3880);כ;ל;מ;ב;ם;ג;י;כ;ך;ל;מ;ל;א;צ;י;ם;י;ר;ו;ס;(33, 4, 14, 8, 3861)
(33, 4, 15, 11, 3900);ח;ה;ל;כ;ת;א;י;ת;י;א;ר;ש;ר;ד;ל;ו;נ;ו;ת;ו;(33, 4, 14, 28, 3881)
(33, 4, 15, 31, 3920);ה;ם;ע;ש;מ;ש;ה;ת;ח;ת;ם;י;כ;ל;ה;מ;ה;ם;י;י;(33, 4, 15, 12, 3901)
(33, 4, 16, 1, 3940);א;ו;י;ת;ח;ת;ד;מ;ע;י;ר;ש;א;י;נ;ש;ה;ד;ל;י;(33, 4, 15, 32, 3921)
(33, 4, 16, 21, 3960);ל;ה;י;ה;ר;ש;א;ל;כ;ל;ם;ע;ה;ל;כ;ל;ץ;ק;ן;י;(33, 4, 16, 2, 3941)
(33, 4, 16, 41, 3980);מ;ש;י;א;ל;ם;י;נ;ו;ר;ח;א;ה;ם;ג;ם;ה;י;נ;פ;(33, 4, 16, 22, 3961)
(33, 4, 16, 61, 4000);ר;ן;ו;י;ע;ר;ו;ל;ב;ה;ה;ז;ם;ג;י;כ;ו;ב;ו;ח;(33, 4, 16, 42, 3981)
(33, 4, 17, 18, 4020);ב;ל;א;ך;ל;ת;ר;ש;א;כ;ך;י;ל;ג;ר;ר;מ;ש;ח;ו;(33, 4, 16, 62, 4001)
(33, 4, 17, 38, 4040);ת;ת;מ;ע;מ;ש;ל;ב;ו;ר;ק;ו;ם;י;ה;ל;א;ה;ת;י;(33, 4, 17, 19, 4021)
(33, 4, 17, 58, 4060);ע;ד;ו;י;ם;נ;י;א;י;כ;ח;ב;ז;ם;י;ל;י;ס;כ;ה;(33, 4, 17, 39, 4041)
(33, 5, 1, 11, 4080);ך;י;פ;ל;ע;ל;ה;ב;ת;ל;א;ע;ר;ת;ו;ש;ע;ל;ם;י;(33, 4, 17, 59, 4061)
(33, 5, 1, 31, 4100);ל;ר;ב;ד;א;י;צ;ו;ה;ל;ר;ה;מ;י;ל;א;ך;ב;ל;ו;(33, 5, 1, 12, 4081)
(33, 5, 1, 51, 4120);מ;ש;ב;ם;י;ה;ל;א;ה;י;כ;ם;י;ה;ל;א;ה;י;נ;פ;(33, 5, 1, 32, 4101)
(33, 5, 1, 71, 4140);ו;י;ה;י;ן;כ;ל;ע;ץ;ר;א;ה;ל;ע;ה;ת;א;ו;ם;י;(33, 5, 1, 52, 4121)
(33, 5, 2, 10, 4160);ב;ם;ו;ל;ח;ה;א;ב;י;כ;ם;י;ט;ע;מ;ך;י;ר;ב;ד;(33, 5, 1, 72, 4141)
(33, 5, 2, 30, 4180);ר;ב;ד;ב;ר;ב;ל;י;ס;כ;ל;ו;ק;ו;ן;י;נ;ע;ב;ר;(33, 5, 2, 11, 4161)
(33, 5, 3, 18, 4200);ל;א;ם;י;ה;ל;א;ל;ר;ד;נ;ר;ד;ת;ר;ש;א;כ;ם;י;(33, 5, 2, 31, 4181)
(33, 5, 3, 38, 4220);ס;כ;ב;ץ;פ;ח;ן;י;א;י;כ;ו;מ;ל;ש;ל;ר;ח;א;ת;(33, 5, 3, 19, 4201)
(33, 5, 4, 5, 4240);ש;א;ב;ו;ט;ם;ל;ש;ר;ד;ת;ר;ש;א;ת;א;ם;י;ל;י;(33, 5, 3, 39, 4221)
(33, 5, 5, 1, 4260);א;ם;ל;ש;ת;א;ל;ו;ר;ו;ד;ת;ש;מ;ר;ד;ת;א;ל;ר;(33, 5, 4, 6, 4241)
(33, 5, 5, 21, 4280);ך;ר;ש;ב;ת;א;א;י;ט;ח;ל;ך;י;פ;ת;א;ן;ת;ת;ל;(33, 5, 5, 2, 4261)
(33, 5, 5, 41, 4300);ג;ש;י;כ;ך;א;ל;מ;ה;י;נ;פ;ל;ר;מ;א;ת;ל;א;ו;(33, 5, 5, 22, 4281)
(33, 5, 5, 61, 4320);ל;ע;ם;י;ה;ל;א;ה;ף;צ;ק;י;ה;מ;ל;א;י;ה;ה;ג;(33, 5, 5, 42, 4301)
(33, 5, 6, 2, 4340);י;כ;ך;י;ד;י;ה;ש;ע;מ;ת;א;ל;ב;ח;ו;ך;ל;ו;ק;(33, 5, 5, 62, 4321)
(33, 5, 6, 22, 4360);ם;י;ר;ב;ד;ו;ם;י;ל;ב;ה;ו;ת;ו;מ;ל;ח;ב;ר;ב;(33, 5, 6, 3, 4341)
(33, 5, 7, 3, 4380);ע;ם;א;א;ר;י;ם;י;ה;ל;א;ה;ת;א;י;כ;ה;ב;ר;ה;(33, 5, 6, 23, 4361)
(33, 5, 7, 23, 4400);ה;א;ר;ת;ק;ד;צ;ו;ט;פ;ש;מ;ל;ז;ג;ו;ש;ר;ק;ש;(33, 5, 7, 4, 4381)
(33, 5, 7, 43, 4420);י;כ;ץ;פ;ח;ה;ל;ע;ה;מ;ת;ת;ל;א;ה;נ;י;ד;מ;ב;(33, 5, 7, 24, 4401)
(33, 5, 7, 63, 4440);ל;ע;ם;י;ה;ב;ג;ו;ר;מ;ש;ה;ב;ג;ל;ע;מ;ה;ב;ג;(33, 5, 7, 44, 4421)
(33, 5, 8, 17, 4460);ל;מ;א;י;ה;ל;כ;ב;ץ;ר;א;ן;ו;ר;ת;י;ו;ם;ה;י;(33, 5, 7, 64, 4441)
(33, 5, 9, 11, 4480);ב;ש;י;א;ל;ף;ס;כ;ב;ה;א;ד;ב;ע;נ;ה;ד;ש;ל;ך;(33, 5, 8, 18, 4461)
(33, 5, 9, 31, 4500);ו;ב;ת;א;ל;ן;ו;מ;ה;ב;ב;ה;א;י;מ;ו;ף;ס;כ;ע;(33, 5, 9, 12, 4481)
(33, 5, 10, 11, 4520);ר;ה;ב;ו;ט;ה;ת;ו;ב;ר;ב;ל;ב;ה;ה;ז;ם;ג;ה;א;(33, 5, 9, 32, 4501)
(33, 5, 10, 31, 4540);ל;ע;ב;ל;ן;ו;ר;ש;כ;ה;מ;ו;ה;י;ל;כ;ו;א;ו;ב;(33, 5, 10, 12, 4521)
(33, 5, 11, 5, 4560);ה;ק;ו;ת;מ;ו;י;נ;י;ע;ת;י;א;ר;ם;א;י;כ;ה;י;(33, 5, 10, 32, 4541)
(33, 5, 11, 25, 4580);י;ה;ב;ר;ה;ם;א;ו;ט;ע;מ;ם;א;ד;ב;ע;ה;ת;נ;ש;(33, 5, 11, 6, 4561)
(33, 5, 11, 45, 4600);נ;מ;ו;נ;נ;י;א;ר;י;ש;ע;ל;ע;ב;ש;ה;ו;ל;כ;א;(33, 5, 11, 26, 4581)
(33, 5, 12, 11, 4620);א;ר;ה;ל;ו;ח;ה;ע;ר;ש;י;ן;ו;ש;י;ל;ו;ל;ח;י;(33, 5, 11, 46, 4601)
(33, 5, 12, 31, 4640);ע;ב;ל;ר;ו;מ;ש;ר;ש;ע;ש;מ;ש;ה;ת;ח;ת;י;ת;י;(33, 5, 12, 12, 4621)
(33, 5, 13, 12, 4660);א;ו;ה;ה;ר;ש;ע;ה;ד;ב;א;ו;ו;ת;ע;ר;ל;ו;י;ל;(33, 5, 12, 32, 4641)
(33, 5, 13, 32, 4680);ב;ן;י;א;ו;ן;ב;ד;י;ל;ו;ה;ו;ע;ר;ן;י;נ;ע;ב;(33, 5, 13, 13, 4661)
(33, 5, 14, 12, 4700);א;ן;ט;ב;מ;א;צ;י;ר;ש;א;כ;ה;מ;ו;א;מ;ו;ד;י;(33, 5, 13, 33, 4681)
(33, 5, 14, 32, 4720);מ;ו;א;ב;ש;כ;ת;כ;ל;ל;ב;ו;ש;י;ם;ו;ר;ע;ו;מ;(33, 5, 14, 13, 4701)
(33, 5, 14, 52, 4740);י;ב;ך;ל;י;ש;ו;ל;מ;ע;ב;א;ש;י;א;ל;ה;מ;ו;א;(33, 5, 14, 33, 4721)
(33, 5, 15, 18, 4760);ש;ת;מ;ע;ל;כ;ה;ל;ו;ח;ה;ע;ר;ה;ז;ם;ג;ו;ו;ד;(33, 5, 14, 53, 4741)
(33, 5, 15, 38, 4780);ע;י;ש;ו;ל;ן;ו;ר;ת;י;ה;מ;ו;ך;ל;י;ן;כ;א;ב;(33, 5, 15, 19, 4761)
(33, 5, 16, 14, 4800);א;י;ך;ש;ח;ב;ו;י;מ;י;ל;כ;ם;ג;ח;ו;ר;ל;ל;מ;(33, 5, 15, 39, 4781)
(33, 5, 17, 1, 4820);ה;ף;צ;ק;ו;ו;י;ל;ח;ו;ה;ב;ר;ה;ס;ע;כ;ו;ל;כ;(33, 5, 16, 15, 4801)
(33, 5, 17, 21, 4840);י;ר;ש;א;ב;ו;ט;י;נ;א;י;ת;י;א;ר;ר;ש;א;ה;נ;(33, 5, 17, 2, 4821)
(33, 5, 17, 41, 4860);ט;ת;ו;א;ר;ל;ו;ת;ו;ת;ש;ל;ו;ל;ו;כ;א;ל;ה;פ;(33, 5, 17, 22, 4841)
(33, 5, 17, 61, 4880);ש;ה;ת;ח;ת;ל;מ;ע;י;ש;ו;ל;מ;ע;ל;כ;ב;ה;ב;ו;(33, 5, 17, 42, 4861)
(33, 5, 17, 81, 4900);ו;ל;ן;ת;נ;ר;ש;א;ו;י;ח;י;מ;י;ר;פ;ס;מ;ש;מ;(33, 5, 17, 62, 4881)
(33, 5, 18, 5, 4920);ה;ל;כ;ם;ג;ו;ק;ל;ח;א;ו;ה;י;כ;ם;י;ה;ל;א;ה;(33, 5, 17, 82, 4901)
(33, 5, 18, 25, 4940);ר;ש;ע;ם;י;ה;ל;א;ה;ו;ל;ן;ת;נ;ר;ש;א;ם;ד;א;(33, 5, 18, 6, 4921)
(33, 5, 18, 45, 4960);נ;מ;מ;ל;כ;א;ל;ו;ט;י;ל;ש;ה;ו;ם;י;ס;כ;נ;ו;(33, 5, 18, 26, 4941)
(33, 5, 18, 65, 4980);מ;ע;ב;ח;מ;ש;ל;ו;ו;ק;ל;ח;ת;א;ת;א;ש;ל;ו;ו;(33, 5, 18, 46, 4961)
(33, 5, 19, 5, 5000);ה;א;ל;י;כ;א;י;ה;ם;י;ה;ל;א;ת;ת;מ;ה;ז;ו;ל;(33, 5, 18, 66, 4981)
(33, 5, 19, 25, 5020);א;ה;י;כ;ו;י;י;ח;י;מ;י;ת;א;ר;כ;ז;י;ה;ב;ר;(33, 5, 19, 6, 5001)
(33, 6, 1, 4, 5040);ע;ר;ש;י;ו;ב;ל;ת;ח;מ;ש;ב;ה;נ;ע;מ;ם;י;ה;ל;(33, 5, 19, 26, 5021)
(33, 6, 1, 24, 5060);ה;ב;ר;ו;ש;מ;ש;ה;ת;ח;ת;י;ת;י;א;ר;ר;ש;א;ה;(33, 6, 1, 5, 5041)
(33, 6, 2, 11, 5080);ו;ל;ן;ת;י;ר;ש;א;ש;י;א;ם;ד;א;ה;ל;ע;א;י;ה;(33, 6, 1, 25, 5061)
(33, 6, 2, 31, 5100);ד;ו;ב;כ;ו;ם;י;ס;כ;נ;ו;ר;ש;ע;ם;י;ה;ל;א;ה;(33, 6, 2, 12, 5081)
(33, 6, 2, 51, 5120);ר;ש;א;ל;כ;מ;ו;ש;פ;נ;ל;ר;ס;ח;ו;נ;נ;י;א;ו;(33, 6, 2, 32, 5101)
(33, 6, 2, 71, 5140);י;ה;ל;א;ה;ו;נ;ט;י;ל;ש;י;א;ל;ו;ה;ו;א;ת;י;(33, 6, 2, 52, 5121)
(33, 6, 2, 91, 5160);א;י;י;ר;כ;נ;ש;י;א;י;כ;ו;נ;מ;מ;ל;כ;א;ל;ם;(33, 6, 2, 72, 5141)
(33, 6, 3, 2, 5180);ם;א;א;ו;ה;ע;ר;י;ל;ח;ו;ל;ב;ה;ה;ז;ו;נ;ל;כ;(33, 6, 2, 92, 5161)
(33, 6, 3, 22, 5200);ת;ו;ב;ר;ם;י;נ;ש;ו;ה;א;מ;ש;י;א;ד;י;ל;ו;י;(33, 6, 3, 3, 5181)
(33, 6, 3, 42, 5220);ו;ו;י;נ;ש;י;מ;י;ו;י;ה;י;ש;ב;ר;ו;ה;י;ח;י;(33, 6, 3, 23, 5201)
(33, 6, 3, 62, 5240);ם;ג;ו;ה;ב;ו;ט;ה;ן;מ;ע;ב;ש;ת;א;ל;ו;ש;פ;נ;(33, 6, 3, 43, 5221)
(33, 6, 3, 82, 5260);ו;ט;י;ת;ר;מ;א;ו;ל;ה;ת;י;ה;א;ל;ה;ר;ו;ב;ק;(33, 6, 3, 63, 5241)
(33, 6, 4, 11, 5280);ח;ב;ו;א;ב;ל;ב;ה;ב;י;כ;ל;פ;נ;ה;ו;נ;מ;מ;ב;(33, 6, 3, 83, 5261)
(33, 6, 5, 3, 5300);ש;ם;ג;ה;ס;כ;י;ו;מ;ש;ך;ש;ח;ב;ו;ך;ל;י;ך;ש;(33, 6, 4, 12, 5281)
(33, 6, 5, 23, 5320);מ;ה;ז;ל;ת;ח;נ;ע;ד;י;א;ל;ו;ה;א;ר;א;ל;ש;מ;(33, 6, 5, 4, 5301)
(33, 6, 6, 18, 5340);י;מ;ע;פ;ם;י;נ;ש;ף;ל;א;ה;י;ח;ו;ל;א;ו;ה;ז;(33, 6, 5, 24, 5321)
(33, 6, 6, 38, 5360);ם;ו;ק;מ;ל;א;א;ל;ה;ה;א;ר;א;ל;ה;ב;ו;ט;ו;ם;(33, 6, 6, 19, 5341)
(33, 6, 7, 10, 5380);ל;ם;ד;א;ה;ל;מ;ע;ל;כ;ך;ל;ו;ה;ל;כ;ה;ד;ח;א;(33, 6, 6, 39, 5361)
(33, 6, 8, 3, 5400);מ;י;כ;א;ל;מ;ת;א;ל;ש;פ;נ;ה;ם;ג;ו;ו;ה;י;פ;(33, 6, 7, 11, 5381)
(33, 6, 8, 23, 5420);ע;ל;ה;מ;ל;י;ס;כ;ה;ן;מ;ם;כ;ח;ל;ר;ת;ו;י;ה;(33, 6, 8, 4, 5401)
(33, 6, 9, 2, 5440);ו;ט;ם;י;י;ח;ה;ד;ג;נ;ך;ל;ה;ל;ע;ד;ו;י;י;נ;(33, 6, 8, 24, 5421)
(33, 6, 9, 22, 5460);ז;ם;ג;ש;פ;נ;ך;ל;ה;מ;ם;י;נ;י;ע;ה;א;ר;מ;ב;(33, 6, 9, 3, 5441)
(33, 6, 10, 8, 5480);ב;כ;ה;י;ה;ש;ה;מ;ח;ו;ר;ת;ו;ע;ר;ו;ל;ב;ה;ה;(33, 6, 9, 23, 5461)
(33, 6, 10, 28, 5500);א;א;ו;ה;ר;ש;א;ע;ד;ו;נ;ו;ו;מ;ש;א;ר;ק;נ;ר;(33, 6, 10, 9, 5481)
(33, 6, 10, 48, 5520);י;ק;ת;ה;ש;ם;ע;ן;י;ד;ל;ל;כ;ו;י;א;ל;ו;ם;ד;(33, 6, 10, 29, 5501)
(33, 6, 11, 15, 5540);ר;מ;ה;ב;ר;ה;ם;י;ר;ב;ד;ש;י;י;כ;ו;נ;מ;מ;ף;(33, 6, 10, 49, 5521)
(33, 6, 12, 5, 5560);י;י;מ;י;כ;ם;ד;א;ל;ר;ת;י;ה;מ;ל;ב;ה;ם;י;ב;(33, 6, 11, 16, 5541)
(33, 6, 12, 25, 5580);פ;ס;מ;ם;י;י;ח;ב;ם;ד;א;ל;ב;ו;ט;ה;מ;ע;ד;ו;(33, 6, 12, 6, 5561)
(33, 6, 12, 45, 5600);א;ל;צ;כ;ם;ש;ע;י;ו;ו;ל;ב;ה;י;י;ח;י;מ;י;ר;(33, 6, 12, 26, 5581)
(33, 6, 12, 65, 5620);ח;א;ה;י;ה;י;ה;מ;ם;ד;א;ל;ד;י;ג;י;י;מ;ר;ש;(33, 6, 12, 46, 5601)
(33, 7, 1, 10, 5640);ט;ן;מ;ש;מ;ם;ש;ב;ו;ט;ש;מ;ש;ה;ת;ח;ת;ו;י;ר;(33, 6, 12, 66, 5621)
(33, 7, 2, 1, 5660);ט;ו;ד;ל;ו;ה;ם;ו;י;מ;ת;ו;מ;ה;ם;ו;י;ו;ב;ו;(33, 7, 1, 11, 5641)
(33, 7, 2, 21, 5680);ל;א;ת;כ;ל;מ;ל;ב;א;ת;י;ב;ל;א;ת;כ;ל;ל;ב;ו;(33, 7, 2, 2, 5661)
(33, 7, 2, 41, 5700);ה;ל;כ;ף;ו;ס;א;ו;ה;ר;ש;א;ב;ה;ת;ש;מ;ת;י;ב;(33, 7, 2, 22, 5681)
(33, 7, 3, 5, 5720);ע;כ;ב;ו;ט;ו;ב;ל;ל;א;ן;ת;י;י;ח;ה;ו;ם;ד;א;(33, 7, 2, 42, 5701)
(33, 7, 3, 25, 5740);ל;ב;ט;י;י;ם;י;נ;פ;ע;ר;ב;י;כ;ק;ו;ח;ש;מ;ס;(33, 7, 3, 6, 5721)
(33, 7, 4, 19, 5760);ס;כ;ב;ל;ו;ל;ב;א;ת;י;ב;ב;ם;י;מ;כ;ח;ב;ל;ב;(33, 7, 3, 26, 5741)
(33, 7, 5, 8, 5780);ג;ע;מ;ש;ל;ב;ו;ט;ה;ח;מ;ש;ת;י;ב;ב;ם;י;ל;י;(33, 7, 4, 20, 5761)
(33, 7, 5, 28, 5800);ל;י;ס;כ;ר;י;ש;ע;מ;ש;ש;י;א;מ;ם;כ;ח;ת;ר;ע;(33, 7, 5, 9, 5781)
(33, 7, 6, 18, 5820);י;ס;ה;ת;ח;ת;ם;י;ר;י;ס;ה;ל;ו;ק;כ;י;כ;ם;י;(33, 7, 5, 29, 5801)
(33, 7, 7, 1, 5840);כ;ל;ב;ה;ה;ז;ם;ג;ו;ל;י;ס;כ;ה;ק;ח;ש;ן;כ;ר;(33, 7, 6, 19, 5821)
(33, 7, 7, 21, 5860);ת;א;ד;ב;א;י;ו;ם;כ;ח;ל;ל;ו;ה;י;ק;ש;ע;ה;י;(33, 7, 7, 2, 5841)
(33, 7, 8, 14, 5880);א;ר;מ;ר;ב;ד;ת;י;ר;ח;א;ב;ו;ט;ה;נ;ת;מ;ב;ל;(33, 7, 7, 22, 5861)
(33, 7, 8, 34, 5900);ח;ו;ר;ה;ב;ג;מ;ח;ו;ר;ך;ר;א;ב;ו;ט;ו;ת;י;ש;(33, 7, 8, 15, 5881)
(33, 7, 9, 20, 5920);ע;כ;י;כ;ס;ו;ע;כ;ל;ך;ח;ו;ר;ב;ל;ה;ב;ת;ל;א;(33, 7, 9, 1, 5901)
(33, 7, 10, 5, 5940);מ;א;ת;ל;א;ח;ו;נ;י;ם;י;ל;י;ס;כ;ק;י;ח;ב;ס;(33, 7, 9, 21, 5921)
(33, 7, 10, 25, 5960);ה;ם;י;נ;ש;א;ר;ה;ם;י;מ;י;ה;ש;ה;י;ה;ה;מ;ר;(33, 7, 10, 6, 5941)
(33, 7, 10, 45, 5980);ה;מ;כ;ח;מ;א;ל;י;כ;ה;ל;א;מ;ם;י;ב;ו;ט;ו;י;(33, 7, 10, 26, 5961)
(33, 7, 11, 12, 6000);ח;נ;ם;ע;ה;מ;כ;ח;ה;ב;ו;ט;ה;ז;ל;ע;ת;ל;א;ש;(33, 7, 10, 46, 5981)
(33, 7, 12, 6, 6020);ה;ל;צ;ב;י;כ;ש;מ;ש;ה;י;א;ר;ל;ר;ת;י;ו;ה;ל;(33, 7, 11, 13, 6001)
(33, 7, 12, 26, 6040);ת;ע;ד;ן;ו;ר;ת;י;ו;ף;ס;כ;ה;ל;צ;ב;ה;מ;כ;ח;(33, 7, 12, 7, 6021)
(33, 7, 13, 6, 6060);מ;ת;א;ה;א;ר;ה;י;ל;ע;ב;ה;י;ח;ת;ה;מ;כ;ח;ה;(33, 7, 12, 27, 6041)
(33, 7, 13, 26, 6080);ק;ת;ל;ל;כ;ו;י;י;מ;י;כ;ם;י;ה;ל;א;ה;ה;ש;ע;(33, 7, 13, 7, 6061)
(33, 7, 14, 10, 6100);י;ה;ה;ב;ו;ט;ם;ו;י;ב;ו;ת;ו;ע;ר;ש;א;ת;א;ן;(33, 7, 13, 27, 6081)
(33, 7, 14, 30, 6120);ת;א;ם;ג;ה;א;ר;ה;ע;ר;ם;ו;י;ב;ו;ב;ו;ט;ב;ה;(33, 7, 14, 11, 6101)
(33, 7, 14, 50, 6140);ד;ל;ע;ם;י;ה;ל;א;ה;ה;ש;ע;ה;ז;ת;מ;ע;ל;ה;ז;(33, 7, 14, 31, 6121)
(33, 7, 14, 70, 6160);מ;ו;י;ר;ח;א;ם;ד;א;ה;א;צ;מ;י;א;ל;ש;ת;ר;ב;(33, 7, 14, 51, 6141)
(33, 7, 15, 16, 6180);ב;ה;י;מ;י;ב;י;ת;י;א;ר;ל;כ;ה;ת;א;ה;מ;ו;א;(33, 7, 14, 71, 6161)
(33, 7, 15, 36, 6200);ר;ש;י;ו;ו;ק;ד;צ;ב;ד;ב;א;ק;י;ד;צ;ש;י;י;ל;(33, 7, 15, 17, 6181)
(33, 7, 16, 8, 6220);י;ד;צ;י;ה;ת;ל;א;ו;ת;ע;ר;ב;ך;י;ר;א;מ;ע;ש;(33, 7, 15, 37, 6201)
(33, 7, 16, 28, 6240);ה;מ;ל;ר;ת;ו;י;ם;כ;ח;ת;ת;ל;א;ו;ה;ב;ר;ה;ק;(33, 7, 16, 9, 6221)
(33, 7, 17, 15, 6260);ה;ת;ל;א;ו;ה;ב;ר;ה;ע;ש;ר;ת;ל;א;ם;מ;ו;ש;ת;(33, 7, 16, 29, 6241)
(33, 7, 18, 3, 6280);ב;ו;ט;ך;ת;ע;א;ל;ב;ת;ו;מ;ת;ה;מ;ל;ל;כ;ס;י;(33, 7, 17, 16, 6261)
(33, 7, 18, 23, 6300);נ;ת;ל;א;ה;ז;מ;ם;ג;ו;ה;ז;ב;ז;ח;א;ת;ר;ש;א;(33, 7, 18, 4, 6281)
(33, 7, 18, 43, 6320);א;א;צ;י;ם;י;ה;ל;א;א;ר;י;י;כ;ך;ד;י;ת;א;ח;(33, 7, 18, 24, 6301)
(33, 7, 19, 16, 6340);ר;ש;ע;מ;ם;כ;ח;ל;ז;ע;ת;ה;מ;כ;ח;ה;ם;ל;כ;ת;(33, 7, 18, 44, 6321)
(33, 7, 20, 3, 6360);א;י;כ;ר;י;ע;ב;ו;י;ה;ר;ש;א;ם;י;ט;י;ל;ש;ה;(33, 7, 19, 17, 6341)
(33, 7, 20, 23, 6380);ה;ש;ע;י;ר;ש;א;ץ;ר;א;ב;ק;י;ד;צ;ן;י;א;ם;ד;(33, 7, 20, 4, 6361)
(33, 7, 21, 10, 6400);י;ר;ב;ד;ה;ל;כ;ל;ם;ג;א;ט;ח;י;א;ל;ו;ב;ו;ט;(33, 7, 20, 24, 6381)
(33, 7, 21, 30, 6420);ר;ש;א;ך;ב;ל;ן;ת;ת;ל;א;ו;ר;ב;ד;י;ר;ש;א;ם;(33, 7, 21, 11, 6401)
(33, 7, 22, 3, 6440);ג;י;כ;ך;ל;ל;ק;מ;ך;ד;ב;ע;ת;א;ע;מ;ש;ת;א;ל;(33, 7, 21, 31, 6421)
(33, 7, 22, 23, 6460);ג;ר;ש;א;ך;ב;ל;ע;ד;י;ת;ו;ב;ר;ם;י;מ;ע;פ;ם;(33, 7, 22, 4, 6441)
(33, 7, 23, 8, 6480);ת;י;ס;נ;ה;ז;ל;כ;ם;י;ר;ח;א;ת;ל;ל;ק;ת;א;ם;(33, 7, 22, 24, 6461)
(33, 7, 23, 28, 6500);א;י;ה;ו;ה;מ;כ;ח;א;י;ת;ר;מ;א;ה;מ;כ;ח;ב;י;(33, 7, 23, 9, 6481)
(33, 7, 24, 11, 6520);ו;ה;י;ה;ש;ה;מ;ק;ו;ח;ר;י;נ;מ;מ;ה;ק;ו;ח;ר;(33, 7, 23, 29, 6501)
(33, 7, 25, 6, 6540);א;י;ת;ו;ב;ס;ו;נ;א;צ;מ;י;י;מ;ק;מ;ע;ק;מ;ע;(33, 7, 24, 12, 6521)
(33, 7, 25, 26, 6560);ח;ש;ק;ב;ו;ר;ו;ת;ל;ו;ת;ע;ד;ל;י;ב;ל;ו;י;נ;(33, 7, 25, 7, 6541)
(33, 7, 25, 46, 6580);ל;ס;כ;ע;ש;ר;ת;ע;ד;ל;ו;ן;ו;ב;ש;ח;ו;ה;מ;כ;(33, 7, 25, 27, 6561)
(33, 7, 26, 7, 6600);נ;א;א;צ;ו;מ;ו;ת;ו;ל;ל;ו;ה;ת;ו;ל;כ;ס;ה;ו;(33, 7, 25, 47, 6581)
(33, 7, 26, 27, 6620);מ;א;י;ה;ר;ש;א;ה;ש;א;ה;ת;א;ת;ו;מ;מ;ר;מ;י;(33, 7, 26, 8, 6601)
(33, 7, 26, 47, 6640);ם;י;ר;ו;ס;א;ה;ב;ל;ם;י;מ;ר;ח;ו;ם;י;ד;ו;צ;(33, 7, 26, 28, 6621)
(33, 7, 26, 67, 6660);ל;מ;י;ם;י;ה;ל;א;ה;י;נ;פ;ל;ב;ו;ט;ה;י;ד;י;(33, 7, 26, 48, 6641)
(33, 7, 27, 4, 6680);ז;ה;א;ר;ה;ב;ד;כ;ל;י;א;ט;ו;ח;ו;ה;נ;מ;מ;ט;(33, 7, 26, 68, 6661)
(33, 7, 27, 24, 6700);ח;א;ל;ת;ח;א;ת;ל;ה;ק;ה;ר;מ;א;י;ת;א;צ;מ;ה;(33, 7, 27, 5, 6681)
(33, 7, 28, 10, 6720);ה;ש;ק;ב;ד;ו;ע;ר;ש;א;ן;ו;ב;ש;ח;א;צ;מ;ל;ת;(33, 7, 27, 25, 6701)
(33, 7, 28, 30, 6740);א;מ;ד;ח;א;ם;ד;א;י;ת;א;צ;מ;א;ל;ו;י;ש;פ;נ;(33, 7, 28, 11, 6721)
(33, 7, 28, 50, 6760);מ;א;ל;ה;ל;א;ל;כ;ב;ה;ש;א;ו;י;ת;א;צ;מ;ף;ל;(33, 7, 28, 31, 6741)
(33, 7, 29, 16, 6780);ר;ש;א;י;ת;א;צ;מ;ה;ז;ה;א;ר;ד;ב;ל;י;ת;א;צ;(33, 7, 28, 51, 6761)
(33, 7, 29, 36, 6800);ה;ו;ר;ש;י;ם;ד;א;ה;ת;א;ם;י;ה;ל;א;ה;ה;ש;ע;(33, 7, 29, 17, 6781)
(33, 8, 1, 4, 6820);ה;כ;י;מ;ם;י;ב;ר;ת;ו;נ;ב;ש;ח;ו;ש;ק;ב;ה;מ;(33, 7, 29, 37, 6801)
(33, 8, 1, 24, 6840);ת;מ;כ;ח;ר;ב;ד;ר;ש;פ;ע;ד;ו;י;י;מ;ו;ם;כ;ח;(33, 8, 1, 5, 6821)
(33, 8, 1, 44, 6860);ש;י;ו;י;נ;פ;ז;ע;ו;ו;י;נ;פ;ר;י;א;ת;ם;ד;א;(33, 8, 1, 25, 6841)
(33, 8, 2, 18, 6880);ת;ר;ב;ד;ל;ע;ו;ר;מ;ש;ך;ל;מ;י;פ;י;נ;א;א;נ;(33, 8, 1, 45, 6861)
(33, 8, 3, 10, 6900);י;נ;פ;מ;ל;ה;ב;ת;ל;א;ם;י;ה;ל;א;ת;ע;ו;ב;ש;(33, 8, 2, 19, 6881)
(33, 8, 3, 30, 6920);ל;כ;י;כ;ע;ר;ר;ב;ד;ב;ד;מ;ע;ת;ל;א;ך;ל;ת;ו;(33, 8, 3, 11, 6901)
(33, 8, 4, 9, 6940);ל;מ;ר;ב;ד;ר;ש;א;ב;ה;ש;ע;י;ץ;פ;ח;י;ר;ש;א;(33, 8, 3, 31, 6921)
(33, 8, 4, 29, 6960);ש;ע;ת;ה;מ;ו;ל;ר;מ;א;י;י;מ;ו;ן;ו;ט;ל;ש;ך;(33, 8, 4, 10, 6941)
(33, 8, 5, 19, 6980);ו;ע;ר;ר;ב;ד;ע;ד;י;א;ל;ה;ו;צ;מ;ר;מ;ו;ש;ה;(33, 8, 4, 30, 6961)
(33, 8, 6, 5, 7000);ל;כ;ל;י;כ;ם;כ;ח;ב;ל;ע;ד;י;ט;פ;ש;מ;ו;ת;ע;(33, 8, 5, 20, 6981)
(33, 8, 6, 25, 7020);ד;א;ה;ת;ע;ר;י;כ;ט;פ;ש;מ;ו;ת;ע;ש;י;ץ;פ;ח;(33, 8, 6, 6, 7001)
(33, 8, 7, 12, 7040);ה;מ;ע;ד;י;ו;נ;נ;י;א;י;כ;ו;י;ל;ע;ה;ב;ר;ם;(33, 8, 6, 26, 7021)
(33, 8, 7, 32, 7060);י;ג;י;י;מ;ה;י;ה;י;ר;ש;א;כ;י;כ;ה;י;ה;י;ש;(33, 8, 7, 13, 7041)
(33, 8, 8, 17, 7080);ל;כ;ל;ח;ו;ר;ב;ט;י;ל;ש;ם;ד;א;ן;י;א;ו;ל;ד;(33, 8, 7, 33, 7061)
(33, 8, 8, 37, 7100);ו;י;ב;ן;ו;ט;ל;ש;ן;י;א;ו;ח;ו;ר;ה;ת;א;א;ו;(33, 8, 8, 18, 7081)
(33, 8, 8, 57, 7120);ה;מ;ח;ל;מ;ב;ת;ח;ל;ש;מ;ן;י;א;ו;ת;ו;מ;ה;ם;(33, 8, 8, 38, 7101)
(33, 8, 9, 3, 7140);כ;ת;א;ו;י;ל;ע;ב;ת;א;ע;ש;ר;ט;ל;מ;י;א;ל;ו;(33, 8, 8, 58, 7121)
(33, 8, 9, 23, 7160);כ;ל;י;ב;ל;ת;א;ן;ו;ת;נ;ו;י;ת;י;א;ר;ה;ז;ל;(33, 8, 9, 4, 7141)
(33, 8, 9, 43, 7180);ע;ש;מ;ש;ה;ת;ח;ת;ה;ש;ע;נ;ר;ש;א;ה;ש;ע;מ;ל;(33, 8, 9, 24, 7161)
(33, 8, 9, 63, 7200);ו;ל;ע;ר;ל;ם;ד;א;ב;ם;ד;א;ה;ט;ל;ש;ר;ש;א;ת;(33, 8, 9, 44, 7181)
(33, 8, 10, 20, 7220);ו;ם;י;ר;ב;ק;ם;י;ע;ש;ר;י;ת;י;א;ר;ן;כ;ב;ו;(33, 8, 10, 1, 7201)
(33, 8, 10, 40, 7240);י;ו;ו;כ;ל;ה;י;ש;ו;ד;ק;ם;ו;ק;מ;מ;ו;ו;א;ב;(33, 8, 10, 21, 7221)
(33, 8, 10, 60, 7260);ז;ם;ג;ו;ש;ע;ן;כ;ר;ש;א;ר;י;ע;ב;ו;ח;כ;ת;ש;(33, 8, 10, 41, 7241)
(33, 8, 11, 16, 7280);ע;מ;ם;ג;ת;פ;ה;ש;ע;נ;ן;י;א;ר;ש;א;ל;ב;ה;ה;(33, 8, 10, 61, 7261)
(33, 8, 11, 36, 7300);ב;ב;ל;א;ל;מ;ן;כ;ל;ע;ה;ר;ה;מ;ה;ע;ר;ה;ה;ש;(33, 8, 11, 17, 7281)
(33, 8, 12, 4, 7320);ח;ר;ש;א;ע;ר;ת;ו;ש;ע;ל;ם;ה;ב;ם;ד;א;ה;י;נ;(33, 8, 11, 37, 7301)
(33, 8, 12, 24, 7340);י;כ;ו;ל;ך;י;ר;א;מ;ו;ת;א;מ;ע;ר;ה;ש;ע;א;ט;(33, 8, 12, 5, 7321)
(33, 8, 12, 44, 7360);ל;ב;ו;ט;ה;י;ה;י;ר;ש;א;י;נ;א;ע;ד;ו;י;ם;ג;(33, 8, 12, 25, 7341)
(33, 8, 12, 64, 7380);ל;מ;ו;א;ר;י;י;ר;ש;א;ם;י;ה;ל;א;ה;י;א;ר;י;(33, 8, 12, 45, 7361)
(33, 8, 13, 16, 7400);ל;ו;ע;ש;ר;ל;ה;י;ה;י;א;ל;ב;ו;ט;ו;ו;י;נ;פ;(33, 8, 12, 65, 7381)
(33, 8, 13, 36, 7420);נ;נ;י;א;ר;ש;א;ל;צ;כ;ם;י;מ;י;ך;י;ר;א;י;א;(33, 8, 13, 17, 7401)
(33, 8, 14, 6, 7440);א;ל;ב;ה;ש;י;ם;י;ה;ל;א;י;נ;פ;ל;מ;א;ר;י;ו;(33, 8, 13, 37, 7421)
(33, 8, 14, 26, 7460);י;ד;צ;ש;י;ר;ש;א;ץ;ר;א;ה;ל;ע;ה;ש;ע;נ;ר;ש;(33, 8, 14, 7, 7441)
(33, 8, 14, 46, 7480);ה;ה;ש;ע;מ;כ;ם;ה;ל;א;ע;י;ג;מ;ר;ש;א;ם;י;ק;(33, 8, 14, 27, 7461)
(33, 8, 14, 66, 7500);ל;א;ע;י;ג;מ;ש;ם;י;ע;ש;ר;ש;י;ו;ם;י;ע;ש;ר;(33, 8, 14, 47, 7481)
(33, 8, 14, 86, 7520);ש;י;ת;ר;מ;א;ם;י;ק;י;ד;צ;ה;ה;ש;ע;מ;כ;ם;ה;(33, 8, 14, 67, 7501)
(33, 8, 15, 13, 7540);ש;ה;ת;א;י;נ;א;י;ת;ח;ב;ש;ו;ל;ב;ה;ה;ז;ם;ג;(33, 8, 14, 87, 7521)
(33, 8, 15, 33, 7560);ה;ת;ח;ת;ם;ד;א;ל;ב;ו;ט;ן;י;א;ר;ש;א;ה;ח;מ;(33, 8, 15, 14, 7541)
(33, 8, 15, 53, 7580);ש;ל;ו;ת;ו;ת;ש;ל;ו;ל;כ;א;ל;ם;א;י;כ;ש;מ;ש;(33, 8, 15, 34, 7561)
(33, 8, 15, 73, 7600);י;מ;י;ו;ל;מ;ע;ב;ו;נ;ו;ל;י;א;ו;ה;ו;ח;ו;מ;(33, 8, 15, 54, 7581)
(33, 8, 15, 93, 7620);ח;ת;ם;י;ה;ל;א;ה;ו;ל;ן;ת;נ;ר;ש;א;ו;י;י;ח;(33, 8, 15, 74, 7601)
(33, 8, 16, 15, 7640);ד;ל;י;ב;ל;ת;א;י;ת;ת;נ;ר;ש;א;כ;ש;מ;ש;ה;ת;(33, 8, 15, 94, 7621)
(33, 8, 16, 35, 7660);א;ן;י;נ;ע;ה;ת;א;ת;ו;א;ר;ל;ו;ה;מ;כ;ח;ת;ע;(33, 8, 16, 16, 7641)
(33, 8, 16, 55, 7680);ם;ו;י;ב;ם;ג;י;כ;ץ;ר;א;ה;ל;ע;ה;ש;ע;נ;ר;ש;(33, 8, 16, 36, 7661)
(33, 8, 16, 75, 7700);ו;נ;נ;י;א;ו;י;נ;י;ע;ב;ה;נ;ש;ה;ל;י;ל;ב;ו;(33, 8, 16, 56, 7681)
(33, 8, 17, 17, 7720);ל;א;ה;ה;ש;ע;מ;ל;כ;ת;א;י;ת;י;א;ר;ו;ה;א;ר;(33, 8, 16, 76, 7701)
(33, 8, 17, 37, 7740);א;ו;צ;מ;ל;ם;ד;א;ה;ל;כ;ו;י;א;ל;י;כ;ם;י;ה;(33, 8, 17, 18, 7721)
(33, 8, 17, 57, 7760);מ;ש;ה;ת;ח;ת;ה;ש;ע;נ;ר;ש;א;ה;ש;ע;מ;ה;ת;א;(33, 8, 17, 38, 7741)
(33, 8, 17, 77, 7780);ו;ש;ק;ב;ל;ם;ד;א;ה;ל;מ;ע;י;ר;ש;א;ל;ש;ב;ש;(33, 8, 17, 58, 7761)
(33, 8, 17, 97, 7800);ל;ם;כ;ח;ה;ר;מ;א;י;ם;א;ם;ג;ו;א;צ;מ;י;א;ל;(33, 8, 17, 78, 7781)
(33, 9, 1, 7, 7820);ז;ל;כ;ת;א;י;כ;א;צ;מ;ל;ל;כ;ו;י;א;ל;ת;ע;ד;(33, 8, 17, 98, 7801)
(33, 9, 1, 27, 7840);ז;ל;כ;ת;א;ר;ו;ב;ל;ו;י;ב;ל;ל;א;י;ת;ת;נ;ה;(33, 9, 1, 8, 7821)
(33, 9, 1, 47, 7860);ע;ו;ם;י;מ;כ;ח;ה;ו;ם;י;ק;י;ד;צ;ה;ר;ש;א;ה;(33, 9, 1, 28, 7841)
(33, 9, 1, 67, 7880);ה;ב;ה;א;ם;ג;ם;י;ה;ל;א;ה;ד;י;ב;ם;ה;י;ד;ב;(33, 9, 1, 48, 7861)
(33, 9, 1, 87, 7900);ל;כ;ה;ם;ד;א;ה;ע;ד;ו;י;ן;י;א;ה;א;נ;ש;ם;ג;(33, 9, 1, 68, 7881)
(33, 9, 2, 14, 7920);ה;ר;ק;מ;ל;כ;ל;ר;ש;א;כ;ל;כ;ה;ם;ה;י;נ;פ;ל;(33, 9, 1, 88, 7901)
(33, 9, 2, 34, 7940);ט;ל;ו;ב;ו;ט;ל;ע;ש;ר;ל;ו;ק;י;ד;צ;ל;ד;ח;א;(33, 9, 2, 15, 7921)
(33, 9, 2, 54, 7960);י;א;ר;ש;א;ל;ו;ח;ב;ז;ל;ו;א;מ;ט;ל;ו;ר;ו;ה;(33, 9, 2, 35, 7941)
(33, 9, 2, 74, 7980);כ;ע;ב;ש;נ;ה;א;ט;ח;כ;ב;ו;ט;כ;ח;ב;ז;ו;נ;נ;(33, 9, 2, 55, 7961)
(33, 9, 3, 9, 8000);ש;א;ל;כ;ב;ע;ר;ה;ז;א;ר;י;ה;ע;ו;ב;ש;ר;ש;א;(33, 9, 2, 75, 7981)
(33, 9, 3, 29, 8020);ח;א;ה;ר;ק;מ;י;כ;ש;מ;ש;ה;ת;ח;ת;ה;ש;ע;נ;ר;(33, 9, 3, 10, 8001)
(33, 9, 3, 49, 8040);ר;א;ל;מ;ם;ד;א;ה;י;נ;ב;ב;ל;ם;ג;ו;ל;כ;ל;ד;(33, 9, 3, 30, 8021)
(33, 9, 3, 69, 8060);ו;ם;ה;י;י;ח;ב;ם;ב;ב;ל;ב;ת;ו;ל;ל;ו;ה;ו;ע;(33, 9, 3, 50, 8041)
(33, 9, 4, 8, 8080);י;ר;ש;א;י;מ;י;כ;ם;י;ת;מ;ה;ל;א;ו;י;ר;ח;א;(33, 9, 3, 70, 8061)
(33, 9, 4, 28, 8100);כ;ן;ו;ח;ט;ב;ש;י;ם;י;י;ח;ה;ל;כ;ל;א;ר;ח;ב;(33, 9, 4, 9, 8081)
(33, 9, 4, 48, 8120);ה;י;ר;א;ה;ן;מ;ב;ו;ט;א;ו;ה;י;ח;ב;ל;כ;ל;י;(33, 9, 4, 29, 8101)
(33, 9, 5, 17, 8140);ת;מ;י;ש;ם;י;ע;ד;ו;י;ם;י;י;ח;ה;י;כ;ת;מ;ה;(33, 9, 4, 49, 8121)
(33, 9, 5, 37, 8160);ו;א;מ;ם;י;ע;ד;ו;י;ם;נ;י;א;ם;י;ת;מ;ה;ו;ו;(33, 9, 5, 18, 8141)
(33, 9, 5, 57, 8180);כ;ש;נ;י;כ;ר;כ;ש;ם;ה;ל;ד;ו;ע;ן;י;א;ו;ה;מ;(33, 9, 5, 38, 8161)
(33, 9, 6, 15, 8200);ג;ם;ת;א;נ;ש;ם;ג;ם;ת;ב;ה;א;ם;ג;ם;ר;כ;ז;ח;(33, 9, 5, 58, 8181)
(33, 9, 6, 35, 8220);ן;י;א;ק;ל;ח;ו;ה;ד;ב;א;ר;ב;כ;ם;ת;א;נ;ק;ם;(33, 9, 6, 16, 8201)
(33, 9, 6, 55, 8240);ש;ע;נ;ר;ש;א;ל;כ;ב;ם;ל;ו;ע;ל;ד;ו;ע;ם;ה;ל;(33, 9, 6, 36, 8221)
(33, 9, 7, 12, 8260);ח;ל;ה;ח;מ;ש;ב;ל;כ;א;ך;ל;ש;מ;ש;ה;ת;ח;ת;ה;(33, 9, 6, 56, 8241)
(33, 9, 7, 32, 8280);ב;כ;י;כ;ך;נ;י;י;ב;ו;ט;ב;ל;ב;ה;ת;ש;ו;ך;מ;(33, 9, 7, 13, 8261)
(33, 9, 8, 3, 8300);ל;כ;ב;ך;י;ש;ע;מ;ת;א;ם;י;ה;ל;א;ה;ה;צ;ר;ר;(33, 9, 7, 33, 8281)
(33, 9, 8, 23, 8320);ן;מ;ש;ו;ם;י;נ;ב;ל;ך;י;ד;ג;ב;ו;י;ה;י;ת;ע;(33, 9, 8, 4, 8301)
(33, 9, 9, 8, 8340);ע;ם;י;י;ח;ה;א;ר;ר;ס;ח;י;ל;א;ך;ש;א;ר;ל;ע;(33, 9, 8, 24, 8321)
(33, 9, 9, 28, 8360);ה;י;י;ח;י;מ;י;ל;כ;ת;ב;ה;א;ר;ש;א;ה;ש;א;ם;(33, 9, 9, 9, 8341)
(33, 9, 9, 48, 8380);ל;כ;ש;מ;ש;ה;ת;ח;ת;ך;ל;ן;ת;נ;ר;ש;א;ך;ל;ב;(33, 9, 9, 29, 8361)
(33, 9, 9, 68, 8400);י;י;ח;ב;ך;ק;ל;ח;א;ו;ה;י;כ;ך;ל;ב;ה;י;מ;י;(33, 9, 9, 49, 8381)
(33, 9, 9, 88, 8420);ה;ת;ח;ת;ל;מ;ע;ה;ת;א;ר;ש;א;ך;ל;מ;ע;ב;ו;ם;(33, 9, 9, 69, 8401)
(33, 9, 10, 17, 8440);ת;ו;ש;ע;ל;ך;ד;י;א;צ;מ;ת;ר;ש;א;ל;כ;ש;מ;ש;(33, 9, 9, 89, 8421)
(33, 9, 10, 37, 8460);ב;ש;ח;ו;ה;ש;ע;מ;ן;י;א;י;כ;ה;ש;ע;ך;ח;כ;ב;(33, 9, 10, 18, 8441)
(33, 9, 10, 57, 8480);א;ר;ש;א;ל;ו;א;ש;ב;ה;מ;כ;ח;ו;ת;ע;ד;ו;ן;ו;(33, 9, 10, 38, 8461)
(33, 9, 11, 12, 8500);ה;ת;ח;ת;ה;א;ר;ו;י;ת;ב;ש;ה;מ;ש;ך;ל;ה;ה;ת;(33, 9, 10, 58, 8481)
(33, 9, 11, 32, 8520);א;ל;ו;ץ;ו;ר;מ;ה;ם;י;ל;ק;ל;א;ל;י;כ;ש;מ;ש;(33, 9, 11, 13, 8501)
(33, 9, 11, 52, 8540);ח;ל;א;ל;ם;ג;ו;ה;מ;ח;ל;מ;ה;ם;י;ר;ו;ב;ג;ל;(33, 9, 11, 33, 8521)
(33, 9, 11, 72, 8560);ש;ע;ם;י;נ;ב;נ;ל;א;ל;ם;ג;ו;ם;ח;ל;ם;י;מ;כ;(33, 9, 11, 53, 8541)
(33, 9, 11, 92, 8580);פ;ו;ת;ע;י;כ;ן;ח;ם;י;ע;ד;י;ל;א;ל;ם;ג;ו;ר;(33, 9, 11, 73, 8561)
(33, 9, 12, 9, 8600);ע;ד;י;א;ל;ם;ג;י;כ;ם;ל;כ;ת;א;ה;ר;ק;י;ע;ג;(33, 9, 11, 93, 8581)
(33, 9, 12, 29, 8620);י;ז;ח;א;נ;ש;ם;י;ג;ד;כ;ו;ת;ע;ת;א;ם;ד;א;ה;(33, 9, 12, 10, 8601)
(33, 9, 12, 49, 8640);ח;א;ה;ם;י;ר;פ;צ;כ;ו;ה;ע;ר;ה;ד;ו;צ;מ;ב;ם;(33, 9, 12, 30, 8621)
(33, 9, 12, 69, 8660);א;ה;י;נ;ב;ם;י;ש;ק;ו;י;ם;ה;כ;ח;פ;ב;ת;ו;ז;(33, 9, 12, 50, 8641)
(33, 9, 12, 89, 8680);פ;ם;ה;י;ל;ע;ל;ו;פ;ת;ש;כ;ה;ע;ר;ת;ע;ל;ם;ד;(33, 9, 12, 70, 8661)
(33, 9, 13, 17, 8700);ה;ת;ח;ת;ה;מ;כ;ח;י;ת;י;א;ר;ה;ז;ם;ג;ם;א;ת;(33, 9, 12, 90, 8681)
(33, 9, 14, 5, 8720);ט;ק;ר;י;ע;י;ל;א;א;י;ה;ה;ל;ו;ד;ג;ו;ש;מ;ש;(33, 9, 13, 18, 8701)
(33, 9, 14, 25, 8740);ה;י;ל;א;א;ב;ו;ט;ע;מ;ה;ב;ם;י;ש;נ;א;ו;ה;נ;(33, 9, 14, 6, 8721)
(33, 9, 14, 45, 8760);ל;ע;ה;נ;ב;ו;ה;ת;א;ב;ב;ס;ו;ל;ו;ד;ג;ך;ל;מ;(33, 9, 14, 26, 8741)
(33, 9, 15, 7, 8780);א;ה;ב;א;צ;מ;ו;ם;י;ל;ד;ג;ם;י;ד;ו;צ;מ;ה;י;(33, 9, 14, 46, 8761)
(33, 9, 15, 27, 8800);ע;ה;ת;א;א;ו;ה;ט;ל;מ;ו;ם;כ;ח;ן;כ;ס;מ;ש;י;(33, 9, 15, 8, 8781)
(33, 9, 15, 47, 8820);ה;ת;א;ר;כ;ז;א;ל;ם;ד;א;ו;ו;ת;מ;כ;ח;ב;ר;י;(33, 9, 15, 28, 8801)
(33, 9, 16, 8, 8840);נ;א;י;ת;ר;מ;א;ו;א;ו;ה;ה;ן;כ;ס;מ;ה;ש;י;א;(33, 9, 15, 48, 8821)
(33, 9, 16, 28, 8860);ת;מ;כ;ח;ו;ה;ר;ו;ב;ג;מ;ה;מ;כ;ח;ה;ב;ו;ט;י;(33, 9, 16, 9, 8841)
(33, 9, 16, 48, 8880);ם;נ;י;א;ו;י;ר;ב;ד;ו;ה;י;ו;ז;ב;ן;כ;ס;מ;ה;(33, 9, 16, 29, 8861)
(33, 9, 17, 14, 8900);נ;ת;ח;נ;ב;ם;י;מ;כ;ח;י;ר;ב;ד;ם;י;ע;מ;ש;נ;(33, 9, 16, 49, 8881)
(33, 9, 17, 34, 8920);י;ל;י;ס;כ;ב;ל;ש;ו;מ;ת;ק;ע;ז;מ;ם;י;ע;מ;ש;(33, 9, 17, 15, 8901)
(33, 9, 18, 19, 8940);ט;ו;ח;ו;ב;ר;ק;י;ל;כ;מ;ה;מ;כ;ח;ה;ב;ו;ט;ם;(33, 9, 17, 35, 8921)
(33, 10, 1, 4, 8960);ב;ו;ב;ז;ה;ב;ר;ה;ה;ב;ו;ט;ד;ב;א;י;ד;ח;א;א;(33, 9, 18, 20, 8941)
(33, 10, 1, 24, 8980);ח;ק;ו;ר;ן;מ;ש;ע;י;ב;י;ש;י;א;ב;י;ת;ו;מ;י;(33, 10, 1, 5, 8961)
(33, 10, 1, 44, 9000);ע;מ;ת;ו;ל;כ;ס;ד;ו;ב;כ;מ;ה;מ;כ;ח;מ;ר;ק;י;(33, 10, 1, 25, 8981)
(33, 10, 2, 19, 9020);ל;ל;י;ס;כ;ב;ל;ו;ו;נ;י;מ;י;ל;ם;כ;ח;ב;ל;ט;(33, 10, 1, 45, 9001)
(33, 10, 3, 15, 9040);ל;ה;ל;כ;ס;ה;ש;כ;ך;ר;ד;ב;ם;ג;ו;ו;ל;א;מ;ש;(33, 10, 2, 20, 9021)
(33, 10, 3, 35, 9060);א;ו;ה;ל;כ;ס;ל;כ;ל;ר;מ;א;ו;ר;ס;ח;ו;ב;ל;ך;(33, 10, 3, 16, 9041)
(33, 10, 4, 20, 9080);ק;מ;ך;י;ל;ע;ה;ל;ע;ת;ל;ש;ו;מ;ה;ח;ו;ר;ם;א;(33, 10, 4, 1, 9061)
(33, 10, 4, 40, 9100);ט;ח;ח;י;נ;י;א;פ;ר;מ;י;כ;ח;נ;ת;ל;א;ך;מ;ו;(33, 10, 4, 21, 9081)
(33, 10, 5, 11, 9120);ת;י;ת;י;א;ר;ה;ע;ר;ש;י;ם;י;ל;ו;ד;ג;ם;י;א;(33, 10, 4, 41, 9101)
(33, 10, 5, 31, 9140);י;נ;פ;ל;מ;א;צ;י;ש;ה;ג;ג;ש;כ;ש;מ;ש;ה;ת;ח;(33, 10, 5, 12, 9121)
(33, 10, 6, 15, 9160);ר;ם;י;מ;ו;ר;מ;ב;ל;כ;ס;ה;ן;ת;נ;ט;י;ל;ש;ה;(33, 10, 5, 32, 9141)
(33, 10, 7, 2, 9180);א;ר;ו;ב;ש;י;ל;פ;ש;ב;ם;י;ר;י;ש;ע;ו;ם;י;ב;(33, 10, 6, 16, 9161)
(33, 10, 7, 22, 9200);ם;י;ר;ש;ו;ם;י;ס;ו;ס;ל;ע;ם;י;ד;ב;ע;י;ת;י;(33, 10, 7, 3, 9181)
(33, 10, 8, 3, 9220);ר;פ;ח;ץ;ר;א;ה;ל;ע;ם;י;ד;ב;ע;כ;ם;י;כ;ל;ה;(33, 10, 7, 23, 9201)
(33, 10, 8, 23, 9240);כ;ש;י;ר;ד;ג;ץ;ר;פ;ו;ל;ו;פ;י;ו;ב;ץ;מ;ו;ג;(33, 10, 8, 4, 9221)
(33, 10, 9, 15, 9260);ה;ב;ב;צ;ע;י;ם;י;נ;ב;א;ע;י;ס;מ;ש;ח;נ;ו;נ;(33, 10, 8, 24, 9241)
(33, 10, 10, 5, 9280);ה;ה;ק;ם;א;ם;ב;ן;כ;ס;י;ם;י;צ;ע;ע;ק;ו;ב;ם;(33, 10, 9, 16, 9261)
(33, 10, 10, 25, 9300);ו;ל;ק;ל;ק;ם;י;נ;פ;א;ל;א;ו;ה;ו;ל;ז;ר;ב;ה;(33, 10, 10, 6, 9281)
(33, 10, 10, 45, 9320);ר;י;ש;כ;ה;ן;ו;ר;ת;י;ו;ר;ב;ג;י;ם;י;ל;י;ח;(33, 10, 10, 26, 9301)
(33, 10, 11, 16, 9340);ש;ח;ל;א;ו;ל;ב;ש;ח;נ;ה;ך;ש;י;ם;א;ה;מ;כ;ח;(33, 10, 10, 46, 9321)
(33, 10, 12, 2, 9360);ב;ד;ן;ו;ש;ל;ה;ל;ע;ב;ל;ן;ו;ר;ת;י;ן;י;א;ו;(33, 10, 11, 17, 9341)
(33, 10, 12, 22, 9380);ת;ל;י;ס;כ;ת;ו;ת;פ;ש;ו;ן;ח;ם;כ;ח;י;פ;י;ר;(33, 10, 12, 3, 9361)
(33, 10, 13, 15, 9400);ל;כ;ס;ו;ה;י;פ;י;ר;ב;ד;ת;ל;ח;ת;ו;נ;ע;ל;ב;(33, 10, 12, 23, 9381)
(33, 10, 13, 35, 9420);ע;ר;ת;ו;ל;ל;ו;ה;ו;ה;י;פ;ת;י;ר;ח;א;ו;ת;ו;(33, 10, 13, 16, 9401)
(33, 10, 14, 19, 9440);ע;ד;י;א;ל;ם;י;ר;ב;ד;ה;ב;ר;י;ל;כ;ס;ה;ו;ה;(33, 10, 13, 36, 9421)
(33, 10, 14, 39, 9460);מ;ה;י;ה;י;ר;ש;א;ו;ה;י;ה;י;ש;ה;מ;ם;ד;א;ה;(33, 10, 14, 20, 9441)
(33, 10, 15, 7, 9480);י;ס;כ;ה;ל;מ;ע;ו;ל;ד;י;ג;י;י;מ;ו;י;ר;ח;א;(33, 10, 14, 40, 9461)
(33, 10, 15, 27, 9500);כ;ל;ל;ע;ד;י;א;ל;ר;ש;א;ו;נ;ע;ג;י;ת;ם;י;ל;(33, 10, 15, 8, 9481)
(33, 10, 16, 14, 9520);ע;נ;ך;כ;ל;מ;ש;ץ;ר;א;ך;ל;י;א;ר;י;ע;ל;א;ת;(33, 10, 15, 28, 9501)
(33, 10, 17, 5, 9540);ך;י;ר;ש;א;ו;ל;כ;א;י;ר;ק;ב;ב;ך;י;ר;ש;ו;ר;(33, 10, 16, 15, 9521)
(33, 10, 17, 25, 9560);ך;י;ר;ש;ו;ם;י;ר;ו;ח;ן;ב;ך;כ;ל;מ;ש;ץ;ר;א;(33, 10, 17, 6, 9541)
(33, 10, 17, 45, 9580);ת;ש;ב;א;ל;ו;ה;ר;ו;ב;ג;ב;ו;ל;כ;א;י;ת;ע;ב;(33, 10, 17, 26, 9561)
(33, 10, 18, 19, 9600);פ;ש;ב;ו;ה;ר;ק;מ;ה;ך;מ;י;ם;י;ת;ל;צ;ע;ב;י;(33, 10, 17, 46, 9581)
(33, 10, 19, 5, 9620);ק;ו;ח;ש;ל;ת;י;ב;ה;ף;ל;ד;י;ם;י;ד;י;ת;ו;ל;(33, 10, 18, 20, 9601)
(33, 10, 19, 25, 9640);ו;ם;י;י;ח;ח;מ;ש;י;ן;י;י;ו;ם;ח;ל;ם;י;ש;ע;(33, 10, 19, 6, 9621)
(33, 10, 20, 7, 9660);ך;ע;ד;מ;ב;ם;ג;ל;כ;ה;ת;א;ה;נ;ע;י;ף;ס;כ;ה;(33, 10, 19, 26, 9641)
(33, 10, 20, 27, 9680);ך;ב;כ;ש;מ;י;ר;ד;ח;ב;ו;ל;ל;ק;ת;ל;א;ך;ל;מ;(33, 10, 20, 8, 9661)
(33, 10, 20, 47, 9700);ם;י;מ;ש;ה;ף;ו;ע;י;כ;ר;י;ש;ע;ל;ל;ק;ת;ל;א;(33, 10, 20, 28, 9681)
(33, 10, 20, 67, 9720);י;פ;נ;כ;ה;ל;ע;ב;ו;ל;ו;ק;ה;ת;א;ך;י;ל;ו;י;(33, 10, 20, 48, 9701)
(33, 11, 1, 12, 9740);י;נ;פ;ל;ע;ך;מ;ח;ל;ח;ל;ש;ר;ב;ד;ד;י;ג;י;ם;(33, 10, 20, 68, 9721)
(33, 11, 1, 32, 9760);ו;נ;א;צ;מ;ת;ם;י;מ;י;ה;ב;ר;ב;י;כ;ם;י;מ;ה;(33, 11, 1, 13, 9741)
(33, 11, 2, 20, 9780);כ;ה;נ;ו;מ;ש;ל;ם;ג;ו;ה;ע;ב;ש;ל;ק;ל;ח;ן;ת;(33, 11, 2, 1, 9761)
(33, 11, 2, 40, 9800);ר;א;ה;ל;ע;ה;ע;ר;ה;י;ה;י;ה;מ;ע;ד;ת;א;ל;י;(33, 11, 2, 21, 9781)
(33, 11, 3, 19, 9820);א;ה;ל;ע;ם;ש;ג;ם;י;ב;ע;ה;ו;א;ל;מ;י;ם;א;ץ;(33, 11, 2, 41, 9801)
(33, 11, 3, 39, 9840);ו;ר;ד;ב;ץ;ע;ל;ו;פ;י;ם;א;ו;ו;ק;י;ר;י;ץ;ר;(33, 11, 3, 20, 9821)
(33, 11, 3, 59, 9860);ע;ה;ל;ו;פ;י;ש;ם;ו;ק;מ;ן;ו;פ;צ;ב;ם;א;ו;ם;(33, 11, 3, 40, 9841)
(33, 11, 4, 13, 9880);ו;ע;ר;ז;י;א;ל;ח;ו;ר;ר;מ;ש;א;ו;ה;י;ם;ש;ץ;(33, 11, 3, 60, 9861)
(33, 11, 5, 5, 9900);א;ר;ש;א;כ;ר;ו;צ;ק;י;א;ל;ם;י;ב;ע;ב;ה;א;ר;(33, 11, 4, 14, 9881)
(33, 11, 5, 25, 9920);מ;צ;ע;כ;ח;ו;ר;ה;ך;ר;ד;ה;מ;ע;ד;ו;י;ך;נ;י;(33, 11, 5, 6, 9901)
(33, 11, 5, 45, 9940);א;ע;ד;ת;א;ל;ה;כ;כ;ה;א;ל;מ;ה;ן;ט;ב;ב;ם;י;(33, 11, 5, 26, 9921)
(33, 11, 5, 65, 9960);ת;א;ה;ש;ע;י;ר;ש;א;ם;י;ה;ל;א;ה;ה;ש;ע;מ;ת;(33, 11, 5, 46, 9941)
(33, 11, 6, 17, 9980);ר;ע;ל;ו;ך;ע;ר;ז;ת;א;ע;ר;ז;ר;ק;ב;ב;ל;כ;ה;(33, 11, 5, 66, 9961)
(33, 11, 6, 37, 10000);א;ע;ד;ו;י;ך;נ;י;א;י;כ;ך;ד;י;ח;נ;ת;ל;א;ב;(33, 11, 6, 18, 9981)
(33, 11, 6, 57, 10020);י;נ;ש;ם;א;ו;ה;ז;ו;א;ה;ז;ה;ר;ש;כ;י;ה;ז;י;(33, 11, 6, 38, 10001)
(33, 11, 7, 9, 10040);ר;ו;א;ה;ק;ו;ת;מ;ו;ם;י;ב;ו;ט;ד;ח;א;כ;ם;ה;(33, 11, 6, 58, 10021)
(33, 11, 7, 29, 10060);מ;ש;ה;ת;א;ת;ו;א;ר;ל;ם;י;נ;י;ע;ל;ב;ו;ט;ו;(33, 11, 7, 10, 10041)
(33, 11, 8, 19, 10080);ד;א;ה;ה;י;ח;י;ה;ב;ר;ה;ם;י;נ;ש;ם;א;י;כ;ש;(33, 11, 7, 30, 10061)
(33, 11, 8, 39, 10100);ה;י;מ;י;ת;א;ר;כ;ז;י;ו;ח;מ;ש;י;ם;ל;כ;ב;ם;(33, 11, 8, 20, 10081)
(33, 11, 8, 59, 10120);ב;ה;א;ב;ש;ל;כ;ו;י;ה;י;ה;ב;ר;ה;י;כ;ך;ש;ח;(33, 11, 8, 40, 10101)
(33, 11, 9, 19, 10140);י;ט;י;ו;ך;י;ת;ו;ד;ל;י;ב;ר;ו;ח;ב;ח;מ;ש;ל;(33, 11, 8, 60, 10121)
(33, 11, 9, 39, 10160);ל;ה;ו;ך;י;ת;ו;ר;ו;ח;ב;י;מ;י;ב;ך;ב;ל;ך;ב;(33, 11, 9, 20, 10141)
(33, 11, 9, 59, 10180);ך;י;נ;י;ע;י;א;ר;מ;ב;ו;ך;ב;ל;י;כ;ר;ד;ב;ך;(33, 11, 9, 40, 10161)
(33, 11, 9, 79, 10200);ל;א;ה;ך;א;י;ב;י;ה;ל;א;ל;כ;ל;ע;י;כ;ע;ד;ו;(33, 11, 9, 60, 10181)
(33, 11, 10, 12, 10220);ו;ך;ב;ל;מ;ס;ע;כ;ר;ס;ה;ו;ט;פ;ש;מ;ב;ם;י;ה;(33, 11, 9, 80, 10201)
(33, 11, 10, 32, 10240);ת;ו;ד;ל;י;ה;י;כ;ך;ר;ש;ב;מ;ה;ע;ר;ר;ב;ע;ה;(33, 11, 10, 13, 10221)
(33, 12, 1, 10, 10260);א;ר;ו;ב;ת;א;ר;כ;ז;ו;ל;ב;ה;ת;ו;ר;ח;ש;ה;ו;(33, 11, 10, 33, 10241)
(33, 12, 1, 30, 10280);א;ל;ר;ש;א;ד;ע;ך;י;ת;ר;ו;ח;ב;י;מ;י;ב;ך;י;(33, 12, 1, 11, 10261)
(33, 12, 1, 50, 10300);י;נ;ש;ו;ע;י;ג;ה;ו;ה;ע;ר;ה;י;מ;י;ו;א;ב;י;(33, 12, 1, 31, 10281)
(33, 12, 2, 1, 10320);ע;ץ;פ;ח;ם;ה;ב;י;ל;ן;י;א;ר;מ;א;ת;ר;ש;א;ם;(33, 12, 1, 51, 10301)
(33, 12, 2, 21, 10340);ו;ר;ו;א;ה;ו;ש;מ;ש;ה;ך;ש;ח;ת;א;ל;ר;ש;א;ד;(33, 12, 2, 2, 10321)
(33, 12, 2, 41, 10360);י;ב;ע;ה;ו;ב;ש;ו;ם;י;ב;כ;ו;כ;ה;ו;ח;ר;י;ה;(33, 12, 2, 22, 10341)
(33, 12, 3, 12, 10380);ר;מ;ש;ו;ע;ז;י;ש;ם;ו;י;ב;ם;ש;ג;ה;ר;ח;א;ם;(33, 12, 2, 42, 10361)
(33, 12, 3, 32, 10400);ל;י;ח;ה;י;ש;נ;א;ו;ת;ו;ע;ת;ה;ו;ת;י;ב;ה;י;(33, 12, 3, 13, 10381)
(33, 12, 3, 52, 10420);ש;ח;ו;ו;ט;ע;מ;י;כ;ת;ו;נ;ח;ט;ה;ו;ל;ט;ב;ו;(33, 12, 3, 33, 10401)
(33, 12, 4, 7, 10440);ל;ד;ו;ר;ג;ס;ו;ת;ו;ב;ר;א;ב;ת;ו;א;ר;ה;ו;כ;(33, 12, 3, 53, 10421)
(33, 12, 4, 27, 10460);ו;ה;נ;ח;ט;ה;ל;ו;ק;ל;פ;ש;ב;ק;ו;ש;ב;ם;י;ת;(33, 12, 4, 8, 10441)
(33, 12, 4, 47, 10480);ל;כ;ו;ח;ש;י;ו;ר;ו;פ;צ;ה;ל;ו;ק;ל;ם;ו;ק;י;(33, 12, 4, 28, 10461)
(33, 12, 5, 12, 10500);ח;ו;ו;א;ר;י;ה;ב;ג;מ;ם;ג;ר;י;ש;ה;ת;ו;נ;ב;(33, 12, 4, 48, 10481)
(33, 12, 5, 32, 10520);י;ו;ד;ק;ש;ה;ץ;א;נ;י;ו;ך;ר;ד;ב;ם;י;ת;ח;ת;(33, 12, 5, 13, 10501)
(33, 12, 5, 52, 10540);כ;ה;נ;ו;י;ב;א;ה;ר;פ;ת;ו;ב;ג;ח;ה;ל;ב;ת;ס;(33, 12, 5, 33, 10521)
(33, 12, 5, 72, 10560);ס;ו;ו;מ;ל;ו;ע;ת;י;ב;ל;א;ם;ד;א;ה;ך;ל;ה;י;(33, 12, 5, 53, 10541)
(33, 12, 6, 6, 10580);ל;ר;ש;א;ד;ע;ם;י;ד;פ;ו;ס;ה;ק;ו;ש;ב;ו;ב;ב;(33, 12, 5, 73, 10561)
(33, 12, 6, 26, 10600);ת;ל;ג;ץ;ו;ר;ת;ו;ף;ס;כ;ה;ל;ב;ח;ק;ח;ר;י;א;(33, 12, 6, 7, 10581)
(33, 12, 6, 46, 10620);נ;ו;ע;ו;ב;מ;ה;ל;ע;ד;כ;ר;ב;ש;ת;ו;ב;ה;ז;ה;(33, 12, 6, 27, 10601)
(33, 12, 7, 7, 10640);פ;ע;ה;ב;ש;י;ו;ר;ו;ב;ה;ל;א;ל;ג;ל;ג;ה;ץ;ר;(33, 12, 6, 47, 10621)
(33, 12, 7, 27, 10660);ו;ש;ת;ח;ו;ר;ה;ו;ה;י;ה;ש;כ;ץ;ר;א;ה;ל;ע;ר;(33, 12, 7, 8, 10641)
(33, 12, 8, 4, 10680);ה;ל;ב;ה;ה;נ;ת;נ;ר;ש;א;ם;י;ה;ל;א;ה;ל;א;ב;(33, 12, 7, 28, 10661)
(33, 12, 9, 1, 10700);ו;ל;ב;ה;ל;כ;ה;ת;ל;ה;ו;ק;ה;ר;מ;א;ם;י;ל;ב;(33, 12, 8, 5, 10681)
(33, 12, 9, 21, 10720);ד;מ;ל;ד;ו;ע;ם;כ;ח;ת;ל;ה;ק;ה;י;ה;ש;ר;ת;י;(33, 12, 9, 2, 10701)
(33, 12, 9, 41, 10740);מ;ן;ק;ת;ר;ק;ח;ו;ן;ז;א;ו;ם;ע;ה;ת;א;ת;ע;ד;(33, 12, 9, 22, 10721)
(33, 12, 10, 12, 10760);ד;א;צ;מ;ל;ת;ל;ה;ק;ש;ק;ב;ה;ב;ר;ה;ם;י;ל;ש;(33, 12, 9, 42, 10741)
(33, 12, 10, 32, 10780);מ;א;י;ר;ב;ד;ר;ש;י;ב;ו;ת;כ;ו;ץ;פ;ח;י;ר;ב;(33, 12, 10, 13, 10761)
(33, 12, 11, 19, 10800);מ;כ;ו;ת;ו;נ;ב;ר;ד;כ;ם;י;מ;כ;ח;י;ר;ב;ד;ת;(33, 12, 10, 33, 10781)
(33, 12, 11, 39, 10820);ת;ו;פ;ס;א;י;ל;ע;ב;ם;י;ע;ו;ט;נ;ת;ו;ר;מ;ש;(33, 12, 11, 20, 10801)
(33, 12, 12, 9, 10840);ב;ה;מ;ה;מ;ר;ת;י;ו;ד;ח;א;ה;ע;ר;מ;ו;נ;ת;נ;(33, 12, 11, 40, 10821)
(33, 12, 12, 29, 10860);א;ה;ב;ר;ה;ם;י;ר;פ;ס;ת;ו;ש;ע;ר;ה;ז;ה;י;נ;(33, 12, 12, 10, 10841)
(33, 12, 13, 1, 10880);ס;ר;ש;ב;ת;ע;ג;י;ה;ב;ר;ה;ג;ה;ל;ו;ץ;ק;ן;י;(33, 12, 12, 30, 10861)
(33, 12, 13, 21, 10900);ם;י;ה;ל;א;ה;ת;א;ע;מ;ש;נ;ל;כ;ה;ר;ב;ד;ף;ו;(33, 12, 13, 2, 10881)
(33, 12, 13, 41, 10920);ה;ז;י;כ;ר;ו;מ;ש;ו;י;ת;ו;צ;מ;ת;א;ו;א;ר;י;(33, 12, 13, 22, 10901)
(33, 12, 14, 14, 10940);ה;ל;א;ה;ה;ש;ע;מ;ל;כ;ת;א;י;כ;ם;ד;א;ה;ל;כ;(33, 12, 13, 42, 10921)
(33, 12, 14, 34, 10960);ם;א;ם;ל;ע;נ;ל;כ;ל;ע;ט;פ;ש;מ;ב;א;ב;י;ם;י;(33, 12, 14, 15, 10941)
(33, 12, 14, 42, 10968); ; ; ; ; ; ; ; ; ; ; ; ;ע;ר;ם;א;ו;ב;ו;ט;(33, 12, 14, 35, 10961)
