(37, 1, 1, 20, 20);י;ה;י;ו;ה;י;ל;כ;ח;ן;ב;ה;י;מ;ח;נ;י;ר;ב;ד;(37, 1, 1, 1, 1)
(37, 1, 1, 40, 40);י;נ;א;ו;ם;י;ר;ש;ע;ת;נ;ש;ו;ל;ס;כ;ש;ד;ח;ב;(37, 1, 1, 21, 21)
(37, 1, 2, 5, 60);ח;א;ב;י;ו;ה;ר;י;ב;ה;ן;ש;ו;ש;ב;י;ת;י;י;ה;(37, 1, 1, 41, 41)
(37, 1, 2, 25, 80);מ;ם;י;ש;נ;א;ו;א;ו;ה;י;ח;א;מ;ד;ח;א;י;נ;נ;(37, 1, 2, 6, 61)
(37, 1, 2, 45, 100);ם;י;ד;ו;ה;י;ה;ל;ע;ם;ל;א;ש;א;ו;ה;ד;ו;ה;י;(37, 1, 2, 26, 81)
(37, 1, 2, 65, 120);י;ב;ש;ה;ן;מ;ו;ר;א;ש;נ;ר;ש;א;ה;ט;י;ל;פ;ה;(37, 1, 2, 46, 101)
(37, 1, 3, 11, 140);ש;נ;ה;י;ל;ו;ר;מ;א;י;ו;ם;ל;ש;ו;ר;י;ל;ע;ו;(37, 1, 2, 66, 121)
(37, 1, 3, 31, 160);ם;ש;י;ב;ש;ה;ן;מ;ו;ר;א;ש;נ;ר;ש;א;ם;י;ר;א;(37, 1, 3, 12, 141)
(37, 1, 3, 51, 180);ה;פ;ר;ח;ב;ו;ה;ל;ד;ג;ה;ע;ר;ב;ה;נ;י;ד;מ;ב;(37, 1, 3, 32, 161)
(37, 1, 3, 71, 200);ר;ע;ש;ו;ת;צ;ר;פ;מ;ם;ל;ש;ו;ר;י;ת;מ;ו;ח;ו;(37, 1, 3, 52, 181)
(37, 1, 4, 11, 220);ת;א;י;ע;מ;ש;כ;י;ה;י;ו;ש;א;ב;ו;ת;צ;נ;ה;י;(37, 1, 3, 72, 201)
(37, 1, 4, 31, 240);ה;כ;ב;א;ו;י;ת;ב;ש;י;ה;ל;א;ה;ם;י;ר;ב;ד;ה;(37, 1, 4, 12, 221)
(37, 1, 4, 51, 260);ת;מ;ו;ם;צ;י;ה;א;ו;ם;י;מ;י;ה;ל;ב;א;ת;א;ו;(37, 1, 4, 32, 241)
(37, 1, 5, 4, 280);ר;מ;א;ו;ם;י;מ;ש;ה;י;ה;ל;א;י;נ;פ;ל;ל;ל;פ;(37, 1, 4, 52, 261)
(37, 1, 5, 24, 300);ה;ל;א;ה;ם;י;מ;ש;ה;י;ה;ל;א;ה;ו;ה;י;א;נ;א;(37, 1, 5, 5, 281)
(37, 1, 5, 44, 320);ח;ו;ת;י;ר;ב;ה;ר;מ;ש;א;ר;ו;נ;ה;ו;ל;ו;ד;ג;(37, 1, 5, 25, 301)
(37, 1, 5, 64, 340);ו;י;ת;ו;צ;מ;י;ר;מ;ש;ל;ו;ו;י;ב;ה;א;ל;ד;ס;(37, 1, 5, 45, 321)
(37, 1, 6, 20, 360);פ;ך;י;נ;י;ע;ו;ת;ב;ש;ק;ך;נ;ז;א;א;נ;י;ה;ת;(37, 1, 6, 1, 341)
(37, 1, 6, 40, 380);א;ך;ד;ב;ע;ת;ל;פ;ת;ל;א;ע;מ;ש;ל;ת;ו;ח;ו;ת;(37, 1, 6, 21, 361)
(37, 1, 6, 60, 400);ם;ו;י;ה;ך;י;נ;פ;ל;ל;ל;פ;ת;מ;י;כ;נ;א;ר;ש;(37, 1, 6, 41, 381)
(37, 1, 6, 80, 420);ע;ל;א;ר;ש;י;י;נ;ב;ל;ע;ה;ל;י;ל;ו;ם;מ;ו;י;(37, 1, 6, 61, 401)
(37, 1, 6, 100, 440);י;נ;ב;ת;ו;א;ט;ח;ל;ע;ה;ד;ו;ת;מ;ו;ך;י;ד;ב;(37, 1, 6, 81, 421)
(37, 1, 6, 120, 460);ו;י;נ;א;ו;ך;ל;ו;נ;א;ט;ח;ר;ש;א;ל;א;ר;ש;י;(37, 1, 6, 101, 441)
(37, 1, 7, 9, 480);ל;ו;נ;ל;ב;ח;ל;ב;ח;ו;נ;א;ט;ח;י;ב;א;ת;י;ב;(37, 1, 6, 121, 461)
(37, 1, 7, 29, 500);ה;ת;א;ו;ת;ו;צ;מ;ה;ת;א;ו;נ;ר;מ;ש;א;ל;ו;ך;(37, 1, 7, 10, 481)
(37, 1, 7, 49, 520);י;ו;צ;ר;ש;א;ם;י;ט;פ;ש;מ;ה;ת;א;ו;ם;י;ק;ח;(37, 1, 7, 30, 501)
(37, 1, 8, 10, 540);ב;ד;ה;ת;א;א;נ;ר;כ;ז;ך;ד;ב;ע;ה;ש;מ;ת;א;ת;(37, 1, 7, 50, 521)
(37, 1, 8, 30, 560);מ;א;ל;ך;ד;ב;ע;ה;ש;מ;ת;א;ת;י;ו;צ;ר;ש;א;ר;(37, 1, 8, 11, 541)
(37, 1, 8, 50, 580);ם;כ;ת;א;ץ;י;פ;א;י;נ;א;ו;ל;ע;מ;ת;ם;ת;א;ר;(37, 1, 8, 31, 561)
(37, 1, 9, 15, 600);מ;ם;ת;ר;מ;ש;ו;י;ל;א;ם;ת;ב;ש;ו;ם;י;מ;ע;ב;(37, 1, 8, 51, 581)
(37, 1, 9, 35, 620);נ;ה;י;ה;י;ם;א;ם;ת;א;ם;ת;י;ש;ע;ו;י;ת;ו;צ;(37, 1, 9, 16, 601)
(37, 1, 9, 55, 640);צ;ב;ק;א;ם;ש;מ;ם;י;מ;ש;ה;ה;צ;ק;ב;ם;כ;ח;ד;(37, 1, 9, 36, 621)
(37, 1, 9, 75, 660);ב;ר;ש;א;ם;ו;ק;מ;ה;ל;א;ם;י;ת;א;ו;ב;ה;ו;ם;(37, 1, 9, 56, 641)
(37, 1, 10, 5, 680);ב;ע;ם;ה;ו;ם;ש;י;מ;ש;ת;א;ן;כ;ש;ל;י;ת;ר;ח;(37, 1, 9, 76, 661)
(37, 1, 10, 25, 700);ג;ה;ך;ח;כ;ב;ת;י;ד;פ;ר;ש;א;ך;מ;ע;ו;ך;י;ד;(37, 1, 10, 6, 681)
(37, 1, 11, 7, 720);י;נ;ד;א;א;נ;א;ה;ק;ז;ח;ה;ך;ד;י;ב;ו;ל;ו;ד;(37, 1, 10, 26, 701)
(37, 1, 11, 27, 740);ע;ת;ל;פ;ת;ל;א;ת;ב;ש;ק;ך;נ;ז;א;א;נ;י;ה;ת;(37, 1, 11, 8, 721)
(37, 1, 11, 47, 760);י;צ;פ;ח;ה;ך;י;ד;ב;ע;ת;ל;פ;ת;ל;א;ו;ך;ד;ב;(37, 1, 11, 28, 741)
(37, 1, 11, 67, 780);א;נ;ה;ח;י;ל;צ;ה;ו;ך;מ;ש;ת;א;ה;א;ר;י;ל;ם;(37, 1, 11, 48, 761)
(37, 1, 11, 87, 800);ם;י;מ;ח;ר;ל;ו;ה;נ;ת;ו;ם;ו;י;ה;ך;ד;ב;ע;ל;(37, 1, 11, 68, 781)
(37, 1, 11, 107, 820);י;ת;י;י;ה;י;נ;א;ו;ה;ז;ה;ש;י;א;ה;י;נ;פ;ל;(37, 1, 11, 88, 801)
(37, 2, 1, 12, 840);ן;ס;י;נ;ש;ד;ח;ב;י;ה;י;ו;ך;ל;מ;ל;ה;ק;ש;מ;(37, 1, 11, 108, 821)
(37, 2, 1, 32, 860);ל;מ;ה;א;ת;ס;ש;ח;ת;ר;א;ל;ם;י;ר;ש;ע;ת;נ;ש;(37, 2, 1, 13, 841)
(37, 2, 1, 52, 880);ו;ן;י;י;ה;ת;א;א;ש;א;ו;ו;י;נ;פ;ל;ן;י;י;ך;(37, 2, 1, 33, 861)
(37, 2, 1, 72, 900);פ;ל;ע;ר;י;ת;י;י;ה;א;ל;ו;ך;ל;מ;ל;ה;נ;ת;א;(37, 2, 1, 53, 881)
(37, 2, 2, 17, 920);נ;פ;ע;ו;ד;מ;ך;ל;מ;ה;י;ל;ר;מ;א;י;ו;ו;י;נ;(37, 2, 1, 73, 901)
(37, 2, 2, 37, 940);י;א;ה;ל;ו;ח;ך;נ;י;א;ה;ת;א;ו;ם;י;ע;ר;ך;י;(37, 2, 2, 18, 921)
(37, 2, 2, 57, 960);ה;ב;ר;ה;א;ר;י;א;ו;ב;ל;ע;ר;ם;א;י;כ;ה;ז;ן;(37, 2, 2, 38, 941)
(37, 2, 3, 17, 980);ם;ל;ו;ע;ל;ך;ל;מ;ה;ך;ל;מ;ל;ר;מ;א;ו;ד;א;מ;(37, 2, 2, 58, 961)
(37, 2, 3, 37, 1000);ר;ש;א;י;נ;פ;ו;ע;ר;י;א;ל;ע;ו;ד;מ;ה;י;ח;י;(37, 2, 3, 18, 981)
(37, 2, 3, 57, 1020);ה;ב;ר;ח;י;ת;ב;א;ת;ו;ר;ב;ק;ת;י;ב;ר;י;ע;ה;(37, 2, 3, 38, 1001)
(37, 2, 4, 7, 1040);י;ל;ר;מ;א;י;ו;ש;א;ב;ו;ל;כ;א;ה;י;ר;ע;ש;ו;(37, 2, 3, 58, 1021)
(37, 2, 4, 27, 1060);ת;א;ו;ש;ק;ב;מ;ה;ת;א;ה;ז;ה;מ;ל;ע;ך;ל;מ;ה;(37, 2, 4, 8, 1041)
(37, 2, 5, 6, 1080);מ;ל;ר;מ;א;ו;ם;י;מ;ש;ה;י;ה;ל;א;ל;א;ל;ל;פ;(37, 2, 4, 28, 1061)
(37, 2, 5, 26, 1100);ב;ט;י;י;ם;א;ו;ב;ו;ט;ך;ל;מ;ה;ל;ע;ם;א;ך;ל;(37, 2, 5, 7, 1081)
(37, 2, 5, 46, 1120);ל;א;י;נ;ח;ל;ש;ת;ר;ש;א;ך;י;נ;פ;ל;ך;ד;ב;ע;(37, 2, 5, 27, 1101)
(37, 2, 5, 66, 1140);ו;י;ת;ב;א;ת;ו;ר;ב;ק;ר;י;ע;ל;א;ה;ד;ו;ה;י;(37, 2, 5, 47, 1121)
(37, 2, 6, 15, 1160);ג;ש;ה;ו;ך;ל;מ;ה;י;ל;ר;מ;א;י;ו;ה;נ;נ;ב;א;(37, 2, 5, 67, 1141)
(37, 2, 6, 35, 1180);מ;ה;י;ה;י;י;ת;מ;ד;ע;ו;ל;צ;א;ת;ב;ש;ו;י;ל;(37, 2, 6, 16, 1161)
(37, 2, 6, 55, 1200);נ;פ;ל;ב;ט;י;י;ו;ב;ו;ש;ת;י;ת;מ;ו;ך;כ;ל;ה;(37, 2, 6, 36, 1181)
(37, 2, 6, 75, 1220);ז;ו;ל;ה;נ;ת;א;ו;י;נ;ח;ל;ש;י;ו;ך;ל;מ;ה;י;(37, 2, 6, 56, 1201)
(37, 2, 7, 18, 1240);ט;ך;ל;מ;ה;ל;ע;ם;א;ך;ל;מ;ל;ר;מ;ו;א;ו;ן;מ;(37, 2, 6, 76, 1221)
(37, 2, 7, 38, 1260);ת;ו;ו;ח;פ;ל;ע;י;ל;ו;נ;ת;י;ת;ו;ר;ג;א;ב;ו;(37, 2, 7, 19, 1241)
(37, 2, 7, 58, 1280);ד;ע;י;נ;ו;ר;י;ב;ע;י;ר;ש;א;ר;ה;נ;ה;ר;ב;ע;(37, 2, 7, 39, 1261)
(37, 2, 8, 6, 1300);א;ת;ר;ג;א;ו;ה;ד;ו;ה;י;ל;א;א;ו;ב;א;ר;ש;א;(37, 2, 7, 59, 1281)
(37, 2, 8, 26, 1320);א;ך;ל;מ;ל;ר;ש;א;ס;ד;ר;פ;ה;ר;מ;ש;ף;ס;א;ל;(37, 2, 8, 7, 1301)
(37, 2, 8, 46, 1340);ע;ש;ת;א;ת;ו;ר;ק;ל;ם;י;צ;ע;י;ל;ן;ת;י;ר;ש;(37, 2, 8, 27, 1321)
(37, 2, 8, 66, 1360);ת;מ;ו;ח;ל;ו;ת;י;ב;ל;ר;ש;א;ה;ר;י;ב;ה;י;ר;(37, 2, 8, 47, 1341)
(37, 2, 8, 86, 1380);ו;י;ל;א;א;ו;ב;א;ר;ש;א;ת;י;ב;ל;ו;ר;י;ע;ה;(37, 2, 8, 67, 1361)
(37, 2, 8, 106, 1400);ו;ט;ה;י;ה;ל;א;ד;י;כ;ך;ל;מ;ה;י;ל;ן;ת;י;ו;(37, 2, 8, 87, 1381)
(37, 2, 9, 15, 1420);ר;ב;ע;ת;ו;ו;ח;פ;ל;א;א;ו;ב;א;ו;י;ל;ע;ה;ב;(37, 2, 8, 107, 1401)
(37, 2, 9, 35, 1440);ה;ת;ו;ר;ג;א;ת;א;ם;ה;ל;ה;נ;ת;א;ו;ר;ה;נ;ה;(37, 2, 9, 16, 1421)
(37, 2, 9, 55, 1460);י;ח;י;ר;ש;ך;ל;מ;ה;י;מ;ע;ח;ל;ש;י;ו;ך;ל;מ;(37, 2, 9, 36, 1441)
(37, 2, 10, 13, 1480);ר;ח;ה;ט;ל;ב;נ;ס;ע;מ;ש;י;ו;ם;י;ש;ר;פ;ו;ל;(37, 2, 9, 56, 1461)
(37, 2, 10, 33, 1500);ר;י;ו;י;נ;מ;ע;ה;ד;ב;ע;ה;ה;י;ב;ו;ט;ו;י;נ;(37, 2, 10, 14, 1481)
(37, 2, 10, 53, 1520);ל;ם;ד;א;א;ב;ר;ש;א;ה;ל;ד;ג;ה;ע;ר;ם;ה;ל;ע;(37, 2, 10, 34, 1501)
(37, 2, 11, 4, 1540);ו;ב;א;ו;ל;א;ר;ש;י;י;נ;ב;ל;ה;ב;ו;ט;ש;ק;ב;(37, 2, 10, 54, 1521)
(37, 2, 11, 24, 1560);ש;ם;י;מ;י;ם;ש;י;ה;א;ו;ם;ל;ש;ו;ר;י;ל;א;א;(37, 2, 11, 5, 1541)
(37, 2, 12, 17, 1580);י;ש;נ;א;ו;י;נ;א;ה;ל;י;ל;ם;ו;ק;א;ו;ה;ש;ל;(37, 2, 11, 25, 1561)
(37, 2, 12, 37, 1600);מ;ם;ד;א;ל;י;ת;ד;ג;ה;א;ל;ו;י;מ;ע;ט;ע;מ;ם;(37, 2, 12, 18, 1581)
(37, 2, 12, 57, 1620);י;ל;ת;ו;ש;ע;ל;י;ב;ל;ל;א;ן;ת;נ;י;ה;ל;א;ה;(37, 2, 12, 38, 1601)
(37, 2, 12, 77, 1640);ם;א;י;כ;י;מ;ע;ן;י;א;ה;מ;ה;ב;ו;ם;ל;ש;ו;ר;(37, 2, 12, 58, 1621)
(37, 2, 13, 4, 1660);א;צ;א;ו;ה;ב;ב;כ;ר;י;נ;א;ר;ש;א;ה;מ;ה;ב;ה;(37, 2, 12, 78, 1641)
(37, 2, 13, 24, 1680);ע;י;נ;פ;ל;א;ו;ה;ל;י;ל;א;י;ג;ה;ר;ע;ש;ב;ה;(37, 2, 13, 5, 1661)
(37, 2, 13, 44, 1700);א;ו;ת;פ;ש;א;ה;ר;ע;ש;ל;א;ו;ן;י;נ;ת;ה;ן;י;(37, 2, 13, 25, 1681)
(37, 2, 13, 64, 1720);ה;ר;ש;א;ם;ל;ש;ו;ר;י;ת;מ;ו;ח;ב;ר;ב;ש;י;ה;(37, 2, 13, 45, 1701)
(37, 2, 13, 84, 1740);ש;א;ב;ו;ל;כ;א;ה;י;ר;ע;ש;ו;ם;י;צ;ו;ר;פ;מ;(37, 2, 13, 65, 1721)
(37, 2, 14, 20, 1760);כ;ר;ב;ל;א;ו;ן;י;ע;ה;ר;ע;ש;ל;א;ר;ב;ע;א;ו;(37, 2, 14, 1, 1741)
(37, 2, 14, 40, 1780);ע;ל;ה;מ;ה;ב;ל;ם;ו;ק;מ;ן;י;א;ו;ך;ל;מ;ה;ת;(37, 2, 14, 21, 1761)
(37, 2, 15, 14, 1800);ל;י;ל;ל;ח;נ;ב;ה;ל;ע;י;ה;א;ו;י;ת;ח;ת;ר;ב;(37, 2, 14, 41, 1781)
(37, 2, 15, 34, 1820);א;ו;ב;ו;ש;א;ו;ה;מ;ו;ח;ב;ר;ב;ש;י;ה;א;ו;ה;(37, 2, 15, 15, 1801)
(37, 2, 16, 4, 1840);ג;ס;ה;ו;ב;ו;ש;א;ו;א;י;ג;ה;ר;ע;ש;ב;א;ו;ב;(37, 2, 15, 35, 1821)
(37, 2, 16, 24, 1860);ה;מ;ו;י;ת;כ;ל;ה;ה;נ;א;ו;ע;ד;י;א;ל;ם;י;נ;(37, 2, 16, 5, 1841)
(37, 2, 16, 44, 1880);י;נ;ה;כ;ל;ו;ם;י;ד;ו;ה;י;ל;ו;ה;ש;ע;י;נ;א;(37, 2, 16, 25, 1861)
(37, 2, 16, 64, 1900);ע;ר;ת;י;ל;ו;ם;י;נ;ג;ס;ל;ו;ם;י;ר;ח;ל;ו;ם;(37, 2, 16, 45, 1881)
(37, 2, 17, 1, 1920);ו;י;ת;ד;ג;ה;א;ל;ן;כ;ד;ע;ה;כ;א;ל;מ;ה;ה;ש;(37, 2, 16, 65, 1901)
(37, 2, 17, 21, 1940);א;ה;ע;ר;ה;ם;י;א;ר;ם;ת;א;ם;ה;ל;א;ר;מ;ו;א;(37, 2, 17, 2, 1921)
(37, 2, 17, 41, 1960);ר;ח;ם;ל;ש;ו;ר;י;ר;ש;א;ה;ב;ו;נ;ח;נ;א;ר;ש;(37, 2, 17, 22, 1941)
(37, 2, 17, 61, 1980);נ;ו;ו;כ;ל;ש;א;ב;ו;ת;צ;נ;ה;י;ר;ע;ש;ו;ה;ב;(37, 2, 17, 42, 1961)
(37, 2, 17, 81, 2000);ה;נ;א;ל;ו;ם;ל;ש;ו;ר;י;ת;מ;ו;ח;ת;א;ה;נ;ב;(37, 2, 17, 62, 1981)
(37, 2, 18, 11, 2020);י;ת;א;ם;ה;ל;ד;י;ג;א;ו;ה;פ;ר;ח;ד;ו;ע;ה;י;(37, 2, 17, 82, 2001)
(37, 2, 18, 31, 2040);א;ו;י;ל;ע;ה;ב;ו;ט;א;י;ה;ר;ש;א;י;ה;ל;א;ד;(37, 2, 18, 12, 2021)
(37, 2, 18, 51, 2060);א;י;ו;י;ל;ר;מ;א;ר;ש;א;ך;ל;מ;ה;י;ר;ב;ד;ף;(37, 2, 18, 32, 2041)
(37, 2, 18, 71, 2080);י;ו;ק;ז;ח;י;ו;ו;נ;י;נ;ב;ו;ם;ו;ק;נ;ו;ר;מ;(37, 2, 18, 52, 2061)
(37, 2, 19, 11, 2100);ה;ט;ל;ב;נ;ס;ע;מ;ש;י;ו;ה;ב;ו;ט;ל;ם;ה;י;ד;(37, 2, 18, 72, 2081)
(37, 2, 19, 31, 2120);ו;י;נ;ו;מ;ע;ה;ד;ב;ע;ה;ה;י;ב;ט;ו;י;נ;ר;ח;(37, 2, 19, 12, 2101)
(37, 2, 19, 51, 2140);ב;י;ו;ו;נ;ל;ו;ג;ע;ל;י;ו;י;ב;ר;ע;ה;ם;ש;ג;(37, 2, 19, 32, 2121)
(37, 2, 19, 71, 2160);ה;ר;ב;ד;ה;ה;מ;ו;ר;מ;א;י;ו;ו;נ;י;ל;ע;ו;ז;(37, 2, 19, 52, 2141)
(37, 2, 19, 91, 2180);א;ך;ל;מ;ה;ל;ע;ה;ם;י;ש;ע;ם;ת;א;ר;ש;א;ה;ז;(37, 2, 19, 72, 2161)
(37, 2, 20, 13, 2200);ו;ר;ב;ד;ם;ת;ו;א;ב;י;ש;א;ו;ם;י;ד;ר;מ;ם;ת;(37, 2, 19, 92, 2181)
(37, 2, 20, 33, 2220);י;א;ו;ה;ם;י;מ;ש;ה;י;ה;ל;א;ם;ה;ל;ר;מ;ו;א;(37, 2, 20, 14, 2201)
(37, 2, 20, 53, 2240);ק;נ;ו;י;ד;ב;ע;ו;נ;ח;נ;א;ו;ו;נ;ל;ח;י;ל;צ;(37, 2, 20, 34, 2221)
(37, 2, 20, 73, 2260);צ;ו;ק;ל;ח;ן;י;א;ם;כ;ל;ו;ו;נ;י;נ;ב;ו;ם;ו;(37, 2, 20, 54, 2241)
(37, 3, 1, 4, 2280);ם;ק;י;ו;ם;ל;ש;ו;ר;י;ב;ן;ו;ר;כ;ז;ו;ה;ק;ד;(37, 2, 20, 74, 2261)
(37, 3, 1, 24, 2300);ו;י;ח;א;ו;ל;ו;ד;ג;ה;ן;ה;כ;ה;ב;י;ש;י;ל;א;(37, 3, 1, 5, 2281)
(37, 3, 1, 44, 2320);ן;א;צ;ה;ר;ע;ש;ת;א;ו;נ;ב;י;ו;ם;י;נ;ה;כ;ה;(37, 3, 1, 25, 2301)
(37, 3, 1, 64, 2340);ת;ת;ל;ד;ו;ד;י;מ;ע;י;ו;ו;ה;ו;ש;ד;ק;ה;מ;ה;(37, 3, 1, 45, 2321)
(37, 3, 1, 84, 2360);ע;ו;ה;ו;ש;ד;ק;ה;א;מ;ה;ל;ד;ג;מ;ד;ע;ו;ו;י;(37, 3, 1, 65, 2341)
(37, 3, 2, 10, 2380);א;ו;נ;ב;ו;ד;י;ל;ע;ו;ל;א;נ;נ;ח;ל;ד;ג;מ;ד;(37, 3, 1, 85, 2361)
(37, 3, 2, 30, 2400);ר;ו;כ;ז;ה;נ;ב;ו;ד;י;ל;ע;ו;ו;ח;ר;י;י;ש;נ;(37, 3, 2, 11, 2381)
(37, 3, 3, 14, 2420);ו;נ;ב;ם;י;ג;ד;ה;ר;ע;ש;ת;א;ו;י;ר;מ;א;ן;ב;(37, 3, 2, 31, 2401)
(37, 3, 3, 34, 2440);מ;ע;י;ו;ו;ה;ו;ר;ק;ה;מ;ה;ה;א;נ;ס;ה;י;נ;ב;(37, 3, 3, 15, 2421)
(37, 3, 3, 54, 2460);י;ר;ב;ו;ו;י;ל;ו;ע;נ;מ;ו;י;ת;ת;ל;ד;ו;ד;י;(37, 3, 3, 35, 2441)
(37, 3, 4, 17, 2480);ב;ת;ו;מ;ר;מ;ק;י;ז;ח;ה;ם;ד;י;ל;ע;ו;ו;י;ח;(37, 3, 3, 55, 2461)
(37, 3, 4, 37, 2500);ח;ה;ם;ד;י;ל;ע;ו;ץ;ו;ק;ה;ן;ב;ה;י;ר;ו;א;ן;(37, 3, 4, 18, 2481)
(37, 3, 4, 57, 2520);ז;י;ש;מ;ן;ב;ה;י;כ;ר;ב;ן;ב;ם;ל;ש;מ;ק;י;ז;(37, 3, 4, 38, 2501)
(37, 3, 4, 77, 2540);ן;ב;ק;ו;ד;צ;ק;י;ז;ח;ה;ם;ד;י;ל;ע;ו;ל;א;ב;(37, 3, 4, 58, 2521)
(37, 3, 5, 16, 2560);ו;ק;ת;ה;ו;ק;י;ז;ח;ה;ם;ד;י;ל;ע;ו;א;נ;ע;ב;(37, 3, 4, 78, 2541)
(37, 3, 5, 36, 2580);ו;צ;ו;א;י;ב;ה;א;ל;ם;ה;י;ר;י;ד;א;ו;ם;י;ע;(37, 3, 5, 17, 2561)
(37, 3, 6, 7, 2600);ה;ר;ע;ש;ת;א;ו;ם;ה;י;נ;ד;א;ת;ד;ב;ע;ב;ם;ר;(37, 3, 5, 37, 2581)
(37, 3, 6, 27, 2620);ח;ס;פ;ן;ב;ע;ד;י;ו;י;ו;ק;י;ז;ח;ה;ה;נ;ש;י;(37, 3, 6, 8, 2601)
(37, 3, 6, 47, 2640);ה;ו;ר;ק;ה;מ;ה;ה;י;ד;ו;ס;ב;ן;ב;ם;ל;ש;מ;ו;(37, 3, 6, 28, 2621)
(37, 3, 6, 67, 2660);י;ל;ע;נ;מ;ו;ו;י;ת;ת;ל;ד;ו;ד;י;מ;ע;י;ו;ו;(37, 3, 6, 48, 2641)
(37, 3, 7, 12, 2680);מ;ק;י;ז;ח;ה;ם;ד;י;ל;ע;ו;ו;י;ח;י;ר;ב;ו;ו;(37, 3, 6, 68, 2661)
(37, 3, 7, 32, 2700);ת;נ;ר;מ;ה;ן;ו;ד;י;ו;י;נ;ע;ב;ג;ה;ה;י;ט;ל;(37, 3, 7, 13, 2681)
(37, 3, 7, 52, 2720);א;ס;כ;ל;ה;פ;צ;מ;ה;ו;ן;ו;ע;ב;ג;י;ש;נ;א;י;(37, 3, 7, 33, 2701)
(37, 3, 8, 10, 2740);ק;י;ז;ח;ה;ו;ד;י;ל;ע;ר;ה;נ;ה;ר;ב;ע;ת;ח;פ;(37, 3, 7, 53, 2721)
(37, 3, 8, 30, 2760);ע;ו;ם;י;פ;ר;ו;צ;ה;י;ה;ר;ח;ן;ב;ל;א;י;ז;ע;(37, 3, 8, 11, 2741)
(37, 3, 8, 50, 2780);ח;ק;ר;ה;ן;ב;ה;י;נ;נ;ח;ק;י;ז;ח;ה;ו;ד;י;ל;(37, 3, 8, 31, 2761)
(37, 3, 8, 70, 2800);מ;ו;ח;ה;ד;ע;ם;ל;ש;ו;ר;י;ו;ב;ז;ע;י;ו;ם;י;(37, 3, 8, 51, 2781)
(37, 3, 9, 14, 2820);י;פ;ר;ק;י;ז;ח;ה;ם;ד;י;ל;ע;ו;ה;ב;ח;ר;ה;ה;(37, 3, 8, 71, 2801)
(37, 3, 9, 34, 2840);ם;ל;ש;ו;ר;י;ך;ל;פ;י;צ;ח;ר;ש;ר;ו;ח;ן;ב;ה;(37, 3, 9, 15, 2821)
(37, 3, 10, 20, 2860);ו;ר;ח;ן;ב;ה;י;ד;י;ק;י;ז;ח;ה;ם;ד;י;ל;ע;ו;(37, 3, 10, 1, 2841)
(37, 3, 10, 40, 2880);י;ז;ח;ה;ו;ד;י;ל;ע;ו;ו;ת;י;ב;ד;ג;נ;ו;ף;מ;(37, 3, 10, 21, 2861)
(37, 3, 11, 7, 2900);ת;י;נ;ש;ה;ד;מ;ה;י;נ;ב;ש;ח;ן;ב;ש;ו;ט;ח;ק;(37, 3, 10, 41, 2881)
(37, 3, 11, 27, 2920);ב;ו;ש;ח;ו;ם;ר;ח;ן;ב;ה;י;כ;ל;מ;ק;י;ז;ח;ה;(37, 3, 11, 8, 2901)
(37, 3, 11, 47, 2940);ו;נ;ת;ה;ל;ד;ג;מ;ת;א;ו;ב;א;ו;מ;ת;ח;פ;ן;ב;(37, 3, 11, 28, 2921)
(37, 3, 12, 17, 2960);ן;ב;ם;ו;ל;ש;ק;י;ז;ח;ה;ו;ד;י;ל;ע;ו;ם;י;ר;(37, 3, 11, 48, 2941)
(37, 3, 12, 37, 2980);ה;ם;ל;ש;ו;ר;י;ך;ל;פ;י;צ;ח;ר;ש;ש;ח;ו;ל;ה;(37, 3, 12, 18, 2961)
(37, 3, 13, 11, 3000);ח;ה;א;י;ג;ה;ר;ע;ש;ת;א;ו;י;ת;ו;נ;ב;ו;א;ו;(37, 3, 12, 38, 2981)
(37, 3, 13, 31, 3020);ב;ה;מ;ה;ח;ו;נ;ז;י;ב;ש;י;ו;ן;ו;נ;ח;ק;י;ז;(37, 3, 13, 12, 3001)
(37, 3, 13, 51, 3040);ע;נ;מ;ו;י;ת;ת;ל;ד;ו;ד;י;מ;ע;י;ו;ו;ה;ו;נ;(37, 3, 13, 32, 3021)
(37, 3, 13, 71, 3060);ו;ח;ב;ה;מ;א;ף;ל;א;ו;ו;י;ח;י;ר;ב;ו;ו;י;ל;(37, 3, 13, 52, 3041)
(37, 3, 14, 8, 3080);א;ה;ר;ע;ש;ת;א;ו;ת;ו;פ;ש;ה;ר;ע;ש;ד;ע;ה;מ;(37, 3, 13, 72, 3061)
(37, 3, 14, 28, 3100);ש;ב;כ;ר;ן;ב;ה;י;כ;ל;מ;ק;י;ז;ח;ה;ת;ו;פ;ש;(37, 3, 14, 9, 3081)
(37, 3, 14, 48, 3120);ו;ו;נ;נ;ב;י;א;ו;ה;ם;ר;כ;ה;ת;י;ב;ך;ל;פ;ר;(37, 3, 14, 29, 3101)
(37, 3, 14, 68, 3140);ר;ב;ו;ו;י;ל;ע;נ;מ;ו;י;ת;ת;ל;ד;ד;י;מ;ע;י;(37, 3, 14, 49, 3121)
(37, 3, 15, 16, 3160);ש;ק;י;ז;ח;ה;ן;י;ע;ה;ר;ע;ש;ת;א;ו;ו;י;ח;י;(37, 3, 14, 69, 3141)
(37, 3, 15, 36, 3180);ה;פ;צ;מ;ה;ך;ל;פ;ר;ש;ה;ז;ח;ל;כ;ן;ב;ן;ו;ל;(37, 3, 15, 17, 3161)
(37, 3, 15, 56, 3200);י;מ;ע;י;ו;ו;נ;ל;ל;ט;י;ו;ו;נ;נ;ב;י;א;ו;ה;(37, 3, 15, 37, 3181)
(37, 3, 15, 76, 3220);י;ח;י;ר;ב;ו;ו;י;ל;ע;נ;מ;ו;י;ת;ת;ל;ד;ו;ד;(37, 3, 15, 57, 3201)
(37, 3, 15, 96, 3240);ה;ן;ג;ל;ח;ל;ש;ה;ת;כ;ר;ב;ת;מ;ו;ח;ת;א;ו;ו;(37, 3, 15, 77, 3221)
(37, 3, 15, 116, 3260);מ;ת;ו;ד;ר;ו;י;ה;ת;ו;ל;ע;מ;ה;ד;ע;ו;ך;ל;מ;(37, 3, 15, 97, 3241)
(37, 3, 16, 13, 3280);מ;ח;נ;ק;י;ז;ח;ה;ו;י;ר;ח;א;ד;י;ו;ד;ר;י;ע;(37, 3, 15, 117, 3261)
(37, 3, 16, 33, 3300);ת;י;ב;ך;ל;פ;י;צ;ח;ר;ש;ק;ו;ב;ז;ע;ן;ב;ה;י;(37, 3, 16, 14, 3281)
(37, 3, 16, 53, 3320);ה;ד;ע;ו;ד;י;ו;ד;י;ר;ב;ק;ד;ג;נ;ד;ע;ר;ו;צ;(37, 3, 16, 34, 3301)
(37, 3, 16, 73, 3340);ר;ב;ג;ה;ת;י;ב;ד;ע;ו;ה;י;ו;ש;ע;ה;ה;כ;ר;ב;(37, 3, 16, 54, 3321)
(37, 3, 17, 18, 3360);ח;ר;ם;י;ו;ל;ה;ו;ק;י;ז;ח;ה;ו;י;ר;ח;א;ם;י;(37, 3, 16, 74, 3341)
(37, 3, 17, 38, 3380);ב;ש;ח;ק;י;ז;ח;ה;ו;ד;י;ל;ע;י;נ;ב;ן;ב;ם;ו;(37, 3, 17, 19, 3361)
(37, 3, 17, 58, 3400);ו;כ;ל;פ;ל;ה;ל;י;ע;ק;ך;ל;פ;י;צ;ח;ר;ש;ה;י;(37, 3, 17, 39, 3381)
(37, 3, 18, 20, 3420);ב;י;ו;ב;ם;ה;י;ח;א;ו;ק;י;ז;ח;ה;ו;י;ר;ח;א;(37, 3, 18, 1, 3401)
(37, 3, 19, 2, 3440);י;ו;ה;ל;י;ע;ק;ך;ל;פ;י;צ;ח;ר;ש;ד;ד;נ;ח;ן;(37, 3, 18, 21, 3421)
(37, 3, 19, 22, 3460);ה;ר;ש;ע;ו;ש;י;ן;ב;ר;ז;ע;ו;ד;י;ל;ע;ק;ז;ח;(37, 3, 19, 3, 3441)
(37, 3, 19, 42, 3480);נ;ה;ת;ל;ע;ד;ג;נ;מ;ת;י;נ;ש;ה;ד;מ;ה;פ;צ;מ;(37, 3, 19, 23, 3461)
(37, 3, 20, 13, 3500);י;ז;ח;ה;ה;ר;ח;ה;ו;י;ר;ח;א;ע;צ;ק;מ;ה;ק;ש;(37, 3, 19, 43, 3481)
(37, 3, 20, 33, 3520);ה;ן;מ;ת;י;נ;ש;ה;ד;מ;י;ב;ז;ן;ב;ך;ו;ר;ב;ק;(37, 3, 20, 14, 3501)
(37, 3, 20, 53, 3540);ה;ב;י;ש;י;ל;א;ת;י;ב;ח;ת;פ;ד;ע;ע;ו;צ;ק;מ;(37, 3, 20, 34, 3521)
(37, 3, 21, 12, 3560);ר;מ;ק;י;ז;ח;ה;ו;י;ר;ח;א;ל;ו;ד;ג;ה;ן;ה;כ;(37, 3, 20, 54, 3541)
(37, 3, 21, 32, 3580);ש;ה;ד;מ;ץ;ו;ק;ה;ן;ב;ה;י;ר;ו;א;ן;ב;ת;ו;מ;(37, 3, 21, 13, 3561)
(37, 3, 21, 52, 3600);ת;ד;ע;ו;ב;י;ש;י;ל;א;ת;י;ב;ח;ת;פ;מ;ת;י;נ;(37, 3, 21, 33, 3581)
(37, 3, 22, 7, 3620);ה;ו;י;ר;ח;א;ו;ב;י;ש;י;ל;א;ת;י;ב;ת;י;ל;כ;(37, 3, 21, 53, 3601)
(37, 3, 23, 1, 3640);א;ר;כ;כ;ה;י;ש;נ;א;ם;י;נ;ה;כ;ה;ו;ק;י;ז;ח;(37, 3, 22, 8, 3621)
(37, 3, 23, 21, 3660);נ;ב;ו;ש;ח;ו;ן;מ;י;נ;ב;ק;י;ז;ח;ה;ו;י;ר;ח;(37, 3, 23, 2, 3641)
(37, 3, 23, 41, 3680);י;ר;ז;ע;ק;י;ז;ח;ה;ו;י;ר;ח;א;ם;ת;י;ב;ד;ג;(37, 3, 23, 22, 3661)
(37, 3, 23, 61, 3700);י;ב;ל;צ;א;ה;י;נ;נ;ע;ן;ב;ה;י;ש;ע;מ;ן;ב;ה;(37, 3, 23, 42, 3681)
(37, 3, 24, 18, 3720);נ;ח;ן;ב;י;ו;נ;ב;ק;י;ז;ח;ה;ו;י;ר;ח;א;ו;ת;(37, 3, 23, 62, 3701)
(37, 3, 24, 38, 3740);ד;ע;ה;י;ר;ז;ע;ת;י;ב;מ;ת;י;נ;ש;ה;ד;מ;ד;ד;(37, 3, 24, 19, 3721)
(37, 3, 25, 7, 3760);ו;א;ן;ב;ל;ל;פ;ה;נ;פ;ה;ד;ע;ו;ע;ו;צ;ק;מ;ה;(37, 3, 24, 39, 3741)
(37, 3, 25, 27, 3780);י;ה;ל;ד;ג;מ;ה;ו;ע;ו;צ;ק;מ;ה;ד;ג;נ;מ;י;ז;(37, 3, 25, 8, 3761)
(37, 3, 25, 47, 3800);ר;ש;א;ן;ו;י;ל;ע;ה;ך;ל;מ;ה;ת;י;ב;מ;א;צ;ו;(37, 3, 25, 28, 3781)
(37, 3, 25, 67, 3820);ן;ב;ה;י;ד;פ;ו;י;ר;ח;א;ה;ר;ט;מ;ה;ר;צ;ח;ל;(37, 3, 25, 48, 3801)
(37, 3, 26, 16, 3840);ם;י;ב;ש;י;ו;י;ה;ם;י;נ;י;ת;נ;ה;ו;ש;ע;ר;פ;(37, 3, 25, 68, 3821)
(37, 3, 26, 36, 3860);ר;ז;מ;ל;ם;י;מ;ה;ר;ע;ש;ד;ג;נ;ד;ע;ל;פ;ע;ב;(37, 3, 26, 17, 3841)
(37, 3, 27, 8, 3880);ז;ח;ה;ו;י;ר;ח;א;א;צ;ו;י;ה;ל;ד;ג;מ;ה;ו;ח;(37, 3, 26, 37, 3861)
(37, 3, 27, 28, 3900);ד;ג;נ;מ;ת;י;נ;ש;ה;ד;מ;ם;י;ע;ק;ת;ה;ו;ק;י;(37, 3, 27, 9, 3881)
(37, 3, 27, 48, 3920);ו;ח;ד;ע;ו;א;צ;ו;י;ה;ל;ו;ד;ג;ה;ל;ד;ג;מ;ה;(37, 3, 27, 29, 3901)
(37, 3, 28, 14, 3940);ח;ה;ם;י;ס;ו;ס;ה;ר;ע;ש;ל;ע;מ;ל;פ;ע;ה;ת;מ;(37, 3, 27, 49, 3921)
(37, 3, 28, 34, 3960);ת;י;ב;ד;ג;נ;ל;ש;י;א;ם;י;נ;ה;כ;ה;ו;ק;י;ז;(37, 3, 28, 15, 3941)
(37, 3, 29, 19, 3980);ר;מ;א;ן;ב;ק;ו;ד;צ;ק;י;ז;ח;ה;ו;י;ר;ח;א;ו;(37, 3, 28, 35, 3961)
(37, 3, 29, 39, 4000);מ;ש;ק;י;ז;ח;ה;ו;י;ר;ח;א;ו;ו;ת;י;ב;ד;ג;נ;(37, 3, 29, 20, 3981)
(37, 3, 29, 59, 4020);ר;ז;מ;ה;ר;ע;ש;ר;מ;ש;ה;י;נ;כ;ש;ן;ב;ה;י;ע;(37, 3, 29, 40, 4001)
(37, 3, 30, 19, 4040);מ;ל;ש;ן;ב;ה;י;נ;נ;ח;ק;י;ז;ח;ה;י;ר;ח;א;ח;(37, 3, 29, 60, 4021)
(37, 3, 30, 39, 4060);ש;ה;ד;מ;י;ש;ש;ה;ף;ל;צ;ן;ב;ן;ו;נ;ח;ו;ה;י;(37, 3, 30, 20, 4041)
(37, 3, 30, 59, 4080);ר;ב;ן;ב;ם;ל;ש;מ;ק;י;ז;ח;ה;ו;י;ר;ח;א;י;נ;(37, 3, 30, 40, 4061)
(37, 3, 31, 9, 4100);ק;י;ז;ח;ה;י;ר;ח;א;ו;ת;כ;ש;נ;ד;ג;נ;ה;י;כ;(37, 3, 30, 60, 4081)
(37, 3, 31, 29, 4120);ת;נ;ה;ת;י;ב;ד;ע;י;פ;ר;צ;ה;ן;ב;ה;י;כ;ל;מ;(37, 3, 31, 10, 4101)
(37, 3, 31, 49, 4140);פ;מ;ה;ר;ע;ש;ד;ג;נ;ם;י;ל;כ;ר;ה;ו;ם;י;נ;י;(37, 3, 31, 30, 4121)
(37, 3, 32, 7, 4160);י;ל;ע;ן;י;ב;ו;ה;נ;פ;ה;ת;י;ל;ע;ד;ע;ו;ד;ק;(37, 3, 31, 50, 4141)
(37, 3, 32, 27, 4180);ה;ו;ק;י;ז;ח;ה;ן;א;צ;ה;ר;ע;ש;ל;ה;נ;פ;ה;ת;(37, 3, 32, 8, 4161)
(37, 3, 33, 8, 4200);ר;ש;א;כ;י;ה;י;ו;ם;י;ל;כ;ר;ה;ו;ם;י;פ;ר;צ;(37, 3, 32, 28, 4181)
(37, 3, 33, 28, 4220);ם;י;נ;ו;ב;ו;נ;ח;נ;א;י;כ;ט;ל;ב;נ;ס;ע;מ;ש;(37, 3, 33, 9, 4201)
(37, 3, 33, 48, 4240);ר;ה;ס;ע;כ;י;ו;ו;ל;ר;ח;י;ו;ה;מ;ו;ח;ה;ת;א;(37, 3, 33, 29, 4221)
(37, 3, 34, 4, 4260);מ;א;י;ו;ם;י;ד;ו;ה;י;ה;ל;ע;ג;ע;ל;י;ו;ה;ב;(37, 3, 33, 49, 4241)
(37, 3, 34, 24, 4280);י;ו;ן;ו;ר;מ;ש;ל;י;ח;ו;ו;י;ח;א;י;נ;פ;ל;ר;(37, 3, 34, 5, 4261)
(37, 3, 34, 44, 4300);ע;ם;י;ל;ל;מ;א;ה;ם;י;ד;ו;ה;י;ה;ה;מ;ר;מ;א;(37, 3, 34, 25, 4281)
(37, 3, 34, 64, 4320);י;ה;ו;ח;ב;ז;י;ה;ם;ה;ל;ו;ב;ז;ע;י;ה;ם;י;ש;(37, 3, 34, 45, 4301)
(37, 3, 34, 84, 4340);ם;י;נ;ב;א;ה;ת;א;ו;י;ח;י;ה;ם;ו;י;ב;ו;ל;כ;(37, 3, 34, 65, 4321)
(37, 3, 34, 104, 4360);ת;ו;פ;ו;ר;ש;ה;מ;ה;ו;ר;פ;ע;ה;ת;ו;מ;ר;ע;מ;(37, 3, 34, 85, 4341)
(37, 3, 35, 20, 4380);ר;מ;א;י;ו;ו;ל;צ;א;י;נ;מ;ע;ה;ה;י;ב;ו;ט;ו;(37, 3, 35, 1, 4361)
(37, 3, 35, 40, 4400);ו;ש;ה;ל;ע;י;ם;א;ם;י;נ;ו;ב;ם;ה;ר;ש;א;ם;ג;(37, 3, 35, 21, 4381)
(37, 3, 36, 4, 4420);א;ע;מ;ש;ם;ה;י;נ;ב;א;ת;מ;ו;ח;ץ;ר;פ;ו;ל;ע;(37, 3, 35, 41, 4401)
(37, 3, 36, 24, 4440);ב;ש;ה;ו;ה;ז;ו;ב;ו;נ;י;י;ה;י;כ;ו;נ;י;ה;ל;(37, 3, 36, 5, 4421)
(37, 3, 36, 44, 4460);ב;ה;ז;ב;ל;ם;נ;ת;ו;ם;ש;א;ר;ל;א;ם;ת;פ;ר;ח;(37, 3, 36, 25, 4441)
(37, 3, 37, 13, 4480);ו;ם;נ;ו;ע;ל;ע;ס;כ;ת;ל;א;ו;ה;י;ב;ש;ץ;ר;א;(37, 3, 36, 45, 4461)
(37, 3, 37, 33, 4500);ה;י;כ;ה;ח;מ;ת;ל;א;ך;י;נ;פ;ל;מ;ם;ת;א;ט;ח;(37, 3, 37, 14, 4481)
(37, 3, 38, 5, 4520);ה;נ;ב;נ;ו;ם;י;נ;ו;ב;ה;ד;ג;נ;ל;ו;ס;י;ע;כ;(37, 3, 37, 34, 4501)
(37, 3, 38, 25, 4540);ע;ה;מ;ו;ח;ה;ל;כ;ר;ש;ק;ת;ו;ה;מ;ו;ח;ה;ת;א;(37, 3, 38, 6, 4521)
(37, 4, 1, 1, 4560);ו;ת;ו;ש;ע;ל;ם;ע;ל;ב;ל;י;ה;י;ו;ה;י;צ;ח;ד;(37, 3, 38, 26, 4541)
(37, 4, 1, 21, 4580);י;ב;ו;ט;ו;ט;ל;ב;נ;ס;ע;מ;ש;ר;ש;א;כ;י;ה;י;(37, 4, 1, 2, 4561)
(37, 4, 1, 41, 4600);ד;ש;א;ה;ו;ם;י;נ;מ;ע;ה;ו;ם;י;ב;ר;ע;ה;ו;ה;(37, 4, 1, 22, 4581)
(37, 4, 1, 61, 4620);ת;ו;מ;ח;ל;ה;כ;ו;ר;א;ה;ת;ל;ע;י;כ;ם;י;ד;ו;(37, 4, 1, 42, 4601)
(37, 4, 1, 81, 4640);ה;ל;ם;י;צ;ר;פ;ה;ו;ל;ח;ה;י;כ;ם;ל;ש;ו;ר;י;(37, 4, 1, 62, 4621)
(37, 4, 2, 7, 4660);כ;ו;ר;ש;ק;י;ו;ד;א;מ;ם;ה;ל;ר;ח;י;ו;ם;ת;ס;(37, 4, 1, 82, 4641)
(37, 4, 2, 27, 4680);ש;ו;ר;י;ב;ם;ח;ל;ה;ל;א;ו;ב;ל;ו;ד;ח;י;ם;ל;(37, 4, 2, 8, 4661)
(37, 4, 3, 6, 4700);ל;ל;פ;ת;נ;ו;ה;ע;ו;ת;ו;ל;ת;ו;ש;ע;ל;ו;ם;ל;(37, 4, 2, 28, 4681)
(37, 4, 3, 26, 4720);ל;ע;ר;מ;ש;מ;ד;י;מ;ע;נ;ו;ו;נ;י;ה;ל;א;ל;א;(37, 4, 3, 7, 4701)
(37, 4, 4, 2, 4740);י;ו;ם;ה;י;נ;פ;מ;ה;ל;י;ל;ו;ם;מ;ו;י;ם;ה;י;(37, 4, 3, 27, 4721)
(37, 4, 4, 22, 4760);ע;ה;ו;ל;ב;ס;ה;ח;כ;ל;ש;כ;ה;ד;ו;ה;י;ר;מ;א;(37, 4, 4, 3, 4741)
(37, 4, 4, 42, 4780);ב;ל;ל;כ;ו;נ;א;ל;ו;נ;ח;נ;א;ו;ה;ב;ר;ה;ר;פ;(37, 4, 4, 23, 4761)
(37, 4, 5, 12, 4800);ל;ו;נ;י;ר;צ;ו;ר;מ;א;י;ו;ה;מ;ו;ח;ב;ת;ו;נ;(37, 4, 4, 43, 4781)
(37, 4, 5, 32, 4820);ו;ב;נ;ר;ש;א;ד;ע;ו;א;ר;י;א;ל;ו;ו;ע;ד;י;א;(37, 4, 5, 13, 4801)
(37, 4, 5, 52, 4840);נ;ת;ב;ש;ה;ו;ם;ו;נ;ג;ר;ה;ו;ם;כ;ו;ת;ל;א;א;(37, 4, 5, 33, 4821)
(37, 4, 6, 11, 4860);ו;א;ב;ר;ש;א;כ;י;ה;י;ו;ה;כ;א;ל;מ;ה;ת;א;ו;(37, 4, 5, 53, 4841)
(37, 4, 6, 31, 4880);א;י;ו;ם;ל;צ;א;ם;י;ב;ש;י;ה;ם;י;ד;ו;ה;י;ה;(37, 4, 6, 12, 4861)
(37, 4, 6, 51, 4900);ק;מ;ה;ל;כ;מ;ם;י;מ;ע;פ;ר;ש;ע;ו;נ;ל;ו;ר;מ;(37, 4, 6, 32, 4881)
(37, 4, 7, 4, 4920);מ;ע;א;ו;ו;נ;י;ל;ע;ו;ב;ו;ש;ת;ר;ש;א;ת;ו;מ;(37, 4, 6, 52, 4901)
(37, 4, 7, 24, 4940);ל;י;ר;ח;א;מ;ם;ו;ק;מ;ל;ת;ו;י;ת;ח;ת;מ;ד;י;(37, 4, 7, 5, 4921)
(37, 4, 7, 44, 4960);ה;ת;א;ד;י;מ;ע;א;ו;ם;י;י;ח;ח;צ;ב;ה;מ;ו;ח;(37, 4, 7, 25, 4941)
(37, 4, 7, 64, 4980);מ;ר;ם;ה;י;ת;ב;ר;ח;ם;ע;ת;ו;ח;פ;ש;מ;ל;ם;ע;(37, 4, 7, 45, 4961)
(37, 4, 8, 8, 5000);ו;ק;א;ו;א;ר;א;ו;ם;ה;י;ת;ת;ש;ק;ו;ם;ה;י;ח;(37, 4, 7, 65, 4981)
(37, 4, 8, 28, 5020);י;נ;ג;ס;ה;ל;א;ו;ם;י;ר;ח;ה;ל;א;ר;מ;א;ו;ם;(37, 4, 8, 9, 5001)
(37, 4, 8, 48, 5040);נ;פ;מ;ו;א;ר;י;ת;ל;א;ם;ע;ה;ר;ת;י;ל;א;ו;ם;(37, 4, 8, 29, 5021)
(37, 4, 8, 68, 5060);א;ר;ו;נ;ה;ו;ל;ו;ד;ג;ה;י;נ;ד;א;ת;א;ם;ה;י;(37, 4, 8, 49, 5041)
(37, 4, 8, 88, 5080);י;נ;ב;ם;כ;י;ח;א;ל;ע;ו;מ;ח;ל;ה;ו;ו;ר;כ;ז;(37, 4, 8, 69, 5061)
(37, 4, 8, 108, 5100);ם;כ;י;ת;ב;ו;ם;כ;י;ש;נ;ם;כ;י;ת;נ;ב;ו;ם;כ;(37, 4, 8, 89, 5081)
(37, 4, 9, 20, 5120);כ;ו;נ;י;ב;י;ו;א;ו;ע;מ;ש;ר;ש;א;כ;י;ה;י;ו;(37, 4, 9, 1, 5101)
(37, 4, 9, 40, 5140);ת;א;ם;י;ה;ל;א;ה;ר;פ;י;ו;ו;נ;ל;ע;ד;ו;נ;י;(37, 4, 9, 21, 5121)
(37, 4, 9, 60, 5160);ה;מ;ו;ח;ה;ל;א;ו;נ;ל;כ;ב;ו;ש;נ;ו;ם;ת;צ;ע;(37, 4, 9, 41, 5141)
(37, 4, 10, 9, 5180);ו;י;ה;ן;מ;י;ה;י;ו;ו;ת;כ;א;ל;מ;ל;א;ש;י;א;(37, 4, 9, 61, 5161)
(37, 4, 10, 29, 5200);א;ל;מ;ב;ם;י;ש;ע;י;ר;ע;נ;י;צ;ח;א;ו;ה;ה;ם;(37, 4, 10, 10, 5181)
(37, 4, 10, 49, 5220);י;ח;מ;ר;ה;ו;ם;י;ק;י;ז;ח;מ;ם;י;צ;ח;ו;ה;כ;(37, 4, 10, 30, 5201)
(37, 4, 10, 69, 5240);נ;י;ר;ש;ה;ו;ת;ו;ת;ש;ק;ה;ו;ם;י;נ;ג;מ;ה;ם;(37, 4, 10, 50, 5221)
(37, 4, 10, 89, 5260);ו;ה;י;ת;י;ב;ל;כ;י;ר;ח;א;ם;י;ר;ש;ה;ו;ם;י;(37, 4, 10, 70, 5241)
(37, 4, 11, 18, 5280);ם;י;א;ש;נ;ה;ו;ה;מ;ו;ח;ב;ם;י;נ;ו;ב;ה;ה;ד;(37, 4, 10, 90, 5261)
(37, 4, 11, 38, 5300);ב;ה;ש;ע;ו;ד;י;ת;ח;א;ב;ם;י;ש;מ;ע;ל;ב;ס;ב;(37, 4, 11, 19, 5281)
(37, 4, 12, 2, 5320);ה;ו;ח;ל;ש;ה;ת;ק;ז;ח;מ;ת;ח;א;ו;ה;כ;א;ל;מ;(37, 4, 11, 39, 5301)
(37, 4, 12, 22, 5340);ל;ע;ם;י;ר;ו;ס;א;ו;ב;ר;ח;ש;י;א;ם;י;נ;ו;ב;(37, 4, 12, 3, 5321)
(37, 4, 12, 42, 5360);ו;ש;ב;ע;ק;ו;ת;ה;ו;ם;י;נ;ו;ב;ו;ו;י;נ;ת;מ;(37, 4, 12, 23, 5341)
(37, 4, 13, 14, 5380);ל;א;ו;ם;י;ר;ח;ה;ל;א;ר;מ;א;ו;י;ל;צ;א;ר;פ;(37, 4, 12, 43, 5361)
(37, 4, 13, 34, 5400);כ;א;ל;מ;ה;ם;ע;ה;ר;ת;י;ל;א;ו;ם;י;נ;ג;ס;ה;(37, 4, 13, 15, 5381)
(37, 4, 13, 54, 5420);ד;ר;פ;נ;ו;נ;ח;נ;א;ו;ה;ב;ח;ר;ו;ה;ב;ר;ה;ה;(37, 4, 13, 35, 5401)
(37, 4, 13, 74, 5440);א;מ;ש;י;א;ם;י;ק;ו;ח;ר;ה;מ;ו;ח;ה;ל;ע;ם;י;(37, 4, 13, 55, 5421)
(37, 4, 14, 17, 5460);ו;ק;ת;א;ו;ע;מ;ש;ת;ר;ש;א;ם;ו;ק;מ;ב;ו;י;ח;(37, 4, 13, 75, 5441)
(37, 4, 14, 37, 5480);א;ו;נ;י;ל;א;ו;צ;ב;ק;ת;ה;מ;ש;ר;פ;ו;ש;ה;ל;(37, 4, 14, 18, 5461)
(37, 4, 15, 8, 5500);ש;ע;ו;נ;ח;נ;א;ו;ו;נ;ל;ם;ח;ל;י;ו;נ;י;ה;ל;(37, 4, 14, 38, 5481)
(37, 4, 15, 28, 5520);ם;י;ק;י;ז;ח;מ;ם;י;צ;ח;ו;ה;כ;א;ל;מ;ב;ם;י;(37, 4, 15, 9, 5501)
(37, 4, 15, 48, 5540);ת;א;צ;ד;ע;ר;ח;ש;ה;ת;ו;ל;ע;מ;ם;י;ח;מ;ר;ב;(37, 4, 15, 29, 5521)
(37, 4, 16, 13, 5560);ת;ר;מ;א;א;י;ה;ה;ת;ע;ב;ם;ג;ם;י;ב;כ;ו;כ;ה;(37, 4, 15, 49, 5541)
(37, 4, 16, 33, 5580);ו;ת;ב;ו;נ;י;ל;י;ו;ר;ע;נ;ו;ש;י;א;ם;ע;ל;י;(37, 4, 16, 14, 5561)
(37, 4, 16, 53, 5600);מ;ה;ל;י;ל;ה;ו;נ;ל;ו;י;ה;ו;ם;ל;ש;ו;ר;י;ך;(37, 4, 16, 34, 5581)
(37, 4, 17, 7, 5620);י;נ;א;ן;י;א;ו;ה;כ;א;ל;מ;ם;ו;י;ה;ו;ר;מ;ש;(37, 4, 16, 54, 5601)
(37, 4, 17, 27, 5640);א;ר;מ;ש;מ;ה;י;ש;נ;א;ו;י;ר;ע;נ;ו;י;ח;א;ו;(37, 4, 17, 8, 5621)
(37, 4, 17, 47, 5660);ב;ם;י;ט;ש;פ;ו;נ;ח;נ;א;ן;י;א;י;ר;ח;א;ר;ש;(37, 4, 17, 28, 5641)
(37, 5, 1, 4, 5680);י;ה;ת;ו;ם;י;מ;ה;ו;ח;ל;ש;ש;י;א;ו;נ;י;ד;ג;(37, 4, 17, 48, 5661)
(37, 5, 1, 24, 5700);ל;א;ה;ל;ו;ד;ג;ם;ה;י;ש;נ;ו;ם;ע;ה;ת;ק;ע;צ;(37, 5, 1, 5, 5681)
(37, 5, 2, 8, 5720);מ;א;ר;ש;א;ש;י;ו;ם;י;ד;ו;ה;י;ה;ם;ה;י;ח;א;(37, 5, 1, 25, 5701)
(37, 5, 2, 28, 5740);ו;נ;ח;נ;א;ו;נ;י;ת;נ;ב;ו;ו;נ;י;נ;ב;ם;י;ר;(37, 5, 2, 9, 5721)
(37, 5, 2, 48, 5760);נ;ו;ה;ל;כ;א;נ;ו;ן;ג;ד;ה;ח;ק;נ;ו;ם;י;ב;ר;(37, 5, 2, 29, 5741)
(37, 5, 3, 17, 5780);ו;נ;י;ת;ד;ש;ם;י;ר;מ;א;ר;ש;א;ש;י;ו;ה;י;ח;(37, 5, 2, 49, 5761)
(37, 5, 3, 37, 5800);ר;ע;ו;נ;ח;נ;א;ו;נ;י;ת;ב;ו;ו;נ;י;מ;ר;כ;ו;(37, 5, 3, 18, 5781)
(37, 5, 4, 5, 5820);ש;א;ש;י;ו;ב;ע;ר;ב;ן;ג;ד;ה;ח;ק;נ;ו;ם;י;ב;(37, 5, 3, 38, 5801)
(37, 5, 4, 25, 5840);מ;ה;ת;ד;מ;ל;ף;ס;כ;ו;נ;י;ו;ל;ם;י;ר;מ;א;ר;(37, 5, 4, 6, 5821)
(37, 5, 5, 5, 5860);כ;ה;ת;ע;ו;ו;נ;י;מ;ר;כ;ו;ו;נ;י;ת;ד;ש;ך;ל;(37, 5, 4, 26, 5841)
(37, 5, 5, 25, 5880);ב;ם;ה;י;נ;ב;כ;ו;נ;ר;ש;ב;ו;נ;י;ח;א;ר;ש;ב;(37, 5, 5, 6, 5861)
(37, 5, 5, 45, 5900);ת;א;ם;י;ש;ב;כ;ו;נ;ח;נ;א;ה;נ;ה;ו;ו;נ;י;נ;(37, 5, 5, 26, 5881)
(37, 5, 5, 65, 5920);ם;י;ד;ב;ע;ל;ו;נ;י;ת;נ;ב;ת;א;ו;ו;נ;י;נ;ב;(37, 5, 5, 46, 5901)
(37, 5, 5, 85, 5940);ן;י;א;ו;ת;ו;ש;ב;כ;נ;ו;נ;י;ת;נ;ב;מ;ש;י;ו;(37, 5, 5, 66, 5921)
(37, 5, 5, 105, 5960);נ;י;מ;ר;כ;ו;ו;נ;י;ת;ד;ש;ו;ו;נ;ד;י;ל;א;ל;(37, 5, 5, 86, 5941)
(37, 5, 6, 13, 5980);ר;ש;א;כ;ד;א;מ;י;ל;ר;ח;י;ו;ם;י;ר;ח;א;ל;ו;(37, 5, 5, 106, 5961)
(37, 5, 6, 33, 6000);י;ר;ב;ד;ה;ת;א;ו;ם;ת;ק;ע;ז;ת;א;י;ת;ע;מ;ש;(37, 5, 6, 14, 5981)
(37, 5, 7, 15, 6020);י;ר;א;ו;י;ל;ע;י;ב;ל;ך;ל;מ;י;ו;ה;ל;א;ה;ם;(37, 5, 6, 34, 6001)
(37, 5, 7, 35, 6040);א;ו;ם;י;נ;ג;ס;ה;ת;א;ו;ם;י;ר;ח;ה;ת;א;ה;ב;(37, 5, 7, 16, 6021)
(37, 5, 7, 55, 6060);ם;ת;א;ו;י;ח;א;ב;ש;י;א;א;ש;מ;ם;ה;ל;ה;ר;מ;(37, 5, 7, 36, 6041)
(37, 5, 7, 75, 6080);ד;ג;ה;ל;ה;ק;ם;ה;י;ל;ע;ן;ת;א;ו;ם;י;א;ש;נ;(37, 5, 7, 56, 6061)
(37, 5, 8, 17, 6100);נ;י;נ;ק;ו;נ;ח;נ;א;ם;ה;ל;ה;ר;מ;א;ו;ה;ל;ו;(37, 5, 7, 76, 6081)
(37, 5, 8, 37, 6120);ר;כ;מ;נ;ה;ם;י;ד;ו;ה;י;ה;ו;נ;י;ח;א;ת;א;ו;(37, 5, 8, 18, 6101)
(37, 5, 8, 57, 6140);ת;ם;ת;א;ם;ג;ו;ו;נ;ב;י;ד;כ;ם;י;ו;ג;ל;ם;י;(37, 5, 8, 38, 6121)
(37, 5, 8, 77, 6160);ו;נ;ל;ו;ר;כ;מ;נ;ו;ם;כ;י;ח;א;ת;א;ו;ר;כ;מ;(37, 5, 8, 58, 6141)
(37, 5, 9, 3, 6180);א;י;ו;ר;ב;ד;ו;א;צ;מ;א;ל;ו;ו;ש;י;ר;ח;י;ו;(37, 5, 8, 78, 6161)
(37, 5, 9, 23, 6200);י;ש;ע;ם;ת;א;ר;ש;א;ר;ב;ד;ה;ב;ו;ט;א;ל;ר;מ;(37, 5, 9, 4, 6181)
(37, 5, 9, 43, 6220);ו;כ;ל;ת;ו;נ;י;ה;ל;א;ת;א;ר;י;ב;א;ו;ל;ה;ם;(37, 5, 9, 24, 6201)
(37, 5, 10, 3, 6240);ם;ג;ו;ו;נ;י;ב;י;ו;א;ם;י;ו;ג;ה;ת;פ;ר;ח;מ;(37, 5, 9, 44, 6221)
(37, 5, 10, 23, 6260);ס;כ;ם;ה;ב;ם;י;ש;נ;י;ר;ע;נ;ו;י;ח;א;י;נ;א;(37, 5, 10, 4, 6241)
(37, 5, 10, 43, 6280);ז;ה;א;ש;מ;ה;ת;א;א;נ;ה;ב;ז;ע;נ;ן;ג;ד;ו;ף;(37, 5, 10, 24, 6261)
(37, 5, 11, 19, 6300);י;ת;ד;ש;ם;ו;י;ה;כ;ם;ה;ל;א;נ;ו;ב;י;ש;ה;ה;(37, 5, 10, 44, 6281)
(37, 5, 11, 39, 6320);ם;ה;י;ת;ב;ו;ם;ה;י;ת;י;ז;ם;ה;י;מ;ר;כ;ם;ה;(37, 5, 11, 20, 6301)
(37, 5, 11, 59, 6340);ו;ש;ו;ר;י;ת;ה;ן;ג;ד;ה;ו;ף;ס;כ;ה;ת;א;מ;ו;(37, 5, 11, 40, 6321)
(37, 5, 12, 2, 6360);י;ו;ם;ה;ב;ם;י;ש;נ;ם;ת;א;ר;ש;א;ר;ה;צ;י;ה;(37, 5, 11, 60, 6341)
(37, 5, 12, 22, 6380);ן;כ;ש;ק;ב;נ;א;ל;ם;ה;מ;ו;ב;י;ש;נ;ו;ר;מ;א;(37, 5, 12, 3, 6361)
(37, 5, 12, 42, 6400);א;ר;ק;א;ו;ר;מ;ו;א;ה;ת;א;ר;ש;א;כ;ה;ש;ע;נ;(37, 5, 12, 23, 6381)
(37, 5, 12, 62, 6420);ת;ו;ש;ע;ל;ם;ע;י;ב;ש;א;ו;ם;י;נ;ה;כ;ה;ת;א;(37, 5, 12, 43, 6401)
(37, 5, 13, 13, 6440);א;ו;י;ת;ר;ע;נ;י;נ;צ;ח;ם;ג;ה;ז;ה;ר;ב;ד;כ;(37, 5, 12, 63, 6421)
(37, 5, 13, 33, 6460);ל;כ;ת;א;ם;י;ה;ל;א;ה;ר;ע;נ;י;ה;כ;כ;ה;ר;מ;(37, 5, 13, 14, 6441)
(37, 5, 13, 53, 6480);ה;ר;ב;ד;ה;ת;א;ם;י;ק;י;א;ל;ר;ש;א;ש;י;א;ה;(37, 5, 13, 34, 6461)
(37, 5, 13, 73, 6500);ה;י;ה;כ;כ;ו;ו;ע;י;ג;י;מ;ו;ו;ת;י;ב;מ;ה;ז;(37, 5, 13, 54, 6481)
(37, 5, 13, 93, 6520);ה;ק;ה;ל;כ;ו;ר;מ;א;י;ו;ק;ר;ו;ר;ו;ע;נ;ה;י;(37, 5, 13, 74, 6501)
(37, 5, 13, 113, 6540);ש;ע;י;ו;ה;ו;ה;י;ת;א;ו;ל;ל;ה;י;ו;ן;מ;א;ל;(37, 5, 13, 94, 6521)
(37, 5, 14, 10, 6560);צ;ר;ש;א;ם;ו;י;מ;ם;ג;ה;ז;ה;ר;ב;ד;כ;ם;ע;ה;(37, 5, 13, 114, 6541)
(37, 5, 14, 30, 6580);ה;י;ץ;ר;א;ב;ם;ח;פ;ת;ו;י;ה;ל;י;ת;ו;א;ה;ו;(37, 5, 14, 11, 6561)
(37, 5, 14, 50, 6600);ל;ש;ת;נ;ש;ד;ע;ו;ם;י;ר;ש;ע;ת;נ;ש;מ;ה;ד;ו;(37, 5, 14, 31, 6581)
(37, 5, 14, 70, 6620);ל;מ;ה;א;ת;ס;ש;ח;ת;ר;א;ל;ם;י;ת;ש;ו;ם;י;ש;(37, 5, 14, 51, 6601)
(37, 5, 14, 90, 6640);י;ח;א;ו;י;נ;א;ה;ר;ש;ע;ם;י;ת;ש;ם;י;נ;ש;ך;(37, 5, 14, 71, 6621)
(37, 5, 15, 6, 6660);ת;ו;ח;פ;ה;ו;י;ת;ל;כ;א;א;ל;ה;ח;פ;ה;ם;ח;ל;(37, 5, 14, 91, 6641)
(37, 5, 15, 26, 6680);ו;ד;י;ב;כ;ה;י;נ;פ;ל;ר;ש;א;ם;י;נ;ש;א;ר;ה;(37, 5, 15, 7, 6661)
(37, 5, 15, 46, 6700);י;י;ו;ם;ח;ל;ב;ם;ה;מ;ו;ח;ק;י;ו;ם;ע;ה;ל;ע;(37, 5, 15, 27, 6681)
(37, 5, 15, 66, 6720);ם;ג;ם;י;ע;ב;ר;א;ם;י;ל;ק;ש;ף;ס;כ;ר;ח;א;ן;(37, 5, 15, 47, 6701)
(37, 5, 15, 86, 6740);ל;י;נ;א;ו;ם;ע;ה;ל;ע;ו;ט;ל;ש;ם;ה;י;ר;ע;נ;(37, 5, 15, 67, 6721)
(37, 5, 15, 106, 6760);י;ה;ל;א;ת;א;ר;י;י;נ;פ;מ;ן;כ;י;ת;י;ש;ע;א;(37, 5, 15, 87, 6741)
(37, 5, 16, 19, 6780);ה;ת;א;ז;ה;ה;מ;ו;ח;ה;ת;כ;א;ל;מ;ב;ם;ג;ו;ם;(37, 5, 15, 107, 6761)
(37, 5, 16, 39, 6800);נ;ל;כ;ו;ו;נ;י;נ;ק;א;ל;ה;ד;ש;ו;י;ת;ק;ז;ח;(37, 5, 16, 20, 6781)
(37, 5, 17, 1, 6820);ו;ה;כ;א;ל;מ;ה;ל;ע;ם;ש;ם;י;צ;ו;ב;ק;י;ר;ע;(37, 5, 16, 40, 6801)
(37, 5, 17, 21, 6840);מ;ח;ו;ה;א;מ;ם;י;נ;ג;ס;ה;ו;ם;י;ד;ו;ה;י;ה;(37, 5, 17, 2, 6821)
(37, 5, 17, 41, 6860);ה;ן;מ;ו;נ;י;ל;א;ם;י;א;ב;ה;ו;ש;י;א;ם;י;ש;(37, 5, 17, 22, 6841)
(37, 5, 17, 61, 6880);ח;ל;ש;ל;ע;ו;נ;י;ת;ב;י;ב;ס;ר;ש;א;ם;י;ו;ג;(37, 5, 17, 42, 6861)
(37, 5, 18, 18, 6900);ד;ח;א;ם;ו;י;ל;ה;ש;ע;נ;ה;י;ה;ר;ש;א;ו;י;נ;(37, 5, 17, 62, 6881)
(37, 5, 18, 38, 6920);ר;פ;צ;ו;ת;ו;ר;ר;ב;ש;ש;ן;א;צ;ד;ח;א;ר;ו;ש;(37, 5, 18, 19, 6901)
(37, 5, 18, 58, 6940);ם;י;מ;י;ת;ר;ש;ע;ן;י;ב;ו;י;ל;ו;ש;ע;נ;ם;י;(37, 5, 18, 39, 6921)
(37, 5, 18, 78, 6960);ה;ם;ח;ל;ה;ז;ם;ע;ו;ה;ב;ר;ה;ל;ן;י;י;ל;כ;ב;(37, 5, 18, 59, 6941)
(37, 5, 18, 98, 6980);ד;ב;ע;ה;ה;ד;ב;כ;י;כ;י;ת;ש;ק;ב;א;ל;ה;ח;פ;(37, 5, 18, 79, 6961)
(37, 5, 19, 11, 7000);ל;י;ה;ל;א;י;ל;ה;ר;כ;ז;ה;ז;ה;ם;ע;ה;ל;ע;ה;(37, 5, 18, 99, 6981)
(37, 5, 19, 31, 7020);ה;ם;ע;ה;ל;ע;י;ת;י;ש;ע;ר;ש;א;ל;כ;ה;ב;ו;ט;(37, 5, 19, 12, 7001)
(37, 6, 1, 18, 7040);ט;ל;ב;נ;ס;ל;ע;מ;ש;נ;ר;ש;א;כ;י;ה;י;ו;ה;ז;(37, 5, 19, 32, 7021)
(37, 6, 1, 38, 7060);ת;י;ל;ו;י;ב;ר;ע;ה;ם;ש;ג;ל;ו;ה;י;ב;ו;ט;ו;(37, 6, 1, 19, 7041)
(37, 6, 1, 58, 7080);מ;ו;ח;ה;ת;א;י;ת;י;נ;ב;י;כ;ו;נ;י;ב;י;א;ר;(37, 6, 1, 39, 7061)
(37, 6, 1, 78, 7100);ת;ע;ה;ד;ע;ם;ג;ץ;ר;פ;ה;ב;ר;ת;ו;נ;א;ל;ו;ה;(37, 6, 1, 59, 7081)
(37, 6, 1, 98, 7120);ע;ש;ב;י;ת;ד;מ;ע;ה;א;ל;ת;ו;ת;ל;ד;א;י;ה;ה;(37, 6, 1, 79, 7101)
(37, 6, 2, 17, 7140);י;ל;א;ם;ש;ג;ו;ט;ל;ב;נ;ס;ח;ל;ש;י;ו;ם;י;ר;(37, 6, 1, 99, 7121)
(37, 6, 2, 37, 7160);פ;כ;ב;ו;ד;ח;י;ה;ד;ע;ו;נ;ו;ה;כ;ל;ר;מ;א;ל;(37, 6, 2, 18, 7141)
(37, 6, 2, 57, 7180);ב;ש;ח;ה;מ;ה;ו;ו;נ;ו;א;ת;ע;ק;ב;ב;ם;י;ר;י;(37, 6, 2, 38, 7161)
(37, 6, 3, 8, 7200);ל;ע;ה;ח;ל;ש;א;ו;ה;ע;ר;י;ל;ת;ו;ש;ע;ל;ם;י;(37, 6, 2, 58, 7181)
(37, 6, 3, 28, 7220);ד;ג;ה;כ;א;ל;מ;ר;מ;א;ל;ם;י;כ;א;ל;מ;ם;ה;י;(37, 6, 3, 9, 7201)
(37, 6, 3, 48, 7240);ת;ד;ר;ל;ל;כ;ו;א;א;ל;ו;ה;ש;ע;י;נ;א;ה;ל;ו;(37, 6, 3, 29, 7221)
(37, 6, 3, 68, 7260);פ;ר;א;ר;ש;א;כ;ה;כ;א;ל;מ;ה;ת;ב;ש;ת;ה;מ;ל;(37, 6, 3, 49, 7241)
(37, 6, 4, 8, 7280);ל;א;ו;ח;ל;ש;י;ו;ם;כ;י;ל;א;י;ת;ד;ר;י;ו;ה;(37, 6, 3, 69, 7261)
(37, 6, 4, 28, 7300);ש;א;ו;ם;י;מ;ע;פ;ע;ב;ר;א;ה;ז;ה;ר;ב;ד;כ;י;(37, 6, 4, 9, 7281)
(37, 6, 5, 7, 7320);ל;א;ח;ל;ש;י;ו;ה;ז;ה;ר;ב;ד;כ;ם;ת;ו;א;ב;י;(37, 6, 4, 29, 7301)
(37, 6, 5, 27, 7340);ש;י;מ;ח;ם;ע;פ;ה;ז;ה;ר;ב;ד;כ;ט;ל;ב;נ;ס;י;(37, 6, 5, 8, 7321)
(37, 6, 5, 47, 7360);י;ב;ה;ח;ו;ת;פ;ת;ר;ג;א;ו;ו;ר;ע;נ;ת;א;ת;י;(37, 6, 5, 28, 7341)
(37, 6, 6, 18, 7380);ש;ג;ו;ע;מ;ש;נ;ם;י;ו;ג;ב;ה;ב;ב;ו;ת;כ;ו;ד;(37, 6, 5, 48, 7361)
(37, 6, 6, 38, 7400);י;ב;ש;ח;ם;י;ד;ו;ה;י;ה;ו;ה;ת;א;ר;מ;א;ו;מ;(37, 6, 6, 19, 7381)
(37, 6, 6, 58, 7420);ו;ח;ה;ה;נ;ו;ב;ה;ת;א;ן;כ;ל;ע;ד;ו;ר;מ;ל;ם;(37, 6, 6, 39, 7401)
(37, 6, 6, 78, 7440);ר;ב;ד;כ;ך;ל;מ;ל;ם;ה;ל;ה;ו;ה;ה;ת;א;ו;ה;מ;(37, 6, 6, 59, 7421)
(37, 6, 7, 14, 7460);ת;ד;מ;ע;ה;ם;י;א;י;ב;נ;ם;ג;ו;ה;ל;א;ה;ם;י;(37, 6, 6, 79, 7441)
(37, 6, 7, 34, 7480);מ;ר;מ;א;ל;ם;ל;ש;ו;ר;י;ב;ך;י;ל;ע;א;ר;ק;ל;(37, 6, 7, 15, 7461)
(37, 6, 7, 54, 7500);ך;ל;מ;ל;ע;מ;ש;י;ה;ת;ע;ו;ה;ד;ו;ה;י;ב;ך;ל;(37, 6, 7, 35, 7481)
(37, 6, 7, 74, 7520);ו;נ;ו;ה;כ;ל;ה;ת;ע;ו;ה;ל;א;ה;ם;י;ר;ב;ד;כ;(37, 6, 7, 55, 7501)
(37, 6, 8, 13, 7540);מ;א;ל;ו;י;ל;א;ה;ח;ל;ש;א;ו;ו;ד;ח;י;ה;צ;ע;(37, 6, 7, 75, 7521)
(37, 6, 8, 33, 7560);ר;ש;א;ה;ל;א;ה;ם;י;ר;ב;ד;כ;ה;י;ה;נ;א;ל;ר;(37, 6, 8, 14, 7541)
(37, 6, 8, 53, 7580);א;ד;ו;ב;ה;ת;א;ך;ב;ל;מ;י;כ;ר;מ;ו;א;ה;ת;א;(37, 6, 8, 34, 7561)
(37, 6, 9, 19, 7600);מ;א;ל;ו;נ;ת;ו;א;ם;י;א;ר;י;מ;ם;ל;כ;י;כ;ם;(37, 6, 8, 54, 7581)
(37, 6, 9, 39, 7620);ל;ו;ה;כ;א;ל;מ;ה;ן;מ;ם;ה;י;ד;י;ו;פ;ר;י;ר;(37, 6, 9, 20, 7601)
(37, 6, 10, 3, 7640);נ;א;ו;י;ד;י;ת;א;ק;ז;ח;ה;ת;ע;ו;ה;ש;ע;ת;א;(37, 6, 9, 40, 7621)
(37, 6, 10, 23, 7660);ב;ה;י;ל;ד;ן;ב;ה;י;ע;מ;ש;ת;י;ב;י;ת;א;ב;י;(37, 6, 10, 4, 7641)
(37, 6, 10, 43, 7680);מ;א;י;ו;ר;ו;צ;ע;א;ו;ה;ו;ל;א;ב;ט;י;ה;מ;ן;(37, 6, 10, 24, 7661)
(37, 6, 10, 63, 7700);ו;ת;ל;א;ם;י;ה;ל;א;ה;ת;י;ב;ל;א;ד;ע;ו;נ;ר;(37, 6, 10, 44, 7681)
(37, 6, 10, 83, 7720);י;ה;ה;ת;ו;ת;ל;ד;ה;ר;ג;ס;נ;ו;ל;כ;י;ה;ה;ך;(37, 6, 10, 64, 7701)
(37, 6, 10, 103, 7740);א;ב;ה;ל;י;ל;ו;ך;ג;ר;ה;ל;ם;י;א;ב;י;כ;ל;כ;(37, 6, 10, 84, 7721)
(37, 6, 11, 13, 7760);נ;ו;מ;כ;ש;י;א;ה;ה;ר;מ;א;ו;ך;ג;ר;ה;ל;ם;י;(37, 6, 10, 104, 7741)
(37, 6, 11, 33, 7780);א;א;ב;י;ר;ש;א;י;נ;ו;מ;כ;י;מ;ו;ח;ר;ב;י;י;(37, 6, 11, 14, 7761)
(37, 6, 12, 5, 7800);ר;י;כ;א;ו;א;ו;ב;א;א;ל;י;ח;ו;ל;כ;י;ה;ה;ל;(37, 6, 11, 34, 7781)
(37, 6, 12, 25, 7820);נ;ה;י;כ;ו;ח;ל;ש;ם;י;ה;ל;א;א;ל;ה;נ;ה;ו;ה;(37, 6, 12, 6, 7801)
(37, 6, 12, 45, 7840);ב;נ;ס;ו;ה;י;ב;ו;ט;ו;י;ל;ע;ר;ב;ד;ה;א;ו;ב;(37, 6, 12, 26, 7821)
(37, 6, 13, 14, 7860);ע;מ;ל;א;ו;ה;ר;ו;כ;ש;ן;ע;מ;ל;ו;ר;כ;ש;ט;ל;(37, 6, 12, 46, 7841)
(37, 6, 13, 34, 7880);ה;ו;י;ת;א;ט;ח;ו;ן;כ;ה;ש;ע;א;ו;א;ר;י;א;ן;(37, 6, 13, 15, 7861)
(37, 6, 13, 54, 7900);נ;ו;פ;ר;ח;י;ן;ע;מ;ל;ע;ר;ם;ש;ל;ם;ה;ל;ה;י;(37, 6, 13, 35, 7881)
(37, 6, 14, 19, 7920);ב;נ;ס;ל;ו;ה;י;ב;ו;ט;ל;י;ה;ל;א;ה;ר;כ;ז;י;(37, 6, 13, 55, 7901)
(37, 6, 14, 39, 7940);י;ד;ע;ו;נ;ל;ם;ג;ו;ה;ל;א;ו;י;ש;ע;מ;כ;ט;ל;(37, 6, 14, 20, 7921)
(37, 6, 14, 59, 7960);א;ם;י;א;י;ב;נ;ה;ר;ת;י;ל;ו;ה;א;י;ב;נ;ה;ה;(37, 6, 14, 40, 7941)
(37, 6, 15, 5, 7980);ם;ל;ש;ת;ו;י;ת;ו;א;ם;י;א;ר;י;מ;ו;י;ה;ר;ש;(37, 6, 14, 60, 7961)
(37, 6, 15, 25, 8000);ו;ל;א;ל;ה;ש;מ;ח;ו;ם;י;ר;ש;ע;ב;ה;מ;ו;ח;ה;(37, 6, 15, 6, 7981)
(37, 6, 16, 5, 8020);כ;י;ה;י;ו;ם;ו;י;ם;י;נ;ש;ו;ם;י;ש;מ;ח;ל;ל;(37, 6, 15, 26, 8001)
(37, 6, 16, 25, 8040);א;ר;י;ו;ו;נ;י;ב;י;ו;א;ל;כ;ו;ע;מ;ש;ר;ש;א;(37, 6, 16, 6, 8021)
(37, 6, 16, 45, 8060);ו;ו;נ;י;ת;ב;י;ב;ס;ר;ש;א;ם;י;ו;ג;ה;ל;כ;ו;(37, 6, 16, 26, 8041)
(37, 6, 16, 65, 8080);כ;ו;ע;ד;י;ו;ם;ה;י;נ;י;ע;ב;ד;א;מ;ו;ל;פ;י;(37, 6, 16, 46, 8061)
(37, 6, 16, 85, 8100);כ;א;ל;מ;ה;ה;ת;ש;ע;נ;ו;נ;י;ה;ל;א;ת;א;מ;י;(37, 6, 16, 66, 8081)
(37, 6, 17, 15, 8120);ם;י;ב;ר;מ;ם;ה;ה;ם;י;מ;י;ב;ם;ג;ת;א;ז;ה;ה;(37, 6, 16, 86, 8101)
(37, 6, 17, 35, 8140);ו;כ;ל;ו;ה;ם;ה;י;ת;ר;ג;א;ה;ד;ו;ה;י;י;ר;ח;(37, 6, 17, 16, 8121)
(37, 6, 17, 55, 8160);א;ב;ה;י;ב;ו;ט;ל;ר;ש;א;ו;ה;י;ב;ו;ט;ל;ע;ת;(37, 6, 17, 36, 8141)
(37, 6, 18, 13, 8180);ב;ה;ד;ו;ה;י;ב;ם;י;ב;ר;י;כ;ם;ה;י;ל;א;ת;ו;(37, 6, 17, 56, 8161)
(37, 6, 18, 33, 8200);ש;ל;א;ו;ה;ן;ת;ח;י;כ;ו;ל;ה;ע;ו;ב;ש;י;ל;ע;(37, 6, 18, 14, 8181)
(37, 6, 18, 53, 8220);ל;ו;נ;ב;ן;נ;ח;ו;ה;י;ו;ח;ר;א;ן;ב;ה;י;נ;כ;(37, 6, 18, 34, 8201)
(37, 6, 19, 3, 8240);ט;ם;ג;ה;י;כ;ר;ב;ן;ב;ם;ל;ש;מ;ת;ב;ת;א;ח;ק;(37, 6, 18, 54, 8221)
(37, 6, 19, 23, 8260);ב;ד;ו;י;נ;פ;ל;ם;י;ר;מ;א;ו;י;ה;ו;י;ת;ב;ו;(37, 6, 19, 4, 8241)
(37, 6, 19, 43, 8280);ש;ת;ו;ר;ג;א;ו;ל;ם;י;א;י;צ;ו;מ;ו;י;ה;י;ר;(37, 6, 19, 24, 8261)
(37, 7, 1, 7, 8300);ש;א;כ;י;ה;י;ו;י;נ;א;ר;י;ל;ה;י;ב;ו;ט;ח;ל;(37, 6, 19, 44, 8281)
(37, 7, 1, 27, 8320);ל;ד;ה;ד;י;מ;ע;א;ו;ה;מ;ו;ח;ה;ה;ת;נ;ב;נ;ר;(37, 7, 1, 8, 8301)
(37, 7, 1, 47, 8340);ש;מ;ה;ו;ם;י;ר;ע;ו;ש;ה;ו;ד;ק;פ;י;ו;ת;ו;ת;(37, 7, 1, 28, 8321)
(37, 7, 2, 10, 8360);נ;נ;ח;ת;א;ה;ו;צ;א;ו;ם;י;ו;ל;ה;ו;ם;י;ר;ר;(37, 7, 1, 48, 8341)
(37, 7, 2, 30, 8380);ע;ה;ר;י;ב;ה;ר;ש;ה;י;נ;נ;ח;ת;א;ו;י;ח;א;י;(37, 7, 2, 11, 8361)
(37, 7, 2, 50, 8400);ו;ת;מ;א;ש;י;א;כ;א;ו;ה;י;כ;ם;ל;ש;ו;ר;י;ל;(37, 7, 2, 31, 8381)
(37, 7, 3, 4, 8420);מ;א;י;ו;ם;י;ב;ר;מ;ם;י;ה;ל;א;ה;ת;א;א;ר;י;(37, 7, 2, 51, 8401)
(37, 7, 3, 24, 8440);ל;ש;ו;ר;י;י;ר;ע;ש;ו;ח;ת;פ;י;א;ל;ם;ה;ל;ר;(37, 7, 3, 5, 8421)
(37, 7, 3, 44, 8460);י;ם;י;ד;מ;ע;ם;ה;ד;ע;ו;ש;מ;ש;ה;ם;ח;ד;ע;ם;(37, 7, 3, 25, 8441)
(37, 7, 3, 64, 8480);י;מ;ע;ה;ו;ו;ז;ח;א;ו;ת;ו;ת;ל;ד;ה;ו;פ;י;ג;(37, 7, 3, 45, 8461)
(37, 7, 3, 84, 8500);ש;י;א;ם;ל;ש;ו;ר;י;י;ב;ש;י;ת;ו;ר;מ;ש;מ;ד;(37, 7, 3, 65, 8481)
(37, 7, 4, 3, 8520);ע;ה;ו;ו;ת;י;ב;ד;ג;נ;ש;י;א;ו;ו;ר;מ;ש;מ;ב;(37, 7, 3, 85, 8501)
(37, 7, 4, 23, 8540);מ;ם;ע;ה;ו;ה;ל;ד;ג;ו;ם;י;ד;י;ת;ב;ח;ר;ר;י;(37, 7, 4, 4, 8521)
(37, 7, 4, 43, 8560);ם;י;ו;נ;ב;ם;י;ת;ב;ן;י;א;ו;ה;כ;ו;ת;ב;ט;ע;(37, 7, 4, 24, 8541)
(37, 7, 5, 20, 8580);א;ה;צ;ב;ק;א;ו;י;ב;ל;ל;א;י;ה;ל;א;ן;ת;י;ו;(37, 7, 5, 1, 8561)
(37, 7, 5, 40, 8600);ע;ה;ת;א;ו;ם;י;נ;ג;ס;ה;ת;א;ו;ם;י;ר;ח;ה;ת;(37, 7, 5, 21, 8581)
(37, 7, 5, 60, 8620);ה;ש;ח;י;ה;ר;פ;ס;א;צ;מ;א;ו;ש;ח;י;ת;ה;ל;ם;(37, 7, 5, 41, 8601)
(37, 7, 5, 80, 8640);ו;ת;כ;א;צ;מ;א;ו;ה;נ;ו;ש;א;ר;ב;ם;י;ל;ו;ע;(37, 7, 5, 61, 8621)
(37, 7, 6, 17, 8660);ם;י;ל;ע;ה;ה;נ;י;ד;מ;ה;י;נ;ב;ה;ל;א;ו;ב;ב;(37, 7, 5, 81, 8641)
(37, 7, 6, 37, 8680);כ;ו;ב;נ;ה;ל;ג;ה;ר;ש;א;ה;ל;ו;ג;ה;י;ב;ש;מ;(37, 7, 6, 18, 8661)
(37, 7, 6, 57, 8700);ו;ר;י;ל;ו;ב;ו;ש;י;ו;ל;ב;ב;ך;ל;מ;ר;צ;נ;ד;(37, 7, 6, 38, 8681)
(37, 7, 7, 2, 8720);ב;ה;ו;ר;י;ע;ל;ש;י;א;ה;ד;ו;ה;י;ל;ו;ם;ל;ש;(37, 7, 6, 58, 8701)
(37, 7, 7, 22, 8740);ע;ה;י;מ;ח;נ;ע;ו;ש;י;ל;ב;ב;ר;ז;ם;ע;ם;י;א;(37, 7, 7, 3, 8721)
(37, 7, 7, 42, 8760);ב;י;כ;ד;ר;מ;י;נ;מ;ח;נ;ה;י;מ;ע;ר;ה;י;ר;ז;(37, 7, 7, 23, 8741)
(37, 7, 7, 62, 8780);ה;נ;ע;ב;ם;ו;ח;נ;י;ו;ג;ב;ת;ר;פ;ס;מ;ן;ש;ל;(37, 7, 7, 43, 8761)
(37, 7, 8, 5, 8800);ר;פ;י;נ;ב;ל;א;ר;ש;י;ם;ע;י;ש;נ;א;ר;פ;ס;מ;(37, 7, 7, 63, 8781)
(37, 7, 8, 25, 8820);י;נ;ש;ו;ם;י;ע;ב;ש;ו;ה;א;מ;ם;י;פ;ל;א;ש;ע;(37, 7, 8, 6, 8801)
(37, 7, 9, 19, 8840);י;ע;ב;ש;ת;ו;א;מ;ש;ל;ש;ה;י;ט;פ;ש;י;נ;ב;ם;(37, 7, 8, 26, 8821)
(37, 7, 10, 14, 8860);מ;ח;ת;ו;א;מ;ש;ש;ח;ר;א;י;נ;ב;ם;י;נ;ש;ו;ם;(37, 7, 9, 20, 8841)
(37, 7, 11, 12, 8880);ב;ל;ב;א;ו;מ;ת;ח;פ;י;נ;ב;ם;י;נ;ש;ו;ם;י;ש;(37, 7, 10, 15, 8861)
(37, 7, 11, 32, 8900);נ;מ;ש;ו;ם;י;פ;ל;א;ב;א;ו;י;ו;ע;ו;ש;י;י;נ;(37, 7, 11, 13, 8881)
(37, 7, 12, 8, 8920);א;ם;ל;י;ע;י;נ;ב;ר;ש;ע;ה;נ;מ;ש;ת;ו;א;מ;ה;(37, 7, 11, 33, 8901)
(37, 7, 13, 2, 8940);נ;ב;ה;ע;ב;ר;א;ו;ם;י;ש;מ;ח;ם;י;ת;א;מ;ף;ל;(37, 7, 12, 9, 8921)
(37, 7, 13, 22, 8960);ו;ם;י;ע;ב;ר;א;ת;ו;א;מ;ה;נ;מ;ש;א;ו;ת;ז;י;(37, 7, 13, 3, 8941)
(37, 7, 14, 16, 8980);ש;ש;ו;ת;ו;א;מ;ע;ב;ש;י;כ;ז;י;נ;ב;ה;ש;מ;ח;(37, 7, 13, 23, 8961)
(37, 7, 15, 18, 9000);י;ע;ב;ר;א;ת;ו;א;מ;ש;ש;י;ו;נ;ב;י;נ;ב;ם;י;(37, 7, 14, 17, 8981)
(37, 7, 16, 14, 9020);ש;ע;ת;ו;א;מ;ש;ש;י;ב;ב;י;נ;ב;ה;נ;מ;ש;ו;ם;(37, 7, 15, 19, 9001)
(37, 7, 17, 12, 9040);ם;י;פ;ל;א;ד;ג;ז;ע;י;נ;ב;ה;נ;מ;ש;ו;ם;י;ר;(37, 7, 16, 15, 9021)
(37, 7, 18, 3, 9060);י;נ;ב;ם;י;נ;ש;ו;ם;י;ר;ש;ע;ת;ו;א;מ;ש;ל;ש;(37, 7, 17, 13, 9041)
(37, 7, 18, 23, 9080);ע;ב;ש;ו;ם;י;ש;ש;ת;ו;א;מ;ש;ש;ם;ק;י;נ;ד;א;(37, 7, 18, 4, 9061)
(37, 7, 19, 19, 9100);ב;ש;ו;ם;י;ש;ש;ם;י;פ;ל;א;י;ו;ג;ב;י;נ;ב;ה;(37, 7, 18, 24, 9081)
(37, 7, 20, 18, 9120);ם;י;ש;מ;ח;ת;ו;א;מ;ש;ש;ן;י;ד;ע;י;נ;ב;ה;ע;(37, 7, 19, 20, 9101)
(37, 7, 21, 15, 9140);ע;ש;ת;ה;י;ק;ז;ח;ל;ר;ט;א;י;נ;ב;ה;ש;מ;ח;ו;(37, 7, 20, 19, 9121)
(37, 7, 22, 13, 9160);ת;ו;א;מ;ש;ל;ש;ם;ש;ח;י;נ;ב;ה;נ;מ;ש;ו;ם;י;(37, 7, 21, 16, 9141)
(37, 7, 23, 10, 9180);מ;ש;ל;ש;י;צ;ב;י;נ;ב;ה;נ;מ;ש;ו;ם;י;ר;ש;ע;(37, 7, 22, 14, 9161)
(37, 7, 24, 6, 9200);י;ר;ח;י;נ;ב;ה;ע;ב;ר;א;ו;ם;י;ר;ש;ע;ת;ו;א;(37, 7, 23, 11, 9181)
(37, 7, 25, 9, 9220);ת;ן;ו;ע;ב;ג;י;נ;ב;ר;ש;ע;ם;י;נ;ש;ה;א;מ;ף;(37, 7, 24, 7, 9201)
(37, 7, 26, 11, 9240);ו;ם;ח;ל;ת;י;ב;י;ש;נ;א;ה;ש;מ;ח;ו;ם;י;ע;ש;(37, 7, 25, 10, 9221)
(37, 7, 27, 3, 9260);ש;נ;א;ה;נ;מ;ש;ו;ם;י;נ;מ;ש;ה;א;מ;ה;פ;ט;נ;(37, 7, 26, 12, 9241)
(37, 7, 28, 1, 9280);א;ה;נ;מ;ש;ו;ם;י;ר;ש;ע;ה;א;מ;ת;ו;ת;נ;ע;י;(37, 7, 27, 4, 9261)
(37, 7, 28, 21, 9300);נ;ש;ו;ם;י;ע;ב;ר;א;ת;ו;מ;ז;ע;ת;י;ב;י;ש;נ;(37, 7, 28, 2, 9281)
(37, 7, 29, 18, 9320);ה;ר;י;פ;כ;ם;י;ר;ע;י;ת;י;ר;ק;י;ש;נ;א;ם;י;(37, 7, 28, 22, 9301)
(37, 7, 29, 38, 9340);ו;ם;י;ע;ב;ר;א;ת;ו;א;מ;ע;ב;ש;ת;ו;ר;א;ב;ו;(37, 7, 29, 19, 9321)
(37, 7, 30, 16, 9360);א;מ;ש;ש;ע;ב;ג;ו;ה;מ;ר;ה;י;ש;נ;א;ה;ש;ל;ש;(37, 7, 29, 39, 9341)
(37, 7, 31, 9, 9380);מ;ס;מ;כ;מ;י;ש;נ;א;ד;ח;א;ו;ם;י;ר;ש;ע;ת;ו;(37, 7, 30, 17, 9361)
(37, 7, 32, 7, 9400);ת;י;ב;י;ש;נ;א;ם;י;נ;ש;ו;ם;י;ר;ש;ע;ו;ה;א;(37, 7, 31, 10, 9381)
(37, 7, 33, 1, 9420);א;ה;ש;ל;ש;ו;ם;י;ר;ש;ע;ה;א;מ;י;ע;ה;ו;ל;א;(37, 7, 32, 8, 9401)
(37, 7, 34, 1, 9440);ב;ם;י;נ;ש;ו;ם;י;ש;מ;ח;ר;ח;א;ו;ב;נ;י;ש;נ;(37, 7, 33, 2, 9421)
(37, 7, 34, 21, 9460);ש;מ;ח;ם;י;ת;א;מ;ף;ל;א;ר;ח;א;ם;ל;י;ע;י;נ;(37, 7, 34, 2, 9441)
(37, 7, 35, 12, 9480);ו;א;מ;ש;ל;ש;ם;ר;ח;י;נ;ב;ה;ע;ב;ר;א;ו;ם;י;(37, 7, 34, 22, 9461)
(37, 7, 36, 13, 9500);ו;א;מ;ש;ל;ש;ו;ח;ר;י;י;נ;ב;ם;י;ר;ש;ע;ו;ת;(37, 7, 35, 13, 9481)
(37, 7, 37, 8, 9520);י;ד;ח;ד;ל;י;נ;ב;ה;ש;מ;ח;ו;ם;י;ע;ב;ר;א;ת;(37, 7, 36, 14, 9501)
(37, 7, 37, 28, 9540);א;ו;ם;י;ר;ש;ע;ו;ת;ו;א;מ;ע;ב;ש;ו;נ;א;ו;ד;(37, 7, 37, 9, 9521)
(37, 7, 38, 18, 9560);ש;ת;ם;י;פ;ל;א;ת;ש;ל;ש;ה;א;נ;ס;י;נ;ב;ד;ח;(37, 7, 37, 29, 9541)
(37, 7, 39, 9, 9580);י;נ;ב;ם;י;נ;ה;כ;ה;ם;י;ש;ל;ש;ו;ת;ו;א;מ;ע;(37, 7, 38, 19, 9561)
(37, 7, 39, 29, 9600);ת;ו;א;מ;ע;ש;ת;ע;ו;ש;י;ת;י;ב;ל;ה;י;ע;ד;י;(37, 7, 39, 10, 9581)
(37, 7, 40, 10, 9620);ח;ף;ל;א;ר;מ;א;י;נ;ב;ה;ש;ל;ש;ו;ם;י;ע;ב;ש;(37, 7, 39, 30, 9601)
(37, 7, 41, 11, 9640);ף;ל;א;ר;ו;ח;ש;פ;י;נ;ב;ם;י;נ;ש;ו;ם;י;ש;מ;(37, 7, 40, 11, 9621)
(37, 7, 42, 4, 9660);ח;י;נ;ב;ה;ע;ב;ש;ו;ם;י;ע;ב;ר;א;ם;י;ת;א;מ;(37, 7, 41, 12, 9641)
(37, 7, 43, 8, 9680);י;נ;ב;ם;י;ו;ל;ה;ר;ש;ע;ה;ע;ב;ש;ף;ל;א;ם;ר;(37, 7, 42, 5, 9661)
(37, 7, 43, 28, 9700);ו;ד;ו;ה;ל;י;נ;ב;ל;ל;א;י;מ;ד;ק;ל;ע;ו;ש;י;(37, 7, 43, 9, 9681)
(37, 7, 44, 8, 9720);ב;ם;י;ר;ר;ש;מ;ה;ה;ע;ב;ר;א;ו;ם;י;ע;ב;ש;ה;(37, 7, 43, 29, 9701)
(37, 7, 45, 1, 9740);ה;ה;נ;מ;ש;ו;ם;י;ע;ב;ר;א;ה;א;מ;ף;ס;א;י;נ;(37, 7, 44, 9, 9721)
(37, 7, 45, 21, 9760);י;נ;ב;ר;ט;א;י;נ;ב;ם;ל;ש;י;נ;ב;ם;י;ר;ע;ש;(37, 7, 45, 2, 9741)
(37, 7, 45, 41, 9780);ב;א;ט;י;ט;ח;י;נ;ב;ב;ו;ק;ע;י;נ;ב;ן;מ;ל;ט;(37, 7, 45, 22, 9761)
(37, 7, 46, 2, 9800);נ;ה;ה;נ;מ;ש;ו;ם;י;ש;ל;ש;ה;א;מ;י;ב;ש;י;נ;(37, 7, 45, 42, 9781)
(37, 7, 46, 22, 9820);נ;ב;א;פ;ש;ח;י;נ;ב;א;ח;צ;י;נ;ב;ם;י;נ;י;ת;(37, 7, 46, 3, 9801)
(37, 7, 47, 14, 9840);א;ע;י;ס;י;נ;ב;ס;ר;י;ק;י;נ;ב;ת;ו;ע;ב;ט;י;(37, 7, 46, 23, 9821)
(37, 7, 48, 13, 9860);ב;ג;ח;י;נ;ב;ה;נ;ב;ל;י;נ;ב;ן;ו;ד;פ;י;נ;ב;(37, 7, 47, 15, 9841)
(37, 7, 49, 12, 9880);ל;ד;ג;י;נ;ב;ן;נ;ח;י;נ;ב;י;מ;ל;ש;י;נ;ב;א;(37, 7, 48, 14, 9861)
(37, 7, 50, 14, 9900);ן;י;צ;ר;י;נ;ב;ה;י;א;ר;י;נ;ב;ר;ח;ג;י;נ;ב;(37, 7, 49, 13, 9881)
(37, 7, 51, 12, 9920);א;ז;ע;י;נ;ב;ם;ז;ג;י;נ;ב;א;ד;ו;ק;נ;י;נ;ב;(37, 7, 50, 15, 9901)
(37, 7, 52, 14, 9940);י;נ;ו;ע;מ;י;נ;ב;י;ס;ב;י;נ;ב;ח;ס;פ;י;נ;ב;(37, 7, 51, 13, 9921)
(37, 7, 53, 9, 9960);ב;ק;ו;ב;ק;ב;י;נ;ב;ם;י;ס;ש;ו;פ;נ;י;נ;ב;ם;(37, 7, 52, 15, 9941)
(37, 7, 54, 5, 9980);צ;ב;י;נ;ב;ר;ו;ח;ר;ח;י;נ;ב;א;פ;ו;ק;ח;י;נ;(37, 7, 53, 10, 9961)
(37, 7, 55, 2, 10000);נ;ב;א;ש;ר;ח;י;נ;ב;א;ד;י;ח;מ;י;נ;ב;ת;י;ל;(37, 7, 54, 6, 9981)
(37, 7, 55, 22, 10020);ח;מ;ת;י;נ;ב;א;ר;ס;י;ס;י;נ;ב;ס;ו;ק;ר;ב;י;(37, 7, 55, 3, 10001)
(37, 7, 57, 5, 10040);ב;ע;י;נ;ב;א;פ;י;ט;ח;י;נ;ב;ח;י;צ;נ;י;נ;ב;(37, 7, 56, 1, 10021)
(37, 7, 57, 25, 10060);ת;ר;פ;ס;י;נ;ב;י;ט;ו;ס;י;נ;ב;ה;מ;ל;ש;י;ד;(37, 7, 57, 6, 10041)
(37, 7, 58, 12, 10080);ר;ד;י;נ;ב;א;ל;ע;י;י;נ;ב;א;ד;י;ר;פ;י;נ;ב;(37, 7, 57, 26, 10061)
(37, 7, 59, 11, 10100);י;נ;ב;ה;י;ט;פ;ש;י;נ;ב;ל;ד;ג;י;נ;ב;ן;ו;ק;(37, 7, 58, 13, 10081)
(37, 7, 59, 31, 10120);י;נ;ב;ם;י;י;ב;צ;ה;ת;ר;כ;פ;י;נ;ב;ל;י;ט;ח;(37, 7, 59, 12, 10101)
(37, 7, 60, 16, 10140);ד;ב;ע;י;נ;ב;ו;ם;י;נ;י;ת;נ;ה;ל;כ;ן;ו;מ;א;(37, 7, 59, 32, 10121)
(37, 7, 60, 36, 10160);נ;ש;ו;ם;י;ע;ש;ת;ת;ו;א;מ;ש;ל;ש;ה;מ;ל;ש;י;(37, 7, 60, 17, 10141)
(37, 7, 61, 18, 10180);ל;ת;ח;ל;מ;ל;ת;מ;ם;י;ל;ו;ע;ה;ה;ל;א;ו;ם;י;(37, 7, 60, 37, 10161)
(37, 7, 61, 38, 10200);י;א;ל;ו;ר;מ;א;ו;ן;ו;ד;א;ב;ו;ר;כ;א;ש;ר;ח;(37, 7, 61, 19, 10181)
(37, 7, 61, 58, 10220);ם;ע;ר;ז;ו;ם;ת;ב;א;ת;י;ב;ד;י;ג;ה;ל;ו;ל;כ;(37, 7, 61, 39, 10201)
(37, 7, 62, 10, 10240);י;נ;ב;ה;י;ל;ד;י;נ;ב;ם;ה;ל;א;ר;ש;י;מ;ם;א;(37, 7, 61, 59, 10221)
(37, 7, 62, 30, 10260);ו;ת;ו;א;מ;ש;ש;א;ד;ו;ק;נ;י;נ;ב;ה;י;ב;ו;ט;(37, 7, 62, 11, 10241)
(37, 7, 63, 9, 10280);ם;י;נ;ה;כ;ה;ן;מ;ו;ם;י;נ;ש;ו;ם;י;ע;ב;ר;א;(37, 7, 62, 31, 10261)
(37, 7, 63, 29, 10300);ז;ר;ב;י;נ;ב;ץ;ו;ק;ה;י;נ;ב;ה;י;ב;ח;י;נ;ב;(37, 7, 63, 10, 10281)
(37, 7, 63, 49, 10320);ג;ה;י;ל;ז;ר;ב;ת;ו;נ;ב;מ;ח;ק;ל;ר;ש;א;י;ל;(37, 7, 63, 30, 10301)
(37, 7, 64, 3, 10340);ה;ל;א;ם;מ;ש;ל;ע;א;ר;ק;י;ו;ה;ש;א;י;ד;ע;ל;(37, 7, 63, 50, 10321)
(37, 7, 64, 23, 10360);נ;א;ל;ו;ם;י;ש;ח;י;ת;מ;ה;ם;ב;ת;כ;ו;ש;ק;ב;(37, 7, 64, 4, 10341)
(37, 7, 65, 4, 10380);מ;א;י;ו;ה;נ;ה;כ;ה;ן;מ;ו;ל;א;ג;י;ו;א;צ;מ;(37, 7, 64, 24, 10361)
(37, 7, 65, 24, 10400);ו;ל;כ;א;י;א;ל;ר;ש;א;ם;ה;ל;א;ת;ש;ר;ת;ה;ר;(37, 7, 65, 5, 10381)
(37, 7, 65, 44, 10420);ל;ן;ה;כ;ה;ד;מ;ע;ד;ע;ם;י;ש;ד;ק;ה;ש;ד;ק;מ;(37, 7, 65, 25, 10401)
(37, 7, 66, 10, 10440);ד;ח;א;כ;ל;ה;ק;ה;ל;כ;ם;י;מ;ת;ו;ם;י;ר;ו;א;(37, 7, 65, 45, 10421)
(37, 7, 66, 30, 10460);ת;ו;א;מ;ש;ל;ש;ם;י;פ;ל;א;א;ו;ב;ר;ע;ב;ר;א;(37, 7, 66, 11, 10441)
(37, 7, 67, 15, 10480);ת;ה;מ;א;ו;ם;ה;י;ד;ב;ע;ד;ב;ל;מ;ם;י;ש;ש;ו;(37, 7, 66, 31, 10461)
(37, 7, 67, 35, 10500);א;מ;ש;ל;ש;ם;י;פ;ל;א;ת;ע;ב;ש;ה;ל;א;ם;ה;י;(37, 7, 67, 16, 10481)
(37, 7, 67, 55, 10520);ר;ר;ש;מ;ם;ה;ל;ו;ה;ע;ב;ש;ו;ם;י;ש;ל;ש;ת;ו;(37, 7, 67, 36, 10501)
(37, 7, 67, 75, 10540);י;ע;ב;ר;א;ו;ם;י;ת;א;מ;ת;ו;ר;ר;ש;מ;ו;ם;י;(37, 7, 67, 56, 10521)
(37, 7, 68, 14, 10560);ש;ת;ו;א;מ;ע;ב;ר;א;ם;י;ל;מ;ג;ה;ש;מ;ח;ו;ם;(37, 7, 67, 76, 10541)
(37, 7, 68, 34, 10580);פ;ל;א;ת;ש;ש;ם;י;ר;מ;ח;ה;ש;מ;ח;ו;ם;י;ש;ל;(37, 7, 68, 15, 10561)
(37, 7, 69, 5, 10600);ת;צ;ק;מ;ו;ם;י;ר;ש;ע;ו;ת;ו;א;מ;ע;ב;ש;ם;י;(37, 7, 68, 35, 10581)
(37, 7, 69, 25, 10620);ה;ה;כ;א;ל;מ;ל;ו;נ;ת;נ;ת;ו;ב;א;ה;י;ש;א;ר;(37, 7, 69, 6, 10601)
(37, 7, 69, 45, 10640);מ;כ;ר;ד;ב;ה;ז;ר;צ;ו;א;ל;ן;ת;נ;א;ת;ש;ר;ת;(37, 7, 69, 26, 10621)
(37, 7, 69, 65, 10660);נ;ת;כ;ם;י;ש;מ;ח;ת;ו;ק;ר;ז;מ;ף;ל;א;ם;י;נ;(37, 7, 69, 46, 10641)
(37, 7, 69, 85, 10680);ת;ו;א;מ;ש;מ;ח;ו;ם;י;ש;ל;ש;ם;י;נ;ה;כ;ת;ו;(37, 7, 69, 66, 10661)
(37, 7, 70, 20, 10700);ר;צ;ו;א;ל;ו;נ;ת;נ;ת;ו;ב;א;ה;י;ש;א;ר;מ;ו;(37, 7, 70, 1, 10681)
(37, 7, 70, 40, 10720);י;ת;ש;ם;י;נ;ו;מ;כ;ר;ד;ב;ה;ז;ה;כ;א;ל;מ;ה;(37, 7, 70, 21, 10701)
(37, 7, 70, 60, 10740);א;מ;ו;ם;י;פ;ל;א;ם;י;נ;מ;ף;ס;כ;ו;ת;ו;ב;ר;(37, 7, 70, 41, 10721)
(37, 7, 71, 17, 10760);ז;ם;ע;ה;ת;י;ר;א;ש;ו;נ;ת;נ;ר;ש;א;ו;ם;י;ת;(37, 7, 70, 61, 10741)
(37, 7, 71, 37, 10780);ף;ס;כ;ו;א;ו;ב;ר;י;ת;ש;ם;י;נ;מ;כ;ר;ד;ב;ה;(37, 7, 71, 18, 10761)
(37, 7, 71, 57, 10800);ש;ם;י;נ;ה;כ;ת;נ;ת;כ;ו;ם;י;פ;ל;א;ם;י;נ;מ;(37, 7, 71, 38, 10781)
(37, 7, 72, 12, 10820);ו;ם;י;נ;ה;כ;ה;ו;ב;ש;י;ו;ה;ע;ב;ש;ו;ם;י;ש;(37, 7, 71, 58, 10801)
(37, 7, 72, 32, 10840);י;ר;ר;ש;מ;ה;ו;ם;י;ר;ע;ו;ש;ה;ו;ם;י;ו;ל;ה;(37, 7, 72, 13, 10821)
(37, 7, 72, 52, 10860);ש;י;ל;כ;ו;ם;י;נ;י;ת;נ;ה;ו;ם;ע;ה;ן;מ;ו;ם;(37, 7, 72, 33, 10841)
(37, 7, 72, 72, 10880);ב;ש;ה;ש;ד;ח;ה;ע;ג;י;ו;ם;ה;י;ר;ע;ב;ל;א;ר;(37, 7, 72, 53, 10861)
(37, 8, 1, 2, 10900);י;ו;ם;ה;י;ר;ע;ב;ל;א;ר;ש;י;י;נ;ב;ו;י;ע;י;(37, 7, 72, 73, 10881)
(37, 8, 1, 22, 10920);ר;ה;ל;א;ד;ח;א;ש;י;א;כ;ם;ע;ה;ל;כ;ו;פ;ס;א;(37, 8, 1, 3, 10901)
(37, 8, 1, 42, 10940);א;י;ו;ם;י;מ;ה;ר;ע;ש;י;נ;פ;ל;ר;ש;א;ב;ו;ח;(37, 8, 1, 23, 10921)
(37, 8, 1, 62, 10960);ס;ת;א;א;י;ב;ה;ל;ר;פ;ס;ה;א;ר;ז;ע;ל;ו;ר;מ;(37, 8, 1, 43, 10941)
(37, 8, 1, 82, 10980);א;ה;ו;ה;י;ה;ו;צ;ר;ש;א;ה;ש;מ;ת;ר;ו;ת;ר;פ;(37, 8, 1, 63, 10961)
(37, 8, 2, 14, 11000);א;ן;ה;כ;ה;א;ר;ז;ע;א;י;ב;י;ו;ל;א;ר;ש;י;ת;(37, 8, 1, 83, 10981)
(37, 8, 2, 34, 11020);ע;ו;ש;י;א;מ;ל;ה;ק;ה;י;נ;פ;ל;ה;ר;ו;ת;ה;ת;(37, 8, 2, 15, 11001)
(37, 8, 2, 54, 11040);א;ם;ו;י;ב;ע;מ;ש;ל;ן;י;ב;מ;ל;כ;ו;ה;ש;א;ד;(37, 8, 2, 35, 11021)
(37, 8, 3, 8, 11060);ל;ו;ב;א;ר;ק;י;ו;י;ע;י;ב;ש;ה;ש;ד;ח;ל;ד;ח;(37, 8, 2, 55, 11041)
(37, 8, 3, 28, 11080);מ;ה;ר;ע;ש;י;נ;פ;ל;ר;ש;א;ב;ו;ח;ר;ה;י;נ;פ;(37, 8, 3, 9, 11061)
(37, 8, 3, 48, 11100);נ;ם;ו;י;ה;ת;י;צ;ח;מ;ד;ע;ר;ו;א;ה;ן;מ;ם;י;(37, 8, 3, 29, 11081)
(37, 8, 3, 68, 11120);נ;י;ב;מ;ה;ו;ם;י;ש;נ;ה;ו;ם;י;ש;נ;א;ה;ד;ג;(37, 8, 3, 49, 11101)
(37, 8, 3, 88, 11140);ו;ת;ה;ר;פ;ס;ל;א;ם;ע;ה;ל;כ;י;נ;ז;א;ו;ם;י;(37, 8, 3, 69, 11121)
(37, 8, 4, 18, 11160);ד;ג;מ;ל;ע;ר;פ;ס;ה;א;ר;ז;ע;ד;מ;ע;י;ו;ה;ר;(37, 8, 3, 89, 11141)
(37, 8, 4, 38, 11180);צ;א;ד;מ;ע;י;ו;ר;ב;ד;ל;ו;ש;ע;ר;ש;א;ץ;ע;ל;(37, 8, 4, 19, 11161)
(37, 8, 4, 58, 11200);ר;ו;א;ו;ה;י;נ;ע;ו;ע;מ;ש;ו;ה;י;ת;ת;מ;ו;ל;(37, 8, 4, 39, 11181)
(37, 8, 4, 78, 11220);נ;י;מ;י;ל;ע;ה;י;ש;ע;מ;ו;ה;י;ק;ל;ח;ו;ה;י;(37, 8, 4, 59, 11201)
(37, 8, 4, 98, 11240);מ;ו;ל;א;ש;י;מ;ו;ה;י;ד;פ;ו;ל;א;מ;ש;מ;ו;ו;(37, 8, 4, 79, 11221)
(37, 8, 4, 118, 11260);ה;י;ר;כ;ז;ה;נ;ד;ב;ש;ח;ו;ם;ש;ח;ו;ה;י;כ;ל;(37, 8, 4, 99, 11241)
(37, 8, 5, 16, 11280);י;ע;ל;ר;פ;ס;ה;א;ר;ז;ע;ח;ת;פ;י;ו;ם;ל;ש;מ;(37, 8, 4, 119, 11261)
(37, 8, 5, 36, 11300);ה;י;ה;ם;ע;ה;ל;כ;ל;ע;מ;י;כ;ם;ע;ה;ל;כ;י;נ;(37, 8, 5, 17, 11281)
(37, 8, 6, 5, 11320);ך;ר;ב;י;ו;ם;ע;ה;ל;כ;ו;ד;מ;ע;ו;ח;ת;פ;כ;ו;(37, 8, 5, 37, 11301)
(37, 8, 6, 25, 11340);ו;ד;ג;ה;ם;י;ה;ל;א;ה;ה;ו;ה;י;ת;א;א;ר;ז;ע;(37, 8, 6, 6, 11321)
(37, 8, 6, 45, 11360);ע;מ;ב;ן;מ;א;ן;מ;א;ם;ע;ה;ל;כ;ו;נ;ע;י;ו;ל;(37, 8, 6, 26, 11341)
(37, 8, 6, 65, 11380);י;ל;ו;ו;ח;ת;ש;י;ו;ו;ד;ק;י;ו;ם;ה;י;ד;י;ל;(37, 8, 6, 46, 11361)
(37, 8, 7, 9, 11400);י;נ;ב;ו;ע;ו;ש;י;ו;ה;צ;ר;א;ם;י;פ;א;ה;ו;ה;(37, 8, 6, 66, 11381)
(37, 8, 7, 29, 11420);ו;ה;י;ת;ב;ש;ב;ו;ק;ע;ן;י;מ;י;ה;י;ב;ר;ש;ו;(37, 8, 7, 10, 11401)
(37, 8, 7, 49, 11440);ו;י;ה;י;ר;ז;ע;א;ט;י;ל;ק;ה;י;ש;ע;מ;ה;י;ד;(37, 8, 7, 30, 11421)
(37, 8, 7, 69, 11460);י;ב;מ;ם;י;ו;ל;ה;ו;ה;י;א;ל;פ;ן;נ;ח;ד;ב;ז;(37, 8, 7, 50, 11441)
(37, 8, 7, 89, 11480);ע;ל;ע;ם;ע;ה;ו;ה;ר;ו;ת;ל;ם;ע;ה;ת;א;ם;י;נ;(37, 8, 7, 70, 11461)
(37, 8, 8, 17, 11500);א;ה;ת;ר;ו;ת;ב;ר;פ;ס;ב;ו;א;ר;ק;י;ו;ם;ד;מ;(37, 8, 7, 90, 11481)
(37, 8, 8, 37, 11520);נ;י;ב;י;ו;ל;כ;ש;ם;ו;ש;ו;ש;ר;פ;מ;ם;י;ה;ל;(37, 8, 8, 18, 11501)
(37, 8, 9, 14, 11540);ה;א;ו;ה;ה;י;מ;ח;נ;ר;מ;א;י;ו;א;ר;ק;מ;ב;ו;(37, 8, 8, 38, 11521)
(37, 8, 9, 34, 11560);ה;ו;ר;פ;ס;ה;ן;ה;כ;ה;א;ר;ז;ע;ו;א;ת;ש;ר;ת;(37, 8, 9, 15, 11541)
(37, 8, 9, 54, 11580);ה;ל;כ;ל;ם;ע;ה;ת;א;ם;י;נ;י;ב;מ;ה;ם;י;ו;ל;(37, 8, 9, 35, 11561)
(37, 8, 9, 74, 11600);ה;ל;א;ה;ו;ה;י;ל;א;ו;ה;ש;ד;ק;ם;ו;י;ה;ם;ע;(37, 8, 9, 55, 11581)
(37, 8, 9, 94, 11620);י;כ;ו;כ;ב;ת;ל;א;ו;ו;ל;ב;א;ת;ת;ל;א;ם;כ;י;(37, 8, 9, 75, 11601)
(37, 8, 9, 114, 11640);ר;ב;ד;ת;א;ם;ע;מ;ש;כ;ם;ע;ה;ל;כ;ם;י;כ;ו;ב;(37, 8, 9, 95, 11621)
(37, 8, 10, 14, 11660);ל;כ;א;ו;כ;ל;ם;ה;ל;ר;מ;א;י;ו;ה;ר;ו;ת;ה;י;(37, 8, 9, 115, 11641)
(37, 8, 10, 34, 11680);ל;ש;ו;ם;י;ק;ת;מ;מ;ו;ת;ש;ו;ם;י;נ;מ;ש;מ;ו;(37, 8, 10, 15, 11661)
(37, 8, 10, 54, 11700);ד;ק;י;כ;ו;ל;ן;ו;כ;נ;ן;י;א;ל;ת;ו;נ;מ;ו;ח;(37, 8, 10, 35, 11681)
(37, 8, 10, 74, 11720);ב;צ;ע;ת;ל;א;ו;ו;נ;י;נ;ד;א;ל;ם;ו;י;ה;ש;ו;(37, 8, 10, 55, 11701)
(37, 8, 11, 1, 11740);ו;ם;כ;ז;ע;מ;א;י;ה;ה;ו;ה;י;ת;ו;ד;ח;י;כ;ו;(37, 8, 10, 75, 11721)
(37, 8, 11, 21, 11760);ר;מ;א;ל;ם;ע;ה;ל;כ;ל;ם;י;ש;ח;מ;ם;י;ו;ל;ה;(37, 8, 11, 2, 11741)
(37, 8, 11, 41, 11780);ו;ב;צ;ע;ת;ל;א;ו;ש;ד;ק;ם;ו;י;ה;י;כ;ו;ס;ה;(37, 8, 11, 22, 11761)
(37, 8, 12, 20, 11800);ת;ו;ת;ש;ל;ו;ל;כ;א;ל;ם;ע;ה;ל;כ;ו;כ;ל;י;ו;(37, 8, 12, 1, 11781)
(37, 8, 12, 40, 11820);ג;ה;ח;מ;ש;ת;ו;ש;ע;ל;ו;ת;ו;נ;מ;ח;ל;ש;ל;ו;(37, 8, 12, 21, 11801)
(37, 8, 12, 60, 11840);ר;ש;א;ם;י;ר;ב;ד;ב;ו;נ;י;ב;ה;י;כ;ה;ל;ו;ד;(37, 8, 12, 41, 11821)
(37, 8, 13, 11, 11860);א;נ;י;נ;ש;ה;ם;ו;י;ב;ו;ם;ה;ל;ו;ע;י;ד;ו;ה;(37, 8, 12, 61, 11841)
(37, 8, 13, 31, 11880);כ;ה;ם;ע;ה;ל;כ;ל;ת;ו;ב;א;ה;י;ש;א;ר;ו;פ;ס;(37, 8, 13, 12, 11861)
(37, 8, 13, 51, 11900);ר;פ;ס;ה;א;ר;ז;ע;ל;א;ם;י;ו;ל;ה;ו;ם;י;נ;ה;(37, 8, 13, 32, 11881)
(37, 8, 14, 2, 11920);י;ו;ה;ר;ו;ת;ה;י;ר;ב;ד;ל;א;ל;י;כ;ש;ה;ל;ו;(37, 8, 13, 52, 11901)
(37, 8, 14, 22, 11940);י;ה;ו;צ;ר;ש;א;ה;ר;ו;ת;ב;ב;ו;ת;כ;ו;א;צ;מ;(37, 8, 14, 3, 11921)
(37, 8, 14, 42, 11960);י;י;נ;ב;ו;ב;ש;י;ר;ש;א;ה;ש;מ;ד;י;ב;ה;ו;ה;(37, 8, 14, 23, 11941)
(37, 8, 14, 62, 11980);י;ב;ש;ה;ש;ד;ח;ב;ג;ח;ב;ת;ו;כ;ס;ב;ל;א;ר;ש;(37, 8, 14, 43, 11961)
(37, 8, 15, 18, 12000);ק;ו;ר;י;ב;ע;י;ו;ו;ע;י;מ;ש;י;ר;ש;א;ו;י;ע;(37, 8, 14, 63, 11981)
(37, 8, 15, 38, 12020);א;ל;ם;ל;ש;ו;ר;י;ב;ו;ם;ה;י;ר;ע;ל;כ;ב;ל;ו;(37, 8, 15, 19, 12001)
(37, 8, 15, 58, 12040);ת;י;ז;י;ל;ע;ו;א;י;ב;ה;ו;ר;ה;ה;ו;א;צ;ר;מ;(37, 8, 15, 39, 12021)
(37, 8, 15, 78, 12060);י;ל;ע;ו;ס;ד;ה;י;ל;ע;ו;ן;מ;ש;ץ;ע;י;ל;ע;ו;(37, 8, 15, 59, 12041)
(37, 8, 15, 98, 12080);כ;ס;ת;ש;ע;ל;ת;ב;ע;ץ;ע;י;ל;ע;ו;ם;י;ר;מ;ת;(37, 8, 15, 79, 12061)
(37, 8, 16, 14, 12100);ו;א;י;ב;י;ו;ם;ע;ה;ו;א;צ;י;ו;ב;ו;ת;כ;כ;ת;(37, 8, 15, 99, 12081)
(37, 8, 16, 34, 12120);ו;ג;ג;ל;ע;ש;י;א;ת;ו;כ;ס;ם;ה;ל;ו;ש;ע;י;ו;(37, 8, 16, 15, 12101)
(37, 8, 16, 54, 12140);ה;ת;י;ב;ת;ו;ר;צ;ח;ב;ו;ם;ה;י;ת;ר;צ;ח;ב;ו;(37, 8, 16, 35, 12121)
(37, 8, 16, 74, 12160);ב;ו;ם;י;מ;ה;ר;ע;ש;ב;ו;ח;ר;ב;ו;ם;י;ה;ל;א;(37, 8, 16, 55, 12141)
(37, 8, 17, 8, 12180);ה;ל;כ;ו;ש;ע;י;ו;ם;י;ר;פ;א;ר;ע;ש;ב;ו;ח;ר;(37, 8, 16, 75, 12161)
(37, 8, 17, 28, 12200);י;ו;ת;ו;כ;ס;י;ב;ש;ה;ן;מ;ם;י;ב;ש;ה;ל;ה;ק;(37, 8, 17, 9, 12181)
(37, 8, 17, 48, 12220);י;י;מ;י;מ;ו;ש;ע;א;ל;י;כ;ת;ו;כ;ס;ב;ו;ב;ש;(37, 8, 17, 29, 12201)
(37, 8, 17, 68, 12240);ד;ע;ל;א;ר;ש;י;י;נ;ב;ן;כ;ן;ו;נ;ן;ב;ע;ו;ש;(37, 8, 17, 49, 12221)
(37, 8, 17, 88, 12260);ל;ו;ד;ג;ה;ח;מ;ש;י;ה;ת;ו;א;ו;ה;ה;ם;ו;י;ה;(37, 8, 17, 69, 12241)
(37, 8, 18, 16, 12280);ל;א;ה;ת;ר;ו;ת;ר;פ;ס;ב;א;ר;ק;י;ו;ד;א;מ;ה;(37, 8, 17, 89, 12261)
(37, 8, 18, 36, 12300);ש;א;ר;ה;ם;ו;י;ה;ן;מ;ם;ו;י;ב;ם;ו;י;ם;י;ה;(37, 8, 18, 17, 12281)
(37, 8, 18, 56, 12320);ח;ו;ש;ע;י;ו;ן;ו;ר;ח;א;ה;ם;ו;י;ה;ד;ע;ן;ו;(37, 8, 18, 37, 12301)
(37, 8, 18, 76, 12340);י;נ;י;מ;ש;ה;ם;ו;י;ב;ו;ם;י;מ;י;ת;ע;ב;ש;ג;(37, 8, 18, 57, 12321)
(37, 9, 1, 11, 12360);ו;ם;י;ר;ש;ע;ם;ו;י;ב;ו;ט;פ;ש;מ;כ;ת;ר;צ;ע;(37, 8, 18, 77, 12341)
(37, 9, 1, 31, 12380);י;נ;ב;ו;פ;ס;א;נ;ה;ז;ה;ש;ד;ח;ל;ה;ע;ב;ר;א;(37, 9, 1, 12, 12361)
(37, 9, 1, 51, 12400);ה;מ;ד;א;ו;ם;י;ק;ש;ב;ו;ם;ו;צ;ב;ל;א;ר;ש;י;(37, 9, 1, 32, 12381)
(37, 9, 2, 15, 12420);מ;ל;א;ר;ש;י;ע;ר;ז;ו;ל;ד;ב;י;ו;ם;ה;י;ל;ע;(37, 9, 1, 52, 12401)
(37, 9, 2, 35, 12440);ו;ד;ו;ת;י;ו;ו;ד;מ;ע;י;ו;ר;כ;נ;י;נ;ב;ל;כ;(37, 9, 2, 16, 12421)
(37, 9, 2, 55, 12460);ה;י;ת;ב;א;ת;ו;נ;ו;ע;ו;ם;ה;י;ת;א;ט;ח;ל;ע;(37, 9, 2, 36, 12441)
(37, 9, 3, 19, 12480);ב;ו;א;ר;ק;י;ו;ם;ד;מ;ע;ל;ע;ו;מ;ו;ק;י;ו;ם;(37, 9, 2, 56, 12461)
(37, 9, 3, 39, 12500);ע;ב;ר;ם;ה;י;ה;ל;א;ה;ו;ה;י;ת;ר;ו;ת;ר;פ;ס;(37, 9, 3, 20, 12481)
(37, 9, 3, 59, 12520);מ;ו;ם;י;ד;ו;ת;מ;ת;י;ע;ב;ר;ו;ם;ו;י;ה;ת;י;(37, 9, 3, 40, 12501)
(37, 9, 4, 3, 12540);ק;י;ו;ם;ה;י;ה;ל;א;ה;ו;ה;י;ל;ם;י;ו;ח;ת;ש;(37, 9, 3, 60, 12521)
(37, 9, 4, 23, 12560);י;נ;ב;ו;ע;ו;ש;י;ם;י;ו;ל;ה;ה;ל;ע;מ;ל;ע;ם;(37, 9, 4, 4, 12541)
(37, 9, 4, 43, 12580);ב;ה;י;ב;ר;ש;י;נ;ב;ה;י;נ;ב;ש;ל;א;י;מ;ד;ק;(37, 9, 4, 24, 12561)
(37, 9, 4, 63, 12600);ל;ו;ד;ג;ל;ו;ק;ב;ו;ק;ע;ז;י;ו;י;נ;נ;כ;י;נ;(37, 9, 4, 44, 12581)
(37, 9, 5, 8, 12620);ל;ה;ו;ר;מ;א;י;ו;ם;ה;י;ה;ל;א;ה;ו;ה;י;ל;א;(37, 9, 4, 64, 12601)
(37, 9, 5, 28, 12640);ב;ש;ח;י;נ;ב;ל;א;י;מ;ד;ק;ו;ע;ו;ש;י;ם;י;ו;(37, 9, 5, 9, 12621)
(37, 9, 5, 48, 12660);ת;פ;ה;י;נ;ב;ש;ה;י;ד;ו;ה;ה;י;ב;ר;ש;ה;י;נ;(37, 9, 5, 29, 12641)
(37, 9, 5, 68, 12680);ה;ל;א;ה;ו;ה;י;ת;א;ו;כ;ר;ב;ו;מ;ו;ק;ה;י;ח;(37, 9, 5, 49, 12661)
(37, 9, 5, 88, 12700);ב;י;ו;ם;ל;ו;ע;ה;ד;ע;ם;ל;ו;ע;ה;ן;מ;ם;כ;י;(37, 9, 5, 69, 12681)
(37, 9, 5, 108, 12720);ב;ל;כ;ל;ע;ם;מ;ו;ר;מ;ו;ך;ד;ב;כ;ם;ש;ו;כ;ר;(37, 9, 5, 89, 12701)
(37, 9, 6, 12, 12740);ב;ל;ה;ו;ה;י;א;ו;ה;ה;ת;א;ה;ל;ה;ת;ו;ה;כ;ר;(37, 9, 5, 109, 12721)
(37, 9, 6, 32, 12760);ש;ה;י;מ;ש;ם;י;מ;ש;ה;ת;א;ת;י;ש;ע;ת;א;ך;ד;(37, 9, 6, 13, 12741)
(37, 9, 6, 52, 12780);ר;ש;א;ל;כ;ו;ץ;ר;א;ה;ם;א;ב;צ;ל;כ;ו;ם;י;מ;(37, 9, 6, 33, 12761)
(37, 9, 6, 72, 12800);א;ו;ם;ה;ב;ר;ש;א;ל;כ;ו;ם;י;מ;י;ה;ה;י;ל;ע;(37, 9, 6, 53, 12781)
(37, 9, 6, 92, 12820);ם;י;מ;ש;ה;א;ב;צ;ו;ם;ל;כ;ת;א;ה;י;ח;מ;ה;ת;(37, 9, 6, 73, 12801)
(37, 9, 7, 11, 12840);ה;ה;ו;ה;י;א;ו;ה;ה;ת;א;ם;י;ו;ח;ת;ש;מ;ך;ל;(37, 9, 6, 93, 12821)
(37, 9, 7, 31, 12860);ו;ה;ו;ם;ר;ב;א;ב;ת;ר;ח;ב;ר;ש;א;ם;י;ה;ל;א;(37, 9, 7, 12, 12841)
(37, 9, 7, 51, 12880);ו;מ;ש;ת;מ;ש;ו;ם;י;ד;ש;כ;ר;ו;א;מ;ו;ת;א;צ;(37, 9, 7, 32, 12861)
(37, 9, 8, 15, 12900);ן;מ;א;נ;ו;ב;ב;ל;ת;א;ת;א;צ;מ;ו;ם;ה;ר;ב;א;(37, 9, 7, 52, 12881)
(37, 9, 8, 35, 12920);ת;ל;ת;י;ר;ב;ה;ו;מ;ע;ת;ו;ר;כ;ו;ך;י;נ;פ;ל;(37, 9, 8, 16, 12901)
(37, 9, 8, 55, 12940);ר;מ;א;ה;י;ת;ח;ה;י;נ;ע;נ;כ;ה;ץ;ר;א;ת;א;ת;(37, 9, 8, 36, 12921)
(37, 9, 8, 75, 12960);ש;ג;ר;ג;ה;ו;י;ס;ו;ב;י;ה;ו;י;ז;ר;פ;ה;ו;י;(37, 9, 8, 56, 12941)
(37, 9, 8, 95, 12980);ך;י;ר;ב;ד;ת;א;ם;ק;ת;ו;ו;ע;ר;ז;ל;ת;ת;ל;י;(37, 9, 8, 76, 12961)
(37, 9, 9, 11, 13000);ב;א;י;נ;ע;ת;א;א;ר;ת;ו;ה;ת;א;ק;י;ד;צ;י;כ;(37, 9, 8, 96, 12981)
(37, 9, 9, 31, 13020);מ;ש;ם;ת;ק;ע;ז;ת;א;ו;ם;י;ר;צ;מ;ב;ו;נ;י;ת;(37, 9, 9, 12, 13001)
(37, 9, 10, 11, 13040);ת;פ;מ;ו;ת;ת;א;ן;ת;ת;ו;ף;ו;ס;ם;י;ל;ע;ת;ע;(37, 9, 9, 32, 13021)
(37, 9, 10, 31, 13060);ל;כ;ב;ו;ו;י;ד;ב;ע;ל;כ;ב;ו;ה;ע;ר;פ;ב;ם;י;(37, 9, 10, 12, 13041)
(37, 9, 10, 51, 13080);ע;ו;ד;י;ז;ה;י;כ;ת;ע;ד;י;י;כ;ו;צ;ר;א;ם;ע;(37, 9, 10, 32, 13061)
(37, 9, 10, 71, 13100);ה;ז;ה;ם;ו;י;ה;כ;ם;ש;ך;ל;ש;ע;ת;ו;ם;ה;י;ל;(37, 9, 10, 52, 13081)
(37, 9, 11, 20, 13120);ו;ר;ב;ע;י;ו;ם;ה;י;נ;פ;ל;ת;ע;ק;ב;ם;י;ה;ו;(37, 9, 11, 1, 13101)
(37, 9, 11, 40, 13140);ה;י;פ;ד;ר;ת;א;ו;ה;ש;ב;י;ב;ם;י;ה;ך;ו;ת;ב;(37, 9, 11, 21, 13121)
(37, 9, 11, 60, 13160);מ;ב;ן;ב;א;ו;מ;כ;ת;ל;ו;צ;מ;ב;ת;כ;ל;ש;ה;ם;(37, 9, 11, 41, 13141)
(37, 9, 12, 14, 13180);ת;י;ח;נ;ה;ן;נ;ע;ד;ו;מ;ע;ב;ו;ם;י;ז;ע;ם;י;(37, 9, 11, 61, 13161)
(37, 9, 12, 34, 13200);א;ה;ל;ה;ל;י;ל;ש;א;ד;ו;מ;ע;ב;ו;ם;מ;ו;י;ם;(37, 9, 12, 15, 13181)
(37, 9, 12, 54, 13220);ה;ב;ו;כ;ל;י;ר;ש;א;ך;ר;ד;ה;ת;א;ם;ה;ל;ר;י;(37, 9, 12, 35, 13201)
(37, 9, 13, 20, 13240);ה;מ;ע;ר;ב;ד;ו;ת;ד;ר;י;י;נ;י;ס;ר;ה;ל;ע;ו;(37, 9, 13, 1, 13221)
(37, 9, 13, 40, 13260);י;ם;י;ט;פ;ש;מ;ם;ה;ל;ן;ת;ת;ו;ם;י;מ;ש;מ;ם;(37, 9, 13, 21, 13241)
(37, 9, 13, 60, 13280);צ;מ;ו;ם;י;ק;ח;ת;מ;א;ת;ו;ר;ו;ת;ו;ם;י;ר;ש;(37, 9, 13, 41, 13261)
(37, 9, 14, 13, 13300);ד;ו;ה;ך;ש;ד;ק;ת;ב;ש;ת;א;ו;ם;י;ב;ו;ט;ת;ו;(37, 9, 13, 61, 13281)
(37, 9, 14, 33, 13320);ר;ו;ת;ו;ם;י;ק;ח;ו;ת;ו;ו;צ;מ;ו;ם;ה;ל;ת;ע;(37, 9, 14, 14, 13301)
(37, 9, 15, 2, 13340);ל;ו;ך;ד;ב;ע;ה;ש;מ;ד;י;ב;ם;ה;ל;ת;י;ו;צ;ה;(37, 9, 14, 34, 13321)
(37, 9, 15, 22, 13360);ו;ם;ב;ע;ר;ל;ם;ה;ל;ה;ת;ת;נ;ם;י;מ;ש;מ;ם;ח;(37, 9, 15, 3, 13341)
(37, 9, 15, 42, 13380);ם;א;מ;צ;ל;ם;ה;ל;ת;א;צ;ו;ה;ע;ל;ס;מ;ם;י;מ;(37, 9, 15, 23, 13361)
(37, 9, 15, 62, 13400);א;ה;ת;א;ת;ש;ר;ל;א;ו;ב;ל;ם;ה;ל;ר;מ;א;ת;ו;(37, 9, 15, 43, 13381)
(37, 9, 15, 82, 13420);ם;ה;ל;ת;ת;ל;ך;ד;י;ת;א;ת;א;ש;נ;ר;ש;א;ץ;ר;(37, 9, 15, 63, 13401)
(37, 9, 16, 20, 13440);ו;ש;ק;י;ו;ו;ד;י;ז;ה;ו;נ;י;ת;ב;א;ו;ם;ה;ו;(37, 9, 16, 1, 13421)
(37, 9, 16, 40, 13460);י;ת;ו;צ;מ;ל;א;ו;ע;מ;ש;א;ל;ו;ם;פ;ר;ע;ת;א;(37, 9, 16, 21, 13441)
(37, 9, 17, 19, 13480);פ;נ;ו;ר;כ;ז;א;ל;ו;ע;מ;ש;ל;ו;נ;א;מ;י;ו;ך;(37, 9, 16, 41, 13461)
(37, 9, 17, 39, 13500);ש;ק;י;ו;ם;ה;מ;ע;ת;י;ש;ע;ר;ש;א;ך;י;ת;א;ל;(37, 9, 17, 20, 13481)
(37, 9, 17, 59, 13520);ל;ב;ו;ש;ל;ש;א;ר;ו;נ;ת;י;ו;ם;פ;ר;ע;ת;א;ו;(37, 9, 17, 40, 13501)
(37, 9, 17, 79, 13540);ל;ס;ה;ו;ל;א;ה;ת;א;ו;ם;י;ר;מ;ב;ם;ת;ד;ב;ע;(37, 9, 17, 60, 13521)
(37, 9, 17, 99, 13560);ם;י;פ;א;ך;ר;א;ם;ו;ח;ר;ו;ן;ו;נ;ח;ת;ו;ח;י;(37, 9, 17, 80, 13541)
(37, 9, 18, 5, 13580);ע;י;כ;ף;א;ם;ת;ב;ז;ע;א;ל;ו;ד;ס;ח;ו;ב;ר;ו;(37, 9, 17, 100, 13561)
(37, 9, 18, 25, 13600);ה;ז;ו;ר;מ;א;י;ו;ה;כ;ס;מ;ל;ג;ע;ם;ה;ל;ו;ש;(37, 9, 18, 6, 13581)
(37, 9, 18, 45, 13620);י;ו;ם;י;ר;צ;מ;מ;ך;ל;ע;ה;ר;ש;א;ך;י;ה;ל;א;(37, 9, 18, 26, 13601)
(37, 9, 19, 7, 13640);ח;ר;ב;ה;ת;א;ו;ת;ו;ל;ד;ג;ת;ו;צ;א;נ;ו;ש;ע;(37, 9, 18, 46, 13621)
(37, 9, 19, 27, 13660);ר;ב;ד;מ;ב;ם;ת;ב;ז;ע;א;ל;ם;י;ב;ר;ה;ך;י;מ;(37, 9, 19, 8, 13641)
(37, 9, 19, 47, 13680);ם;ה;י;ל;ע;מ;ר;ס;א;ל;ן;נ;ע;ה;ד;ו;מ;ע;ת;א;(37, 9, 19, 28, 13661)
(37, 9, 19, 67, 13700);ע;ת;א;ו;ך;ר;ד;ה;ב;ם;ת;ח;נ;ה;ל;ם;מ;ו;י;ב;(37, 9, 19, 48, 13681)
(37, 9, 19, 87, 13720);ו;ם;ה;ל;ר;י;א;ה;ל;ה;ל;י;ל;ב;ש;א;ה;ד;ו;מ;(37, 9, 19, 68, 13701)
(37, 9, 20, 5, 13740);ך;ח;ו;ר;ו;ה;ב;ו;כ;ל;י;ר;ש;א;ך;ר;ד;ה;ת;א;(37, 9, 19, 88, 13721)
(37, 9, 20, 25, 13760);ל;ך;נ;מ;ו;ם;ל;י;כ;ש;ה;ל;ת;ת;נ;ה;ב;ו;ט;ה;(37, 9, 20, 6, 13741)
(37, 9, 20, 45, 13780);ה;ל;ה;ת;ת;נ;ם;י;מ;ו;ם;ה;י;פ;מ;ת;ע;נ;מ;א;(37, 9, 20, 26, 13761)
(37, 9, 21, 14, 13800);ל;כ;ל;כ;ה;נ;ש;ם;י;ע;ב;ר;א;ו;ם;א;מ;צ;ל;ם;(37, 9, 20, 46, 13781)
(37, 9, 21, 34, 13820);ם;ה;י;ת;מ;ל;ש;ו;ר;ס;ח;א;ל;ר;ב;ד;מ;ב;ם;ת;(37, 9, 21, 15, 13801)
(37, 9, 22, 2, 13840);ת;ו;ו;ק;צ;ב;א;ל;ם;ה;י;ל;ג;ר;ו;ו;ל;ב;א;ל;(37, 9, 21, 35, 13821)
(37, 9, 22, 22, 13860);ח;ת;ו;ם;י;מ;מ;ע;ו;ת;ו;כ;ל;מ;מ;ם;ה;ל;ן;ת;(37, 9, 22, 3, 13841)
(37, 9, 22, 42, 13880);י;ס;ץ;ר;א;ת;א;ו;ש;ר;י;י;ו;ה;א;פ;ל;ם;ק;ל;(37, 9, 22, 23, 13861)
(37, 9, 22, 62, 13900);ת;א;ו;ן;ו;ב;ש;ח;ך;ל;מ;ץ;ר;א;ת;א;ו;ן;ו;ח;(37, 9, 22, 43, 13881)
(37, 9, 23, 7, 13920);ה;ם;ה;י;נ;ב;ו;ן;ש;ב;ה;ך;ל;מ;ג;ו;ע;ץ;ר;א;(37, 9, 22, 63, 13901)
(37, 9, 23, 27, 13940);ם;א;י;ב;ת;ו;ם;י;מ;ש;ה;י;ב;כ;כ;כ;ת;י;ב;ר;(37, 9, 23, 8, 13921)
(37, 9, 23, 47, 13960);ם;ה;י;ת;ב;א;ל;ת;ר;מ;א;ר;ש;א;ץ;ר;א;ה;ל;א;(37, 9, 23, 28, 13941)
(37, 9, 24, 12, 13980);י;ו;ם;י;נ;ב;ה;ו;א;ב;י;ו;ת;ש;ר;ל;א;ו;ב;ל;(37, 9, 23, 48, 13961)
(37, 9, 24, 32, 14000);ה;י;נ;פ;ל;ע;נ;כ;ת;ו;ץ;ר;א;ה;ת;א;ו;ש;ר;י;(37, 9, 24, 13, 13981)
(37, 9, 24, 52, 14020);ת;ו;ם;י;נ;ע;נ;כ;ה;ץ;ר;א;ה;י;ב;ש;י;ת;א;ם;(37, 9, 24, 33, 14001)
(37, 9, 24, 72, 14040);ע;ת;א;ו;ם;ה;י;כ;ל;מ;ת;א;ו;ם;ד;י;ב;ם;נ;ת;(37, 9, 24, 53, 14021)
(37, 9, 24, 92, 14060);נ;ו;צ;ר;כ;ם;ה;ב;ת;ו;ש;ע;ל;ץ;ר;א;ה;י;מ;מ;(37, 9, 24, 73, 14041)
(37, 9, 25, 19, 14080);מ;ד;א;ו;ת;ר;ו;צ;ב;ם;י;ר;ע;ו;ד;כ;ל;י;ו;ם;(37, 9, 24, 93, 14061)
(37, 9, 25, 39, 14100);ם;י;א;ל;מ;ם;י;ת;ב;ו;ש;ר;י;י;ו;ה;נ;מ;ש;ה;(37, 9, 25, 20, 14081)
(37, 9, 25, 59, 14120);ם;י;מ;ר;כ;ם;י;ב;ו;צ;ח;ת;ו;ר;ב;ב;ו;ט;ל;כ;(37, 9, 25, 40, 14101)
(37, 9, 25, 79, 14140);כ;א;י;ו;ב;ר;ל;ל;כ;א;מ;ץ;ע;ו;ם;י;ת;י;ז;ו;(37, 9, 25, 60, 14121)
(37, 9, 25, 99, 14160);ד;ע;ת;י;ו;ו;נ;י;מ;ש;י;ו;ו;ע;ב;ש;י;ו;ו;ל;(37, 9, 25, 80, 14141)
(37, 9, 26, 8, 14180);מ;י;ו;ו;ר;מ;י;ו;ל;ו;ד;ג;ה;ך;ב;ו;ט;ב;ו;נ;(37, 9, 25, 100, 14161)
(37, 9, 26, 28, 14200);ח;א;ך;ת;ר;ו;ת;ת;א;ו;כ;ל;ש;י;ו;ך;ב;ו;ד;ר;(37, 9, 26, 9, 14181)
(37, 9, 26, 48, 14220);ש;א;ו;ג;ר;ה;ך;י;א;י;ב;נ;ת;א;ו;ם;ו;ג;י;ר;(37, 9, 26, 29, 14201)
(37, 9, 26, 68, 14240);י;ו;ך;י;ל;א;ם;ב;י;ש;ה;ל;ם;ב;ו;ד;י;ע;ה;ר;(37, 9, 26, 49, 14221)
(37, 9, 27, 7, 14260);י;ב;ם;נ;ת;ת;ו;ת;ל;ו;ד;ג;ת;ו;צ;א;נ;ו;ש;ע;(37, 9, 26, 69, 14241)
(37, 9, 27, 27, 14280);ר;צ;ת;ע;ב;ו;ם;ה;ל;ו;ר;צ;י;ו;ם;ה;י;ר;צ;ד;(37, 9, 27, 8, 14261)
(37, 9, 27, 47, 14300);ם;י;מ;ש;מ;ה;ת;א;ו;ך;י;ל;א;ו;ק;ע;צ;י;ם;ת;(37, 9, 27, 28, 14281)
(37, 9, 27, 67, 14320);ל;ן;ת;ת;ם;י;ב;ר;ה;ך;י;מ;ח;ר;כ;ו;ע;מ;ש;ת;(37, 9, 27, 48, 14301)
(37, 9, 27, 87, 14340);ד;י;מ;ם;ו;ע;י;ש;ו;י;ו;ם;י;ע;י;ש;ו;מ;ם;ה;(37, 9, 27, 68, 14321)
(37, 9, 28, 15, 14360);ע;ל;ו;ב;ו;ש;י;ם;ה;ל;ח;ו;נ;כ;ו;ם;ה;י;ר;צ;(37, 9, 27, 88, 14341)
(37, 9, 28, 35, 14380);א;ד;י;ב;ם;ב;ז;ע;ת;ו;ך;י;נ;פ;ל;ע;ר;ת;ו;ש;(37, 9, 28, 16, 14361)
(37, 9, 28, 55, 14400);ו;ו;ב;ו;ש;י;ו;ם;ה;ב;ו;ד;ר;י;ו;ם;ה;י;ב;י;(37, 9, 28, 36, 14381)
(37, 9, 28, 75, 14420);ו;ע;מ;ש;ת;ם;י;מ;ש;מ;ה;ת;א;ו;ך;ו;ק;ע;ז;י;(37, 9, 28, 56, 14401)
(37, 9, 29, 1, 14440);ו;ם;י;ת;ע;ת;ו;ב;ר;ך;י;מ;ח;ר;כ;ם;ל;י;צ;ת;(37, 9, 28, 76, 14421)
(37, 9, 29, 21, 14460);ו;ך;ת;ר;ו;ת;ל;א;ם;ב;י;ש;ה;ל;ם;ה;ב;ד;ע;ת;(37, 9, 29, 2, 14441)
(37, 9, 29, 41, 14480);ת;ו;צ;מ;ל;ו;ע;מ;ש;א;ל;ו;ו;ד;י;ז;ה;ה;מ;ה;(37, 9, 29, 22, 14461)
(37, 9, 29, 61, 14500);י;ר;ש;א;ם;ב;ו;א;ט;ח;ך;י;ט;פ;ש;מ;ב;ו;ך;י;(37, 9, 29, 42, 14481)
(37, 9, 29, 81, 14520);ת;כ;ו;נ;ת;י;ו;ם;ה;ב;ה;י;ח;ו;ם;ד;א;ה;ש;ע;(37, 9, 29, 62, 14501)
(37, 9, 29, 101, 14540);מ;ש;א;ל;ו;ו;ש;ק;ה;ם;פ;ר;ע;ו;ת;ר;ר;ו;ס;ף;(37, 9, 29, 82, 14521)
(37, 9, 30, 18, 14560);ת;ו;ב;ר;ם;י;נ;ש;ם;ה;י;ל;ע;ך;ש;מ;ת;ו;ו;ע;(37, 9, 29, 102, 14541)
(37, 9, 30, 38, 14580);ך;י;א;י;ב;נ;ד;י;ב;ך;ח;ו;ר;ב;ם;ב;ד;ע;ת;ו;(37, 9, 30, 19, 14561)
(37, 9, 30, 58, 14600);י;מ;ע;ד;י;ב;ם;נ;ת;ת;ו;ו;נ;י;ז;א;ה;א;ל;ו;(37, 9, 30, 39, 14581)
(37, 9, 31, 15, 14620);ע;א;ל;ם;י;ב;ר;ה;ך;י;מ;ח;ר;ב;ו;ת;צ;ר;א;ה;(37, 9, 30, 59, 14601)
(37, 9, 31, 35, 14640);ח;ל;א;י;כ;ם;ת;ב;ז;ע;א;ל;ו;ה;ל;כ;ם;ת;י;ש;(37, 9, 31, 16, 14621)
(37, 9, 32, 9, 14660);נ;י;ה;ל;א;ה;ת;ע;ו;ה;ת;א;ם;ו;ח;ר;ו;ן;ו;נ;(37, 9, 31, 36, 14641)
(37, 9, 32, 29, 14680);א;ר;ו;נ;ה;ו;ר;ו;ב;ג;ה;ל;ו;ד;ג;ה;ל;א;ה;ו;(37, 9, 32, 10, 14661)
(37, 9, 32, 49, 14700);ט;ע;מ;י;ל;א;ד;ס;ח;ה;ו;ת;י;ר;ב;ה;ר;מ;ו;ש;(37, 9, 32, 30, 14681)
(37, 9, 32, 69, 14720);א;צ;מ;ר;ש;א;ה;א;ל;ת;ה;ל;כ;ת;א;ך;י;נ;פ;ל;(37, 9, 32, 50, 14701)
(37, 9, 32, 89, 14740);ה;כ;ל;ו;ו;נ;י;ר;ש;ל;ו;נ;י;כ;ל;מ;ל;ו;נ;ת;(37, 9, 32, 70, 14721)
(37, 9, 32, 109, 14760);נ;י;ת;ב;א;ל;ו;ו;נ;י;א;י;ב;נ;ל;ו;ו;נ;י;נ;(37, 9, 32, 90, 14741)
(37, 9, 32, 129, 14780);ר;ו;ש;א;י;כ;ל;מ;י;מ;י;מ;ך;מ;ע;ל;כ;ל;ו;ו;(37, 9, 32, 110, 14761)
(37, 9, 33, 11, 14800);כ;ל;ע;ק;י;ד;צ;ה;ת;א;ו;ה;ז;ה;ם;ו;י;ה;ד;ע;(37, 9, 32, 130, 14781)
(37, 9, 33, 31, 14820);א;ו;ת;י;ש;ע;ת;מ;א;י;כ;ו;נ;י;ל;ע;א;ב;ה;ל;(37, 9, 33, 12, 14801)
(37, 9, 34, 10, 14840);ש;ו;נ;י;כ;ל;מ;ת;א;ו;ו;נ;ע;ש;ר;ה;ו;נ;ח;נ;(37, 9, 33, 32, 14821)
(37, 9, 34, 30, 14860);ע;א;ל;ו;נ;י;ת;ב;א;ו;ו;נ;י;נ;ה;כ;ו;נ;י;ר;(37, 9, 34, 11, 14841)
(37, 9, 34, 50, 14880);צ;מ;ל;א;ו;ב;י;ש;ק;ה;א;ל;ו;ך;ת;ר;ו;ת;ו;ש;(37, 9, 34, 31, 14861)
(37, 9, 34, 70, 14900);ת;ד;י;ע;ה;ר;ש;א;ך;י;ת;ו;ד;ע;ל;ו;ך;י;ת;ו;(37, 9, 34, 51, 14881)
(37, 9, 35, 17, 14920);ה;ך;ב;ו;ט;ב;ו;ם;ת;ו;כ;ל;מ;ב;ם;ה;ו;ם;ה;ב;(37, 9, 34, 71, 14901)
(37, 9, 35, 37, 14940);ב;ח;ר;ה;ץ;ר;א;ב;ו;ם;ה;ל;ת;ת;נ;ר;ש;א;ב;ר;(37, 9, 35, 18, 14921)
(37, 9, 35, 57, 14960);ל;ם;ה;י;נ;פ;ל;ת;ת;נ;ר;ש;א;ה;נ;מ;ש;ה;ו;ה;(37, 9, 35, 38, 14941)
(37, 9, 35, 77, 14980);ם;ה;י;ל;ל;ע;מ;מ;ו;ב;ש;א;ל;ו;ך;ו;ד;ב;ע;א;(37, 9, 35, 58, 14961)
(37, 9, 36, 15, 15000);ד;ב;ע;ם;ו;י;ה;ו;נ;ח;נ;א;ה;נ;ה;ם;י;ע;ר;ה;(37, 9, 35, 78, 14981)
(37, 9, 36, 35, 15020);נ;י;ת;ב;א;ל;ה;ת;ת;נ;ר;ש;א;ץ;ר;א;ה;ו;ם;י;(37, 9, 36, 16, 15001)
(37, 9, 36, 55, 15040);נ;ה;ה;ב;ו;ט;ת;א;ו;ה;י;ר;פ;ת;א;ל;כ;א;ל;ו;(37, 9, 36, 36, 15021)
(37, 9, 37, 5, 15060);א;ו;ב;ת;ו;ה;י;ל;ע;ם;י;ד;ב;ע;ו;נ;ח;נ;א;ה;(37, 9, 36, 56, 15041)
(37, 9, 37, 25, 15080);ע;ה;ת;ת;נ;ר;ש;א;ם;י;כ;ל;מ;ל;ה;ב;ר;מ;ה;ת;(37, 9, 37, 6, 15061)
(37, 9, 37, 45, 15100);ת;י;ו;ג;ל;ע;ו;ו;נ;י;ת;ו;א;ט;ח;ב;ו;נ;י;ל;(37, 9, 37, 26, 15081)
(37, 9, 37, 65, 15120);ו;צ;ר;כ;ו;נ;ת;מ;ה;ב;ב;ו;ם;י;ל;ש;מ;ו;נ;י;(37, 9, 37, 46, 15101)
(37, 10, 1, 4, 15140);ל;כ;ב;ו;ו;נ;ח;נ;א;ה;ל;ד;ג;ה;ר;צ;ב;ו;ם;נ;(37, 9, 37, 66, 15121)
(37, 10, 1, 24, 15160);ת;כ;ו;ה;נ;מ;א;ם;י;ת;ר;כ;ו;נ;ח;נ;א;ת;א;ז;(37, 10, 1, 5, 15141)
(37, 10, 1, 44, 15180);נ;י;ו;ל;ו;נ;י;ר;ש;ם;ו;ת;ח;ה;ל;ע;ו;ם;י;ב;(37, 10, 1, 25, 15161)
(37, 10, 2, 13, 15200);מ;ח;נ;ם;י;מ;ו;ת;ח;ה;ל;ע;ו;ו;נ;י;נ;ה;כ;ו;(37, 10, 1, 45, 15181)
(37, 10, 2, 33, 15220);י;ק;ד;צ;ו;ה;י;ל;כ;ח;ן;ב;א;ת;ש;ר;ת;ה;ה;י;(37, 10, 2, 14, 15201)
(37, 10, 4, 5, 15240);ר;ו;ח;ש;פ;ה;י;מ;ר;י;ה;י;ר;ז;ע;ה;י;ר;ש;ה;(37, 10, 2, 34, 15221)
(37, 10, 5, 10, 15260);מ;ה;י;נ;ב;ש;ש;ו;ט;ח;ה;י;כ;ל;מ;ה;י;ר;מ;א;(37, 10, 4, 6, 15241)
(37, 10, 7, 4, 15280);א;י;נ;ד;ה;י;ד;ב;ע;ת;ו;מ;ר;מ;ם;ר;ח;ך;ו;ל;(37, 10, 5, 11, 15261)
(37, 10, 8, 10, 15300);י;מ;ה;י;ב;א;ם;ל;ש;מ;ך;ו;ר;ב;ן;ו;ת;נ;ג;ל;(37, 10, 7, 5, 15281)
(37, 10, 9, 18, 15320);ה;ה;ל;א;ה;י;ע;מ;ש;י;ג;ל;ב;ה;י;ז;ע;מ;ן;מ;(37, 10, 8, 11, 15301)
(37, 10, 10, 15, 15340);ז;א;ן;ב;ע;ו;ש;י;ו;ם;י;ו;ל;ה;ו;ם;י;נ;ה;כ;(37, 10, 9, 19, 15321)
(37, 10, 10, 35, 15360);א;י;מ;ד;ק;ד;ד;נ;ח;י;נ;ב;מ;י;ו;נ;ב;ה;י;נ;(37, 10, 10, 16, 15341)
(37, 10, 11, 19, 15380);י;ל;ק;ה;י;ד;ו;ה;ה;י;נ;ב;ש;ם;ה;י;ח;א;ו;ל;(37, 10, 10, 36, 15361)
(37, 10, 12, 10, 15400);ש;ח;ב;ו;ח;ר;א;כ;י;מ;ן;נ;ח;ה;י;א;ל;פ;א;ט;(37, 10, 11, 20, 15381)
(37, 10, 14, 3, 15420);ד;ו;ה;ה;י;נ;ב;ש;ה;י;ב;ר;ש;ר;ו;כ;ז;ה;י;ב;(37, 10, 12, 11, 15401)
(37, 10, 15, 10, 15440);ע;ר;פ;ם;ע;ה;י;ש;א;ר;ו;נ;י;נ;ב;י;נ;ב;ה;י;(37, 10, 14, 4, 15421)
(37, 10, 16, 1, 15460);ב;י;נ;ב;א;ו;ת;ז;ם;ל;י;ע;ב;א;ו;מ;ת;ח;פ;ש;(37, 10, 15, 11, 15441)
(37, 10, 17, 11, 15480);ד;ע;י;ו;ג;ב;ה;י;נ;ד;א;י;ב;ב;ד;ג;ז;ע;י;נ;(37, 10, 16, 2, 15461)
(37, 10, 19, 6, 15500);ח;ה;י;ד;ו;ה;ר;ו;ז;ע;ה;י;ק;ז;ח;ר;ט;א;ן;י;(37, 10, 17, 12, 15481)
(37, 10, 21, 2, 15520);ג;מ;י;ב;ו;נ;ת;ו;ת;נ;ע;ף;י;ר;ח;י;צ;ב;ם;ש;(37, 10, 19, 7, 15501)
(37, 10, 22, 8, 15540);צ;ל;א;ב;ז;י;ש;מ;ר;י;ז;ח;ם;ל;ש;מ;ש;ע;י;פ;(37, 10, 21, 3, 15521)
(37, 10, 24, 1, 15560);ה;ה;י;נ;ע;ן;נ;ח;ה;י;ט;ל;פ;ע;ו;ד;י;ק;ו;ד;(37, 10, 22, 9, 15541)
(37, 10, 25, 8, 15580);ח;ל;פ;ש;ח;ו;ל;ה;ב;ו;ש;ח;ה;י;נ;נ;ח;ע;ש;ו;(37, 10, 24, 2, 15561)
(37, 10, 27, 1, 15600);ו;ה;י;ש;ע;מ;ה;נ;ב;ש;ח;ם;ו;ח;ר;ק;ב;ו;ש;א;(37, 10, 25, 9, 15581)
(37, 10, 28, 10, 15620);נ;ע;ב;ם;ר;ח;ך;ו;ל;מ;ן;נ;ע;ן;נ;ח;ה;י;ח;א;(37, 10, 27, 2, 15601)
(37, 10, 29, 19, 15640);ה;ם;י;ו;ל;ה;ם;י;נ;ה;כ;ה;ם;ע;ה;ר;א;ש;ו;ה;(37, 10, 28, 11, 15621)
(37, 10, 29, 39, 15660);ם;י;נ;י;ת;נ;ה;ם;י;ר;ר;ש;מ;ה;ם;י;ר;ע;ו;ש;(37, 10, 29, 20, 15641)
(37, 10, 29, 59, 15680);ל;א;ת;ו;צ;ר;א;ה;י;מ;ע;מ;ל;ד;ב;נ;ה;ל;כ;ו;(37, 10, 29, 40, 15661)
(37, 10, 29, 79, 15700);ם;ה;י;נ;ב;ם;ה;י;ש;נ;ם;י;ה;ל;א;ה;ת;ר;ו;ת;(37, 10, 29, 60, 15681)
(37, 10, 30, 3, 15720);ז;ח;מ;ן;י;ב;מ;ע;ד;ו;י;ל;כ;ם;ה;י;ת;נ;ב;ו;(37, 10, 29, 80, 15701)
(37, 10, 30, 23, 15740);ב;ו;ם;ה;י;ר;י;ד;א;ם;ה;י;ח;א;ל;ע;ם;י;ק;י;(37, 10, 30, 4, 15721)
(37, 10, 30, 43, 15760);ת;ב;ת;כ;ל;ל;ה;ע;ו;ב;ש;ב;ו;ה;ל;א;ב;ם;י;א;(37, 10, 30, 24, 15741)
(37, 10, 30, 63, 15780);מ;ד;י;ב;ה;נ;ת;נ;ר;ש;א;ם;י;ה;ל;א;ה;ת;ר;ו;(37, 10, 30, 44, 15761)
(37, 10, 30, 83, 15800);ע;ל;ו;ר;ו;מ;ש;ל;ו;ם;י;ה;ל;א;ה;ד;ב;ע;ה;ש;(37, 10, 30, 64, 15781)
(37, 10, 30, 103, 15820);נ;י;נ;ד;א;ה;ו;ה;י;ת;ו;צ;מ;ל;כ;ת;א;ת;ו;ש;(37, 10, 30, 84, 15801)
(37, 10, 31, 7, 15840);נ;א;ל;ר;ש;א;ו;ו;י;ק;ח;ו;ו;י;ט;פ;ש;מ;ו;ו;(37, 10, 30, 104, 15821)
(37, 10, 31, 27, 15860);ב;ת;א;ו;ץ;ר;א;ה;י;מ;ע;ל;ו;נ;י;ת;נ;ב;ן;ת;(37, 10, 31, 8, 15841)
(37, 10, 32, 4, 15880);י;מ;ע;ו;ו;נ;י;נ;ב;ל;ח;ק;נ;א;ל;ם;ה;י;ת;נ;(37, 10, 31, 28, 15861)
(37, 10, 32, 24, 15900);ו;ת;ו;ח;ק;מ;ה;ת;א;ם;י;א;י;ב;מ;ה;ץ;ר;א;ה;(37, 10, 32, 5, 15881)
(37, 10, 32, 44, 15920);א;ל;ר;ו;כ;מ;ל;ת;ב;ש;ה;ם;ו;י;ב;ר;ב;ש;ל;כ;(37, 10, 32, 25, 15901)
(37, 10, 32, 64, 15940);נ;ו;ש;ד;ק;ם;ו;י;ב;ו;ת;ב;ש;ב;ם;ה;מ;ח;ק;נ;(37, 10, 32, 45, 15921)
(37, 10, 32, 84, 15960);כ;א;ש;מ;ו;ת;י;ע;י;ב;ש;ה;ה;נ;ש;ה;ת;א;ש;ט;(37, 10, 32, 65, 15941)
(37, 10, 33, 17, 15980);ל;ת;ו;צ;מ;ו;נ;י;ל;ע;ו;נ;ד;מ;ע;ה;ו;ד;י;ל;(37, 10, 32, 85, 15961)
(37, 10, 33, 37, 16000);נ;ש;ב;ל;ק;ש;ה;ת;י;ש;י;ל;ש;ו;נ;י;ל;ע;ת;ת;(37, 10, 33, 18, 15981)
(37, 10, 34, 5, 16020);ה;ם;ח;ל;ל;ו;נ;י;ה;ל;א;ת;י;ב;ת;ד;ב;ע;ל;ה;(37, 10, 33, 38, 16001)
(37, 10, 34, 25, 16040);ל;ו;ע;ל;ו;ד;י;מ;ת;ה;ת;ח;נ;מ;ו;ת;כ;ר;ע;מ;(37, 10, 34, 6, 16021)
(37, 10, 34, 45, 16060);מ;ל;ם;י;ש;ד;ח;ה;ת;ו;ת;ב;ש;ה;ד;י;מ;ת;ה;ת;(37, 10, 34, 26, 16041)
(37, 10, 34, 65, 16080);ל;ת;ו;א;ט;ח;ל;ו;ם;י;ש;ד;ק;ל;ו;ם;י;ד;ע;ו;(37, 10, 34, 46, 16061)
(37, 10, 34, 85, 16100);י;ב;ת;כ;א;ל;מ;ל;כ;ו;ל;א;ר;ש;י;ל;ע;ר;פ;כ;(37, 10, 34, 66, 16081)
(37, 10, 35, 13, 16120);ו;נ;ל;פ;ה;ת;ו;ל;ר;ו;ג;ה;ו;ו;נ;י;ה;ל;א;ת;(37, 10, 34, 86, 16101)
(37, 10, 35, 33, 16140);ו;ל;ה;ם;י;נ;ה;כ;ה;ם;י;צ;ע;ה;ן;ב;ר;ק;ל;ע;(37, 10, 35, 14, 16121)
(37, 10, 35, 53, 16160);נ;י;ה;ל;א;ת;י;ב;ל;א;י;ב;ה;ל;ם;ע;ה;ו;ם;י;(37, 10, 35, 34, 16141)
(37, 10, 35, 73, 16180);נ;מ;ז;מ;ם;י;ת;ע;ל;ו;נ;י;ת;ב;א;ת;י;ב;ל;ו;(37, 10, 35, 54, 16161)
(37, 10, 35, 93, 16200);י;ח;ב;ז;מ;ל;ע;ר;ע;ב;ל;ה;נ;ש;ב;ה;נ;ש;ם;י;(37, 10, 35, 74, 16181)
(37, 10, 36, 1, 16220);ו;ה;ר;ו;ת;ב;ב;ו;ת;כ;כ;ו;נ;י;ה;ל;א;ה;ו;ה;(37, 10, 35, 94, 16201)
(37, 10, 36, 21, 16240);ב;ו;ו;נ;ת;מ;ד;א;י;ר;ו;כ;ב;ת;א;א;י;ב;ה;ל;(37, 10, 36, 2, 16221)
(37, 10, 36, 41, 16260);ה;נ;ש;ב;ה;נ;ש;ץ;ע;ל;כ;י;ר;פ;ל;כ;י;ר;ו;כ;(37, 10, 36, 22, 16241)
(37, 10, 37, 12, 16280);נ;י;נ;ב;ת;ו;ר;כ;ב;ת;א;ו;ה;ו;ה;י;ת;י;ב;ל;(37, 10, 36, 42, 16261)
(37, 10, 37, 32, 16300);א;ו;ה;ר;ו;ת;ב;ב;ו;ת;כ;כ;ו;נ;ת;מ;ה;ב;ו;ו;(37, 10, 37, 13, 16281)
(37, 10, 37, 52, 16320);ל;ו;נ;י;נ;א;צ;ו;ו;נ;י;ר;ק;ב;י;ר;ו;כ;ב;ת;(37, 10, 37, 33, 16301)
(37, 10, 37, 72, 16340);ם;י;נ;ה;כ;ל;ו;נ;י;ה;ל;א;ת;י;ב;ל;א;י;ב;ה;(37, 10, 37, 53, 16321)
(37, 10, 38, 3, 16360);ת;א;ו;ו;נ;י;ה;ל;א;ת;י;ב;ב;ם;י;ת;ר;ש;מ;ה;(37, 10, 37, 73, 16341)
(37, 10, 38, 23, 16380);י;ת;מ;ו;ר;ת;ו;ו;נ;י;ת;ס;י;ר;ע;ת;י;ש;א;ר;(37, 10, 38, 4, 16361)
(37, 10, 38, 43, 16400);ר;ה;צ;י;ו;ש;ו;ר;י;ת;ץ;ע;ל;כ;י;ר;פ;ו;ו;נ;(37, 10, 38, 24, 16381)
(37, 10, 38, 63, 16420);ת;י;ב;ת;ו;כ;ש;ל;ל;א;ם;י;נ;ה;כ;ל;א;י;ב;נ;(37, 10, 38, 44, 16401)
(37, 10, 38, 83, 16440);ו;ל;ל;ו;נ;ת;מ;ד;א;ר;ש;ע;מ;ו;ו;נ;י;ה;ל;א;(37, 10, 38, 64, 16421)
(37, 10, 38, 103, 16460);ל;כ;ב;ם;י;ר;ש;ע;מ;ה;ם;י;ו;ל;ה;ם;ה;ו;ם;י;(37, 10, 38, 84, 16441)
(37, 10, 39, 11, 16480);א;ן;ב;ן;ה;כ;ה;ה;י;ה;ו;ו;נ;ת;ד;ב;ע;י;ר;ע;(37, 10, 38, 104, 16461)
(37, 10, 39, 31, 16500);ו;ם;י;ו;ל;ה;ר;ש;ע;ב;ם;י;ו;ל;ה;ם;ע;ן;ר;ה;(37, 10, 39, 12, 16481)
(37, 10, 39, 51, 16520);ר;ש;ע;מ;ה;ר;ש;ע;מ;ת;א;ו;ל;ע;י;ם;י;ו;ל;ה;(37, 10, 39, 32, 16501)
(37, 10, 39, 71, 16540);ב;ל;ת;ו;כ;ש;ל;ה;ל;א;ו;נ;י;ה;ל;א;ת;י;ב;ל;(37, 10, 39, 52, 16521)
(37, 10, 40, 13, 16560);י;ב;י;ת;ו;כ;ש;ל;ה;ל;א;י;כ;ר;צ;ו;א;ה;ת;י;(37, 10, 39, 72, 16541)
(37, 10, 40, 33, 16580);ת;א;י;ו;ל;ה;י;נ;ב;ו;ל;א;ר;ש;י;י;נ;ב;ו;א;(37, 10, 40, 14, 16561)
(37, 10, 40, 53, 16600);ה;צ;י;ה;ו;ש;ו;ר;י;ת;ה;ן;ג;ד;ה;ת;מ;ו;ר;ת;(37, 10, 40, 34, 16581)
(37, 10, 40, 73, 16620);ה;ם;י;נ;ה;כ;ה;ו;ש;ד;ק;מ;ה;י;ל;כ;ם;ש;ו;ר;(37, 10, 40, 54, 16601)
(37, 10, 40, 93, 16640);ר;ר;ש;מ;ה;ו;ם;י;ר;ע;ו;ש;ה;ו;ם;י;ת;ר;ש;מ;(37, 10, 40, 74, 16621)
(37, 10, 40, 113, 16660);ו;נ;י;ה;ל;א;ת;י;ב;ת;א;ב;ז;ע;נ;א;ל;ו;ם;י;(37, 10, 40, 94, 16641)
(37, 11, 1, 20, 16680);ש;ו;ם;ל;ש;ו;ר;י;ב;ם;ע;ה;י;ר;ש;ו;ב;ש;י;ו;(37, 11, 1, 1, 16661)
(37, 11, 1, 40, 16700);י;ב;ה;ל;ת;ו;ל;ר;ו;ג;ו;ל;י;פ;ה;ם;ע;ה;ר;א;(37, 11, 1, 21, 16681)
(37, 11, 1, 60, 16720);ש;ו;ר;י;ב;ת;ב;ש;ל;ה;ר;ש;ע;ה;ן;מ;ד;ח;א;א;(37, 11, 1, 41, 16701)
(37, 11, 1, 80, 16740);ע;ב;ת;ו;ד;י;ה;ע;ש;ת;ו;ש;ד;ק;ה;ר;י;ע;ם;ל;(37, 11, 1, 61, 16721)
(37, 11, 2, 17, 16760);י;ש;נ;א;ה;ל;כ;ל;ם;ע;ה;ו;כ;ר;ב;י;ו;ם;י;ר;(37, 11, 1, 81, 16741)
(37, 11, 2, 37, 16780);ם;ל;ש;ו;ר;י;ב;ת;ב;ש;ל;ם;י;ב;ד;נ;ת;מ;ה;ם;(37, 11, 2, 18, 16761)
(37, 11, 3, 20, 16800);ב;ש;י;ר;ש;א;ה;נ;י;ד;מ;ה;י;ש;א;ר;ה;ל;א;ו;(37, 11, 3, 1, 16781)
(37, 11, 3, 40, 16820);ש;י;ה;ד;ו;ה;י;י;ר;ע;ב;ו;ם;ל;ש;ו;ר;י;ב;ו;(37, 11, 3, 21, 16801)
(37, 11, 3, 60, 16840);ר;ש;י;ם;ה;י;ר;ע;ב;ו;ת;ז;ח;א;ב;ש;י;א;ו;ב;(37, 11, 3, 41, 16821)
(37, 11, 3, 80, 16860);נ;י;ת;נ;ה;ו;ם;י;ו;ל;ה;ו;ם;י;נ;ה;כ;ה;ל;א;(37, 11, 3, 61, 16841)
(37, 11, 4, 6, 16880);ש;ו;ר;י;ב;ו;ה;מ;ל;ש;י;ד;ב;ע;י;נ;ב;ו;ם;י;(37, 11, 3, 81, 16861)
(37, 11, 4, 26, 16900);י;נ;ב;מ;ו;ה;ד;ו;ה;י;י;נ;ב;מ;ו;ב;ש;י;ם;ל;(37, 11, 4, 7, 16881)
(37, 11, 4, 46, 16920);ן;ב;ה;י;ת;ע;ה;ד;ו;ה;י;י;נ;ב;מ;ן;מ;י;נ;ב;(37, 11, 4, 27, 16901)
(37, 11, 4, 66, 16940);ן;ב;ה;י;ר;מ;א;ן;ב;ה;י;ר;כ;ז;ן;ב;ה;י;ז;ע;(37, 11, 4, 47, 16921)
(37, 11, 4, 86, 16960);ץ;ר;פ;י;נ;ב;מ;ל;א;ל;ל;ה;מ;ן;ב;ה;י;ט;פ;ש;(37, 11, 4, 67, 16941)
(37, 11, 5, 20, 16980);ב;ה;ז;ח;ל;כ;ן;ב;ך;ו;ר;ב;ן;ב;ה;י;ש;ע;מ;ו;(37, 11, 5, 1, 16961)
(37, 11, 5, 40, 17000);ב;ב;י;ר;י;ו;י;ן;ב;ה;י;ד;ע;ן;ב;ה;י;ז;ח;ן;(37, 11, 5, 21, 16981)
(37, 11, 6, 7, 17020);ר;פ;י;נ;ב;ל;כ;י;נ;ל;ש;ה;ן;ב;ה;י;ר;כ;ז;ן;(37, 11, 5, 41, 17001)
(37, 11, 6, 27, 17040);א;מ;ע;ב;ר;א;ם;ל;ש;ו;ר;י;ב;ם;י;ב;ש;י;ה;ץ;(37, 11, 6, 8, 17021)
(37, 11, 7, 2, 17060);א;ו;ל;י;ח;י;ש;נ;א;ה;נ;מ;ש;ו;ם;י;ש;ש;ת;ו;(37, 11, 6, 28, 17041)
(37, 11, 7, 22, 17080);ב;ם;ל;ש;מ;ן;ב;א;ל;ס;ן;מ;י;נ;ב;י;נ;ב;ה;ל;(37, 11, 7, 3, 17061)
(37, 11, 7, 42, 17100);ן;ב;ה;י;ל;ו;ק;ן;ב;ה;י;ד;פ;ן;ב;ד;ע;ו;י;ן;(37, 11, 7, 23, 17081)
(37, 11, 7, 62, 17120);ה;י;ע;ש;י;ן;ב;ל;א;י;ת;י;א;ן;ב;ה;י;ש;ע;מ;(37, 11, 7, 43, 17101)
(37, 11, 8, 20, 17140);ע;ת;ו;א;מ;ע;ש;ת;י;ל;ס;י;ב;ג;ו;י;ר;ח;א;ו;(37, 11, 8, 1, 17121)
(37, 11, 9, 11, 17160);י;ר;כ;ז;ן;ב;ל;א;ו;י;ו;ה;נ;מ;ש;ו;ם;י;ר;ש;(37, 11, 8, 21, 17141)
(37, 11, 9, 31, 17180);נ;ס;ה;ן;ב;ה;ד;ו;ה;י;ו;ם;ה;י;ל;ע;ד;י;ק;פ;(37, 11, 9, 12, 17161)
(37, 11, 10, 7, 17200);י;נ;ה;כ;ה;ן;מ;ה;נ;ש;מ;ר;י;ע;ה;ל;ע;ה;א;ו;(37, 11, 9, 32, 17181)
(37, 11, 11, 2, 17220);ר;ש;ן;י;כ;י;ב;י;ר;י;ו;י;ן;ב;ה;י;ע;ד;י;ם;(37, 11, 10, 8, 17201)
(37, 11, 11, 22, 17240);ו;ד;צ;ן;ב;ם;ל;ש;מ;ן;ב;ה;י;ק;ל;ח;ן;ב;ה;י;(37, 11, 11, 3, 17221)
(37, 11, 11, 42, 17260);ב;ד;ג;נ;ב;ו;ט;י;ח;א;ן;ב;ת;ו;י;ר;מ;ן;ב;ק;(37, 11, 11, 23, 17241)
(37, 11, 12, 12, 17280);ל;מ;ה;ה;ש;ע;ם;ה;י;ח;א;ו;ם;י;ה;ל;א;ה;ת;י;(37, 11, 11, 43, 17261)
(37, 11, 12, 32, 17300);ם;י;ר;ש;ע;ת;ו;א;מ;ה;נ;מ;ש;ת;י;ב;ל;ה;כ;א;(37, 11, 12, 13, 17281)
(37, 11, 12, 52, 17320);ל;פ;ן;ב;ם;ח;ר;י;ן;ב;ה;י;ד;ע;ו;ם;י;נ;ש;ו;(37, 11, 12, 33, 17301)
(37, 11, 12, 72, 17340);ש;פ;ן;ב;ה;י;ר;כ;ז;ן;ב;י;צ;מ;א;ן;ב;ה;י;ל;(37, 11, 12, 53, 17321)
(37, 11, 13, 10, 17360);ם;י;ש;א;ר;ו;י;ח;א;ו;ה;י;כ;ל;מ;ן;ב;ר;ו;ח;(37, 11, 12, 73, 17341)
(37, 11, 13, 30, 17380);י;נ;ש;ו;ם;י;ע;ב;ר;א;ם;י;ת;א;מ;ת;ו;ב;א;ל;(37, 11, 13, 11, 17361)
(37, 11, 13, 50, 17400);י;ז;ח;א;ן;ב;ל;א;ר;ז;ע;ן;ב;י;ס;ש;מ;ע;ו;ם;(37, 11, 13, 31, 17381)
(37, 11, 14, 7, 17420);ג;ם;ה;י;ח;א;ו;ר;מ;א;ן;ב;ת;ו;מ;ל;ש;מ;ן;ב;(37, 11, 13, 51, 17401)
(37, 11, 14, 27, 17440);ו;ה;נ;מ;ש;ו;ם;י;ר;ש;ע;ה;א;מ;ל;י;ח;י;ר;ב;(37, 11, 14, 8, 17421)
(37, 11, 14, 47, 17460);ד;ג;ה;ן;ב;ל;א;י;ד;ב;ז;ם;ה;י;ל;ע;ד;י;ק;פ;(37, 11, 14, 28, 17441)
(37, 11, 15, 16, 17480);ח;ן;ב;ה;י;ע;מ;ש;ם;י;ו;ל;ה;ן;מ;ו;ם;י;ל;ו;(37, 11, 14, 48, 17461)
(37, 11, 15, 36, 17500);ן;ב;ה;י;ב;ש;ח;ן;ב;ם;ק;י;ר;ז;ע;ן;ב;ב;ו;ש;(37, 11, 15, 17, 17481)
(37, 11, 16, 16, 17520);ל;מ;ה;ל;ע;ד;ב;ז;ו;י;ו;י;ת;ב;ש;ו;י;נ;ו;ב;(37, 11, 15, 37, 17501)
(37, 11, 16, 36, 17540);מ;ם;י;ה;ל;א;ה;ת;י;ב;ל;ה;נ;צ;י;ח;ה;ה;כ;א;(37, 11, 16, 17, 17521)
(37, 11, 17, 11, 17560);כ;י;מ;ן;ב;ה;י;נ;ת;מ;ו;ם;י;ו;ל;ה;י;ש;א;ר;(37, 11, 16, 37, 17541)
(37, 11, 17, 31, 17580);ה;ל;ח;ת;ה;ש;א;ר;ף;ס;א;ן;ב;י;ד;ב;ז;ן;ב;א;(37, 11, 17, 12, 17561)
(37, 11, 17, 51, 17600);נ;ש;מ;ה;י;ק;ב;ק;ב;ו;ה;ל;פ;ת;ל;ה;ד;ו;ה;י;(37, 11, 17, 32, 17581)
(37, 11, 17, 71, 17620);ג;ן;ב;ע;ו;מ;ש;ן;ב;א;ד;ב;ע;ו;ו;י;ח;א;מ;ה;(37, 11, 17, 52, 17601)
(37, 11, 18, 10, 17640);י;ע;ב;ם;י;ו;ל;ה;ל;כ;ן;ו;ת;י;ד;י;ן;ב;ל;ל;(37, 11, 17, 72, 17621)
(37, 11, 18, 30, 17660);ע;ב;ר;א;ו;ם;י;נ;מ;ש;ם;י;ת;א;מ;ש;ד;ק;ה;ר;(37, 11, 18, 11, 17641)
(37, 11, 19, 19, 17680);א;ו;ן;ו;מ;ל;ט;ב;ו;ק;ע;ם;י;ר;ע;ו;ש;ה;ו;ה;(37, 11, 18, 31, 17661)
(37, 11, 19, 39, 17700);ש;ה;א;מ;ם;י;ר;ע;ש;ב;ם;י;ר;מ;ש;ה;ם;ה;י;ח;(37, 11, 19, 20, 17681)
(37, 11, 20, 11, 17720);כ;ה;ל;א;ר;ש;י;ר;א;ש;ו;ם;י;נ;ש;ו;ם;י;ע;ב;(37, 11, 19, 40, 17701)
(37, 11, 20, 31, 17740);ה;ד;ו;ה;י;י;ר;ע;ל;כ;ב;ם;י;ו;ל;ה;ם;י;נ;ה;(37, 11, 20, 12, 17721)
(37, 11, 21, 11, 17760);ב;ש;י;ם;י;נ;י;ת;נ;ה;ו;ו;ת;ל;ח;נ;ב;ש;י;א;(37, 11, 20, 32, 17741)
(37, 11, 21, 31, 17780);נ;ה;ל;ע;א;פ;ש;ג;ו;א;ח;י;צ;ו;ל;פ;ע;ב;ם;י;(37, 11, 21, 12, 17761)
(37, 11, 22, 15, 17800);ש;ו;ר;י;ב;ם;י;ו;ל;ה;ד;י;ק;פ;ו;ם;י;נ;י;ת;(37, 11, 21, 32, 17781)
(37, 11, 22, 35, 17820);מ;ן;ב;ה;י;ב;ש;ח;ן;ב;י;נ;ב;ן;ב;י;ז;ע;ם;ל;(37, 11, 22, 16, 17801)
(37, 11, 22, 55, 17840);ש;מ;ה;ף;ס;א;י;נ;ב;מ;א;כ;י;מ;ן;ב;ה;י;נ;ת;(37, 11, 22, 36, 17821)
(37, 11, 22, 75, 17860);ה;ל;א;ה;ת;י;ב;ת;כ;א;ל;מ;ד;ג;נ;ל;ם;י;ר;ר;(37, 11, 22, 56, 17841)
(37, 11, 23, 18, 17880);מ;א;ו;ם;ה;י;ל;ע;ך;ל;מ;ה;ת;ו;צ;מ;י;כ;ם;י;(37, 11, 22, 76, 17861)
(37, 11, 23, 38, 17900);ו;י;ב;ם;ו;י;ר;ב;ד;ם;י;ר;ר;ש;מ;ה;ל;ע;ה;נ;(37, 11, 23, 19, 17881)
(37, 11, 24, 18, 17920);נ;ב;מ;ל;א;ב;ז;י;ש;מ;ן;ב;ה;י;ח;ת;פ;ו;ו;מ;(37, 11, 23, 39, 17901)
(37, 11, 24, 38, 17940);כ;ל;ך;ל;מ;ה;ד;י;ל;ה;ד;ו;ה;י;ן;ב;ח;ר;ז;י;(37, 11, 24, 19, 17921)
(37, 11, 25, 13, 17960);ת;ד;ש;ב;ם;י;ר;צ;ח;ה;ל;א;ו;ם;ע;ל;ר;ב;ד;ל;(37, 11, 24, 39, 17941)
(37, 11, 25, 33, 17980);ה;ת;י;ר;ק;ב;ו;ב;ש;י;ה;ד;ו;ה;י;י;נ;ב;מ;ם;(37, 11, 25, 14, 17961)
(37, 11, 25, 53, 18000);ת;נ;ב;ו;ן;ב;י;ד;ב;ו;ה;י;ת;נ;ב;ו;ע;ב;ר;א;(37, 11, 25, 34, 17981)
(37, 11, 26, 4, 18020);ש;י;ב;ו;ה;י;ר;צ;ח;ו;ל;א;צ;ב;ק;י;ב;ו;ה;י;(37, 11, 25, 54, 18001)
(37, 11, 27, 4, 18040);צ;ח;ב;ו;ט;ל;פ;ת;י;ב;ב;ו;ה;ד;ל;מ;ב;ו;ע;ו;(37, 11, 26, 5, 18021)
(37, 11, 28, 1, 18060);ו;ה;י;ת;נ;ב;ו;ע;ב;ש;ר;א;ב;ב;ו;ל;ע;ו;ש;ר;(37, 11, 27, 5, 18041)
(37, 11, 29, 2, 18080);ב;ו;ה;י;ת;נ;ב;ב;ו;ה;נ;כ;מ;ב;ו;ג;ל;ק;צ;ב;(37, 11, 28, 2, 18061)
(37, 11, 29, 22, 18100);ת;ו;מ;ר;י;ב;ו;ה;ע;ר;צ;ב;ו;ן;ו;מ;ר;ן;י;ע;(37, 11, 29, 3, 18081)
(37, 11, 30, 20, 18120);ש;ו;ש;י;כ;ל;ם;ה;י;ר;צ;ח;ו;ם;ל;ד;ע;ח;נ;ז;(37, 11, 30, 1, 18101)
(37, 11, 30, 40, 18140);מ;ו;נ;ח;י;ו;ה;י;ת;נ;ב;ו;ה;ק;ז;ע;ה;י;ת;ד;(37, 11, 30, 21, 18121)
(37, 11, 31, 6, 18160);נ;ב;י;נ;ב;ו;ם;נ;ה;א;י;ג;ד;ע;ע;ב;ש;ר;א;ב;(37, 11, 30, 41, 18141)
(37, 11, 31, 26, 18180);א;ת;י;ב;ו;ה;י;ע;ו;ש;מ;כ;מ;ע;ב;ג;מ;ן;מ;י;(37, 11, 31, 7, 18161)
(37, 11, 33, 1, 18200);ח;ה;י;נ;נ;ע;ב;נ;ת;ו;ת;נ;ע;ה;י;ת;נ;ב;ו;ל;(37, 11, 31, 27, 18181)
(37, 11, 34, 10, 18220);נ;ם;י;ע;ב;צ;ד;י;ד;ח;ם;י;ת;ג;ה;מ;ר;ר;ו;צ;(37, 11, 33, 2, 18201)
(37, 11, 36, 2, 18240);מ;ו;ם;י;ש;ר;ח;ה;י;ג;ו;נ;ו;א;ו;ד;ל;ט;ל;ב;(37, 11, 34, 11, 18221)
(37, 11, 36, 22, 18260);נ;ב;ל;ה;ד;ו;ה;י;ת;ו;ק;ל;ח;מ;ם;י;ו;ל;ה;ן;(37, 11, 36, 3, 18241)
(37, 12, 1, 16, 18280);ם;י;ו;ל;ה;ו;ם;י;נ;ה;כ;ה;ה;ל;א;ו;ן;י;מ;י;(37, 11, 36, 23, 18261)
(37, 12, 1, 36, 18300);י;ת;ל;א;ש;ן;ב;ל;ב;ב;ר;ז;ם;ע;ו;ל;ע;ר;ש;א;(37, 12, 1, 17, 18281)
(37, 12, 1, 56, 18320);א;ר;ז;ע;ה;י;מ;ר;י;ה;י;ר;ש;ע;ו;ש;י;ו;ל;א;(37, 12, 1, 37, 18301)
(37, 12, 3, 7, 18340);ח;ר;ה;י;נ;כ;ש;ש;ו;ט;ח;ך;ו;ל;מ;ה;י;ר;מ;א;(37, 12, 2, 1, 18321)
(37, 12, 5, 2, 18360);י;מ;ה;י;ב;א;י;ו;ת;נ;ג;א;ו;ד;ע;ת;מ;ר;מ;ם;(37, 12, 3, 8, 18341)
(37, 12, 6, 8, 18380);ו;י;ו;ה;י;ע;מ;ש;ה;ג;ל;ב;ה;י;ד;ע;מ;ן;י;מ;(37, 12, 5, 3, 18361)
(37, 12, 7, 11, 18400);י;ק;ל;ח;ק;ו;מ;ע;ו;ל;ס;ה;י;ע;ד;י;ב;י;ר;י;(37, 12, 6, 9, 18381)
(37, 12, 7, 31, 18420);ו;ם;י;נ;ה;כ;ה;י;ש;א;ר;ה;ל;א;ה;י;ע;ד;י;ה;(37, 12, 7, 12, 18401)
(37, 12, 8, 7, 18440);י;ם;י;ו;ל;ה;ו;ע;ו;ש;י;י;מ;י;ב;ם;ה;י;ח;א;(37, 12, 7, 32, 18421)
(37, 12, 8, 27, 18460);ה;י;ה;י;ב;ר;ש;ל;א;י;מ;ד;ק;י;ו;נ;ב;ע;ו;ש;(37, 12, 8, 8, 18441)
(37, 12, 8, 47, 18480);א;ו;א;ו;ה;ת;ו;ד;י;ה;ל;ע;ה;י;נ;ת;מ;ה;ד;ו;(37, 12, 8, 28, 18461)
(37, 12, 9, 17, 18500);ל;ם;ה;י;ח;א;ו;נ;ע;ו;ה;י;ק;ב;ק;ב;ו;ו;י;ח;(37, 12, 8, 48, 18481)
(37, 12, 10, 9, 18520);י;ל;ו;ה;ע;ו;ש;י;ו;ת;ו;ר;מ;ש;מ;ל;ם;ד;ג;נ;(37, 12, 9, 18, 18501)
(37, 12, 10, 29, 18540);י;ל;ו;ה;ם;י;ק;י;ו;י;ו;ם;י;ק;י;ו;י;ת;א;ד;(37, 12, 10, 10, 18521)
(37, 12, 10, 49, 18560);ו;י;ת;א;ב;י;ש;י;ל;א;ו;ב;י;ש;י;ל;א;ת;א;ד;(37, 12, 10, 30, 18541)
(37, 12, 11, 17, 18580);ת;נ;ו;י;ת;א;ד;י;ל;ו;ה;ע;ד;י;ו;י;ו;ע;ד;י;(37, 12, 10, 50, 18561)
(37, 12, 12, 2, 18600);ב;ו;ע;ו;ד;י;ת;א;ד;י;ל;ו;ה;ן;ת;נ;ו;י;ו;ן;(37, 12, 11, 18, 18581)
(37, 12, 12, 22, 18620);ש;א;ר;ם;י;נ;ה;כ;ו;י;ה;ם;י;ק;י;ו;י;י;מ;י;(37, 12, 12, 3, 18601)
(37, 12, 12, 42, 18640);י;מ;ר;י;ל;ה;י;ר;מ;ה;י;ר;ש;ל;ת;ו;ב;א;ה;י;(37, 12, 12, 23, 18621)
(37, 12, 13, 14, 18660);י;ר;מ;א;ל;ם;ל;ש;מ;א;ר;ז;ע;ל;ה;י;נ;נ;ח;ה;(37, 12, 12, 43, 18641)
(37, 12, 14, 13, 18680);ש;ל;ן;ת;נ;ו;י;י;כ;ו;ל;מ;ל;ן;נ;ח;ו;ה;י;ה;(37, 12, 13, 15, 18661)
(37, 12, 15, 12, 18700);י;ר;מ;ל;א;נ;ד;ע;ם;ר;ח;ל;ף;ס;ו;י;ה;י;נ;ב;(37, 12, 14, 14, 18681)
(37, 12, 16, 14, 18720);ת;נ;ג;ל;ה;י;ר;כ;ז;א;י;ד;ע;ל;י;ק;ל;ח;ת;ו;(37, 12, 15, 13, 18701)
(37, 12, 17, 14, 18740);מ;י;נ;מ;ל;י;ר;כ;ז;ה;י;ב;א;ל;ם;ל;ש;מ;ן;ו;(37, 12, 16, 15, 18721)
(37, 12, 18, 7, 18760);מ;ש;ה;ג;ל;ב;ל;י;ט;ל;פ;ה;י;ד;ע;ו;מ;ל;ן;י;(37, 12, 17, 15, 18741)
(37, 12, 19, 6, 18780);ר;י;ו;י;ל;ו;ן;ת;נ;ו;ה;י;ה;י;ע;מ;ש;ל;ע;ו;(37, 12, 18, 8, 18761)
(37, 12, 20, 5, 18800);ק;י;ל;ס;ל;י;ז;ע;ה;י;ע;ד;י;ל;י;נ;ת;מ;ב;י;(37, 12, 19, 7, 18781)
(37, 12, 21, 10, 18820);י;ב;ש;ח;ה;י;ק;ל;ח;ל;ר;ב;ע;ק;ו;מ;ע;ל;י;ל;(37, 12, 20, 6, 18801)
(37, 12, 22, 8, 18840);מ;י;ב;ם;י;ו;ל;ה;ל;א;נ;ת;נ;ה;י;ע;ד;י;ל;ה;(37, 12, 21, 11, 18821)
(37, 12, 22, 28, 18860);י;ו;ן;נ;ח;ו;י;ו;ע;ד;י;ו;י;ב;י;ש;י;ל;א;י;(37, 12, 22, 9, 18841)
(37, 12, 22, 48, 18880);כ;ה;ו;ת;ו;ב;א;י;ש;א;ר;ם;י;ב;ו;ת;כ;ע;ו;ד;(37, 12, 22, 29, 18861)
(37, 12, 22, 68, 18900);ס;ר;פ;ה;ש;ו;י;ר;ד;ת;ו;כ;ל;מ;ל;ע;ם;י;נ;ה;(37, 12, 22, 49, 18881)
(37, 12, 23, 19, 18920);ב;ו;ת;כ;ת;ו;ב;א;ה;י;ש;א;ר;י;ו;ל;י;נ;ב;י;(37, 12, 22, 69, 18901)
(37, 12, 23, 39, 18940);י;ד;ע;ו;ם;י;מ;י;ה;י;ר;ב;ד;ר;פ;ס;ל;ע;ם;י;(37, 12, 23, 20, 18921)
(37, 12, 24, 5, 18960);י;ש;א;ר;ו;ב;י;ש;י;ל;א;ן;ב;ן;נ;ח;ו;י;י;מ;(37, 12, 23, 40, 18941)
(37, 12, 24, 25, 18980);ע;ו;ש;י;ו;ה;י;ב;ר;ש;ה;י;ב;ש;ח;ם;י;ו;ל;ה;(37, 12, 24, 6, 18961)
(37, 12, 24, 45, 19000);ל;ם;ד;ג;נ;ל;ם;ה;י;ח;א;ו;ל;א;י;מ;ד;ק;ן;ב;(37, 12, 24, 26, 18981)
(37, 12, 24, 65, 19020);י;א;ד;י;ו;ד;ת;ו;צ;מ;ב;ת;ו;ד;ו;ה;ל;ל;ל;ה;(37, 12, 24, 46, 19001)
(37, 12, 25, 1, 19040);מ;ר;מ;ש;מ;ת;מ;ע;ל;ר;מ;ש;מ;ם;י;ה;ל;א;ה;ש;(37, 12, 24, 66, 19021)
(37, 12, 25, 21, 19060);ם;ל;ש;מ;ה;י;ד;ב;ע;ה;י;ק;ב;ק;ב;ו;ה;י;נ;ת;(37, 12, 25, 2, 19041)
(37, 12, 25, 41, 19080);ם;י;ר;ע;ו;ש;ם;י;ר;מ;ש;ב;ו;ק;ע;ן;ו;מ;ל;ט;(37, 12, 25, 22, 19061)
(37, 12, 26, 5, 19100);י;ב;ה;ל;א;ם;י;ר;ע;ש;ה;י;פ;ס;א;ב;ר;מ;ש;מ;(37, 12, 25, 42, 19081)
(37, 12, 26, 25, 19120);ד;צ;ו;י;ן;ב;ע;ו;ש;י;ן;ב;ם;י;ק;י;ו;י;י;מ;(37, 12, 26, 6, 19101)
(37, 12, 26, 45, 19140);א;ר;ז;ע;ו;ה;ח;פ;ה;ה;י;מ;ח;נ;י;מ;י;ב;ו;ק;(37, 12, 26, 26, 19121)
(37, 12, 27, 11, 19160);י;ת;מ;ו;ח;ת;כ;נ;ח;ב;ו;ר;פ;ו;ס;ה;ן;ה;כ;ה;(37, 12, 26, 46, 19141)
(37, 12, 27, 31, 19180);מ;ל;כ;מ;ם;י;ו;ל;ה;ת;א;ו;ש;ק;ב;ם;ל;ש;ו;ר;(37, 12, 27, 12, 19161)
(37, 12, 27, 51, 19200);ע;ל;ם;ל;ש;ו;ר;י;ל;ם;א;י;ב;ה;ל;ם;ת;מ;ו;ק;(37, 12, 27, 32, 19181)
(37, 12, 27, 71, 19220);ב;ו;ת;ו;ד;ו;ת;ב;ו;ה;ח;מ;ש;ו;ה;כ;נ;ח;ת;ש;(37, 12, 27, 52, 19201)
(37, 12, 27, 91, 19240);ו;ר;נ;כ;ב;ו;ם;י;ל;ב;נ;ם;י;ת;ל;צ;מ;ר;י;ש;(37, 12, 27, 72, 19221)
(37, 12, 28, 19, 19260);ן;מ;ו;ם;י;ר;ר;ש;מ;ה;י;נ;ב;ו;פ;ס;א;י;ו;ת;(37, 12, 27, 92, 19241)
(37, 12, 28, 39, 19280);ח;ן;מ;ו;ם;ל;ש;ו;ר;י;ת;ו;ב;י;ב;ס;ר;כ;כ;ה;(37, 12, 28, 20, 19261)
(37, 12, 29, 12, 19300);מ;ו;ל;ג;ל;ג;ה;ת;י;ב;מ;ו;י;ת;פ;ט;נ;י;ר;צ;(37, 12, 28, 40, 19281)
(37, 12, 29, 32, 19320);ם;י;ר;צ;ח;י;כ;ת;ו;מ;ז;ע;ו;ע;ב;ג;ת;ו;ד;ש;(37, 12, 29, 13, 19301)
(37, 12, 29, 52, 19340);י;ת;ו;ב;י;ב;ס;ם;י;ר;ר;ש;מ;ה;ם;ה;ל;ו;נ;ב;(37, 12, 29, 33, 19321)
(37, 12, 30, 15, 19360);ל;ה;ו;ם;י;נ;ה;כ;ה;ו;ר;ה;ט;י;ו;ם;ל;ש;ו;ר;(37, 12, 29, 53, 19341)
(37, 12, 30, 35, 19380);ע;ש;ה;ת;א;ו;ם;ע;ה;ת;א;ו;ר;ה;ט;י;ו;ם;י;ו;(37, 12, 30, 16, 19361)
(37, 12, 31, 9, 19400);ר;ש;ת;א;ה;ל;ע;א;ו;ה;מ;ו;ח;ה;ת;א;ו;ם;י;ר;(37, 12, 30, 36, 19381)
(37, 12, 31, 29, 19420);ד;י;מ;ע;א;ו;ה;מ;ו;ח;ל;ל;ע;מ;ה;ד;ו;ה;י;י;(37, 12, 31, 10, 19401)
(37, 12, 31, 49, 19440);ל;ת;כ;ל;ה;ת;ו;ת;ל;ו;ד;ג;ת;ד;ו;ת;י;ת;ש;ה;(37, 12, 31, 30, 19421)
(37, 12, 31, 69, 19460);פ;ש;א;ה;ר;ע;ש;ל;ה;מ;ו;ח;ל;ל;ע;מ;ן;י;מ;י;(37, 12, 31, 50, 19441)
(37, 12, 32, 19, 19480);צ;ח;ו;ה;י;ע;ש;ו;ה;ם;ה;י;ר;ח;א;ך;ל;י;ו;ת;(37, 12, 31, 70, 19461)
(37, 12, 33, 11, 19500);ו;א;ר;ז;ע;ה;י;ר;ז;ע;ו;ה;ד;ו;ה;י;י;ר;ש;י;(37, 12, 32, 20, 19481)
(37, 12, 34, 16, 19520);י;ע;מ;ש;ו;ן;מ;י;נ;ב;ו;ה;ד;ו;ה;י;ם;ל;ש;מ;(37, 12, 33, 12, 19501)
(37, 12, 35, 13, 19540);ח;ב;ם;י;נ;ה;כ;ה;י;נ;ב;מ;ו;ה;י;מ;ר;י;ו;ה;(37, 12, 34, 17, 19521)
(37, 12, 35, 33, 19560);ש;ן;ב;ן;ת;נ;ו;י;ן;ב;ה;י;ר;כ;ז;ת;ו;ר;צ;צ;(37, 12, 35, 14, 19541)
(37, 12, 35, 53, 19580);ן;ב;ה;י;כ;י;מ;ן;ב;ה;י;נ;ת;מ;ן;ב;ה;י;ע;מ;(37, 12, 35, 34, 19561)
(37, 12, 36, 11, 19600);ו;ה;י;ע;מ;ש;ו;י;ח;א;ו;ף;ס;א;ן;ב;ר;ו;כ;ז;(37, 12, 35, 54, 19581)
(37, 12, 36, 31, 19620);א;נ;ת;נ;י;ע;מ;י;ל;ל;ג;י;ל;ל;מ;ל;א;ר;ז;ע;(37, 12, 36, 12, 19601)
(37, 12, 36, 51, 19640);ו;ד;ר;י;ש;י;ל;כ;ב;י;נ;נ;ח;ה;ד;ו;ה;י;ו;ל;(37, 12, 36, 32, 19621)
(37, 12, 36, 71, 19660);פ;ו;ס;ה;א;ר;ז;ע;ו;ם;י;ה;ל;א;ה;ש;י;א;ד;י;(37, 12, 36, 52, 19641)
(37, 12, 37, 13, 19680);ג;נ;ו;ן;י;ע;ה;ר;ע;ש;ל;ע;ו;ם;ה;י;נ;פ;ל;ר;(37, 12, 36, 72, 19661)
(37, 12, 37, 33, 19700);ב;ד;י;ו;ד;ר;י;ע;ת;ו;ל;ע;מ;ל;ע;ו;ל;ע;ם;ד;(37, 12, 37, 14, 19681)
(37, 12, 37, 53, 19720);ד;י;ו;ד;ת;י;ב;ל;ל;ע;מ;ה;מ;ו;ח;ל;ה;ל;ע;מ;(37, 12, 37, 34, 19701)
(37, 12, 38, 6, 19740);ה;ד;ו;ת;ה;ו;ח;ר;ז;מ;ם;י;מ;ה;ר;ע;ש;ד;ע;ו;(37, 12, 37, 54, 19721)
(37, 12, 38, 26, 19760);י;נ;א;ו;ל;א;ו;מ;ל;ת;כ;ל;ו;ה;ה;ת;י;נ;ש;ה;(37, 12, 38, 7, 19741)
(37, 12, 38, 46, 19780);מ;ו;ח;ה;ל;ל;ע;מ;ם;ע;ה;י;צ;ח;ו;ה;י;ר;ח;א;(37, 12, 38, 27, 19761)
(37, 12, 38, 66, 19800);ה;ד;ע;ו;ם;י;ר;ו;נ;ת;ה;ל;ד;ג;מ;ל;ל;ע;מ;ה;(37, 12, 38, 47, 19781)
(37, 12, 39, 11, 19820);ר;פ;א;ר;ע;ש;ל;ל;ע;מ;ו;ה;ב;ח;ר;ה;ה;מ;ו;ח;(37, 12, 38, 67, 19801)
(37, 12, 39, 31, 19840);ה;ר;ע;ש;ל;ע;ו;ה;נ;ש;י;ה;ר;ע;ש;ל;ע;ו;ם;י;(37, 12, 39, 12, 19821)
(37, 12, 39, 51, 19860);ה;ל;ד;ג;מ;ו;ל;א;נ;נ;ח;ל;ד;ג;מ;ו;ם;י;ג;ד;(37, 12, 39, 32, 19841)
(37, 12, 39, 71, 19880);ש;ב;ו;ד;מ;ע;ו;ן;א;צ;ה;ר;ע;ש;ד;ע;ו;ה;א;מ;(37, 12, 39, 52, 19861)
(37, 12, 40, 13, 19900);ו;ת;ה;י;ת;ש;ה;נ;ד;מ;ע;ת;ו;ה;ר;ט;מ;ה;ר;ע;(37, 12, 39, 72, 19881)
(37, 12, 40, 33, 19920);י;צ;ח;ו;י;נ;א;ו;ם;י;ה;ל;א;ה;ת;י;ב;ב;ת;ד;(37, 12, 40, 14, 19901)
(37, 12, 41, 11, 19940);ק;י;ל;א;ם;י;נ;ה;כ;ה;ו;י;מ;ע;ם;י;נ;ג;ס;ה;(37, 12, 40, 34, 19921)
(37, 12, 41, 31, 19960);ל;א;ה;י;כ;י;מ;ן;י;מ;י;נ;מ;ה;י;ש;ע;מ;ם;י;(37, 12, 41, 12, 19941)
(37, 12, 41, 51, 19980);צ;צ;ח;ב;ה;י;נ;נ;ח;ה;י;ר;כ;ז;י;נ;י;ע;ו;י;(37, 12, 41, 32, 19961)
(37, 12, 42, 17, 20000);ז;ע;ל;א;ו;ה;י;ע;מ;ש;ו;ה;י;ש;ע;מ;ו;ת;ו;ר;(37, 12, 41, 52, 19981)
(37, 12, 42, 37, 20020);ע;ו;ה;י;כ;ל;מ;ו;ן;נ;ח;ו;ה;י;ו;י;ז;ע;ו;ר;(37, 12, 42, 18, 20001)
(37, 12, 42, 57, 20040);י;ר;ר;ש;מ;ה;ו;ע;י;מ;ש;י;ו;ר;ז;ע;ו;ם;ל;י;(37, 12, 42, 38, 20021)
(37, 12, 43, 7, 20060);ב;ו;ח;ב;ז;י;ו;ד;י;ק;פ;ה;ה;י;ח;ר;ז;י;ו;ם;(37, 12, 42, 58, 20041)
(37, 12, 43, 27, 20080);י;ו;ם;י;ל;ו;ד;ג;ם;י;ח;ב;ז;א;ו;ה;ה;ם;ו;י;(37, 12, 43, 8, 20061)
(37, 12, 43, 47, 20100);ה;ח;מ;ש;ם;ח;מ;ש;ם;י;ה;ל;א;ה;י;כ;ו;ח;מ;ש;(37, 12, 43, 28, 20081)
(37, 12, 43, 67, 20120);ם;י;ד;ל;י;ה;ו;ם;י;ש;נ;ה;ם;ג;ו;ה;ל;ו;ד;ג;(37, 12, 43, 48, 20101)
(37, 12, 43, 87, 20140);מ;ם;ל;ש;ו;ר;י;ת;ח;מ;ש;ע;מ;ש;ת;ו;ו;ח;מ;ש;(37, 12, 43, 68, 20121)
(37, 12, 44, 16, 20160);נ;א;א;ו;ה;ה;ם;ו;י;ב;ו;ד;ק;פ;י;ו;ק;ו;ח;ר;(37, 12, 43, 88, 20141)
(37, 12, 44, 36, 20180);ת;ל;ת;ו;ר;צ;ו;א;ל;ת;ו;כ;ש;נ;ה;ל;ע;ם;י;ש;(37, 12, 44, 17, 20161)
(37, 12, 44, 56, 20200);ל;ת;ו;ר;ש;ע;מ;ל;ו;ת;י;ש;א;ר;ל;ת;ו;מ;ו;ר;(37, 12, 44, 37, 20181)
(37, 12, 44, 76, 20220);ו;א;נ;מ;ם;י;ר;ע;ה;י;ד;ש;ל;ם;ה;ב;ס;ו;נ;כ;(37, 12, 44, 57, 20201)
(37, 12, 44, 96, 20240);י;כ;ם;י;ו;ל;ל;ו;ם;י;נ;ה;כ;ל;ה;ר;ו;ת;ה;ת;(37, 12, 44, 77, 20221)
(37, 12, 44, 116, 20260);ל;ע;ו;ם;י;נ;ה;כ;ה;ל;ע;ה;ד;ו;ה;י;ת;ח;מ;ש;(37, 12, 44, 97, 20241)
(37, 12, 45, 9, 20280);מ;ש;מ;ו;ר;מ;ש;י;ו;ם;י;ד;מ;ע;ה;ם;י;ו;ל;ה;(37, 12, 44, 117, 20261)
(37, 12, 45, 29, 20300);ו;ה;ר;ה;ט;ה;ת;ר;מ;ש;מ;ו;ם;ה;י;ה;ל;א;ת;ר;(37, 12, 45, 10, 20281)
(37, 12, 45, 49, 20320);ד;ת;ו;צ;מ;כ;ם;י;ר;ע;ש;ה;ו;ם;י;ר;ר;ש;מ;ה;(37, 12, 45, 30, 20301)
(37, 12, 46, 10, 20340);ד;י;ו;ד;י;מ;י;ב;י;כ;ו;נ;ב;ה;מ;ל;ש;ד;י;ו;(37, 12, 45, 50, 20321)
(37, 12, 46, 30, 20360);ש;ו;ם;י;ר;ר;ש;מ;ה;ש;א;ר;ם;ד;ק;מ;ף;ס;א;ו;(37, 12, 46, 11, 20341)
(37, 12, 47, 3, 20380);ל;כ;ו;ם;י;ה;ל;א;ל;ת;ו;ד;ה;ו;ה;ל;ה;ת;ר;י;(37, 12, 46, 31, 20361)
(37, 12, 47, 23, 20400);נ;י;מ;י;ב;ו;ל;ב;ב;ר;ז;י;מ;י;ב;ל;א;ר;ש;י;(37, 12, 47, 4, 20381)
(37, 12, 47, 43, 20420);י;ר;ר;ש;מ;ה;ת;ו;י;נ;מ;ם;י;נ;ת;נ;ה;י;מ;ח;(37, 12, 47, 24, 20401)
(37, 12, 47, 63, 20440);ו;ו;מ;ו;י;ב;ם;ו;י;ר;ב;ד;ם;י;ר;ע;ש;ה;ו;ם;(37, 12, 47, 44, 20421)
(37, 12, 47, 83, 20460);ד;ק;מ;ם;י;ו;ל;ה;ו;ם;י;ו;ל;ל;ם;י;ש;ד;ק;מ;(37, 12, 47, 64, 20441)
(37, 13, 1, 9, 20480);נ;א;ו;ה;ה;ם;ו;י;ב;ן;ר;ה;א;י;נ;ב;ל;ם;י;ש;(37, 12, 47, 84, 20461)
(37, 13, 1, 29, 20500);נ;ו;ם;ע;ה;י;נ;ז;א;ב;ה;ש;מ;ר;פ;ס;ב;א;ר;ק;(37, 13, 1, 10, 20481)
(37, 13, 1, 49, 20520);מ;ע;א;ו;ב;י;א;ל;ר;ש;א;ו;ב;ב;ו;ת;כ;א;צ;מ;(37, 13, 1, 30, 20501)
(37, 13, 1, 69, 20540);ד;ע;ם;י;ה;ל;א;ה;ל;ה;ק;ב;י;ב;א;ו;מ;ו;י;נ;(37, 13, 1, 50, 20521)
(37, 13, 2, 16, 20560);ר;ש;י;י;נ;ב;ת;א;ו;מ;ד;ק;א;ל;י;כ;ם;ל;ו;ע;(37, 13, 1, 70, 20541)
(37, 13, 2, 36, 20580);ו;י;ל;ע;ר;כ;ש;י;ו;ם;י;מ;ב;ו;ם;ח;ל;ב;ל;א;(37, 13, 2, 17, 20561)
(37, 13, 2, 56, 20600);י;ה;ל;א;ך;פ;ה;י;ו;ו;ל;ל;ק;ל;ם;ע;ל;ב;ת;א;(37, 13, 2, 37, 20581)
(37, 13, 3, 8, 20620);ע;מ;ש;כ;י;ה;י;ו;ה;כ;ר;ב;ל;ה;ל;ל;ק;ה;ו;נ;(37, 13, 2, 57, 20601)
(37, 13, 3, 28, 20640);ב;ר;ע;ל;כ;ו;ל;י;ד;ב;י;ו;ה;ר;ו;ת;ה;ת;א;ם;(37, 13, 3, 9, 20621)
(37, 13, 4, 14, 20660);ב;י;ש;י;ל;א;ה;ז;מ;י;נ;פ;ל;ו;ל;א;ר;ש;י;מ;(37, 13, 3, 29, 20641)
(37, 13, 4, 34, 20680);י;ה;ל;א;ת;י;ב;ת;כ;ש;ל;ב;ן;ו;ת;נ;ן;ה;כ;ה;(37, 13, 4, 15, 20661)
(37, 13, 5, 8, 20700);ש;ל;ו;ל;ש;ע;י;ו;ה;י;ב;ו;ט;ל;ב;ו;ר;ק;ו;נ;(37, 13, 4, 35, 20681)
(37, 13, 5, 28, 20720);ת;נ;ם;י;נ;פ;ל;ו;י;ה;ם;ש;ו;ה;ל;ו;ד;ג;ה;כ;(37, 13, 5, 9, 20701)
(37, 13, 5, 48, 20740);ל;כ;ה;ו;ה;נ;ו;ב;ל;ה;ה;ח;נ;מ;ה;ת;א;ם;י;נ;(37, 13, 5, 29, 20721)
(37, 13, 5, 68, 20760);י;ה;ו;ש;ו;ר;י;ת;ה;ן;ג;ד;ה;ר;ש;ע;מ;ו;ם;י;(37, 13, 5, 49, 20741)
(37, 13, 5, 88, 20780);ם;י;ר;ר;ש;מ;ה;ו;ם;י;ו;ל;ה;ת;ו;צ;מ;ר;ה;צ;(37, 13, 5, 69, 20761)
(37, 13, 5, 108, 20800);ם;י;נ;ה;כ;ה;ת;מ;ו;ר;ת;ו;ם;י;ר;ע;ו;ש;ה;ו;(37, 13, 5, 89, 20781)
(37, 13, 6, 20, 20820);ם;ל;ש;ו;ר;י;ב;י;ת;י;י;ה;א;ל;ה;ז;ל;כ;ב;ו;(37, 13, 6, 1, 20801)
(37, 13, 6, 40, 20840);ת;ר;א;ל;ם;י;ת;ש;ו;ם;י;ש;ל;ש;ת;נ;ש;ב;י;כ;(37, 13, 6, 21, 20821)
(37, 13, 6, 60, 20860);ל;מ;ה;ל;א;י;ת;א;ב;ל;ב;ב;ך;ל;מ;א;ת;ס;ש;ח;(37, 13, 6, 41, 20841)
(37, 13, 6, 80, 20880);ל;מ;ה;ן;מ;י;ת;ל;א;ש;נ;ם;י;מ;י;ץ;ק;ל;ו;ך;(37, 13, 6, 61, 20861)
(37, 13, 7, 19, 20900);ב;ה;נ;י;ב;א;ו;ם;ל;ש;ו;ר;י;ל;א;ו;ב;א;ו;ך;(37, 13, 6, 81, 20881)
(37, 13, 7, 39, 20920);י;ב;ו;ט;ל;ב;י;ש;י;ל;א;ה;ש;ע;ר;ש;א;ה;ע;ר;(37, 13, 7, 20, 20901)
(37, 13, 7, 59, 20940);ת;י;ב;י;ר;צ;ח;ב;ה;כ;ש;נ;ו;ל;ת;ו;ש;ע;ל;ה;(37, 13, 7, 40, 20921)
(37, 13, 8, 14, 20960);י;ל;ש;א;ו;ד;א;מ;י;ל;ע;ר;י;ו;ם;י;ה;ל;א;ה;(37, 13, 7, 60, 20941)
(37, 13, 8, 34, 20980);ו;ח;ה;ה;י;ב;ו;ט;ת;י;ב;י;ל;כ;ל;כ;ת;א;ה;כ;(37, 13, 8, 15, 20961)
(37, 13, 9, 12, 21000);ה;ו;ר;ה;ט;י;ו;ה;ר;מ;א;ו;ה;כ;ש;ל;ה;ן;מ;ץ;(37, 13, 8, 35, 20981)
(37, 13, 9, 32, 21020);ה;ת;י;ב;י;ל;כ;ם;ש;ה;ב;י;ש;א;ו;ת;ו;כ;ש;ל;(37, 13, 9, 13, 21001)
(37, 13, 10, 1, 21040);ו;ה;נ;ו;ב;ל;ה;ו;ה;ח;נ;מ;ה;ת;א;ם;י;ה;ל;א;(37, 13, 9, 33, 21021)
(37, 13, 10, 21, 21060);ת;נ;א;ל;ם;י;ו;ל;ה;ת;ו;י;נ;מ;י;כ;ה;ע;ד;א;(37, 13, 10, 2, 21041)
(37, 13, 10, 41, 21080);י;ו;ל;ה;ו;ה;ד;ש;ל;ש;י;א;ו;ח;ר;ב;י;ו;ה;נ;(37, 13, 10, 22, 21061)
(37, 13, 11, 2, 21100);א;ו;ה;כ;א;ל;מ;ה;י;ש;ע;ם;י;ר;ר;ש;מ;ה;ו;ם;(37, 13, 10, 42, 21081)
(37, 13, 11, 22, 21120);ו;ד;מ;ה;ר;מ;א;ו;ם;י;נ;ג;ס;ה;ת;א;ה;ב;י;ר;(37, 13, 11, 3, 21101)
(37, 13, 11, 42, 21140);ם;צ;ב;ק;א;ו;ם;י;ה;ל;א;ה;ת;י;ב;ב;ז;ע;נ;ע;(37, 13, 11, 23, 21121)
(37, 13, 12, 8, 21160);ה;ד;ו;ה;י;ל;כ;ו;ם;ד;מ;ע;ל;ע;ם;ד;מ;ע;א;ו;(37, 13, 11, 43, 21141)
(37, 13, 12, 28, 21180);ש;ו;ר;י;ת;ה;ו;ן;ג;ד;ה;ר;ש;ע;מ;ו;א;י;ב;ה;(37, 13, 12, 9, 21161)
(37, 13, 13, 7, 21200);ע;ה;ר;צ;ו;א;ו;ת;ו;ר;צ;ו;א;ל;ר;ה;צ;י;ה;ו;(37, 13, 12, 29, 21181)
(37, 13, 13, 27, 21220);ו;ד;צ;ו;ן;ה;כ;ה;ה;י;מ;ל;ש;ת;ו;ר;צ;ו;א;ל;(37, 13, 13, 8, 21201)
(37, 13, 13, 47, 21240);ע;ו;ם;י;ו;ל;ה;ן;מ;ה;י;ד;פ;ו;ר;פ;ו;ס;ה;ק;(37, 13, 13, 28, 21221)
(37, 13, 13, 67, 21260);ה;י;נ;ת;מ;ן;ב;ר;ו;כ;ז;ן;ב;ן;נ;ח;ם;ד;י;ל;(37, 13, 13, 48, 21241)
(37, 13, 13, 87, 21280);ל;ם;ה;י;ל;ע;ו;ו;ב;ש;ח;נ;ם;י;נ;מ;א;נ;י;כ;(37, 13, 13, 68, 21261)
(37, 13, 14, 11, 21300);ע;י;ה;ל;א;י;ל;ה;ר;כ;ז;ם;ה;י;ח;א;ל;ק;ל;ח;(37, 13, 13, 88, 21281)
(37, 13, 14, 31, 21320);י;ש;ע;ר;ש;א;י;ד;ס;ח;ח;מ;ת;ל;א;ו;ת;א;ז;ל;(37, 13, 14, 12, 21301)
(37, 13, 15, 2, 21340);י;ב;ו;י;ר;מ;ש;מ;ב;ו;י;ה;ל;א;ת;י;ב;ב;י;ת;(37, 13, 14, 32, 21321)
(37, 13, 15, 22, 21360);ר;ד;ה;ד;ו;ה;י;ב;י;ת;י;א;ר;ה;מ;ה;ה;ם;י;מ;(37, 13, 15, 3, 21341)
(37, 13, 15, 42, 21380);ע;ה;ם;י;א;י;ב;מ;ו;ת;ב;ש;ב;ת;ו;ת;ג;ם;י;כ;(37, 13, 15, 23, 21361)
(37, 13, 15, 62, 21400);א;ו;ם;י;ר;מ;ח;ה;ל;ע;ם;י;ס;מ;ע;ו;ת;ו;מ;ר;(37, 13, 15, 43, 21381)
(37, 13, 15, 82, 21420);ש;מ;ל;כ;ו;ם;י;נ;א;ת;ו;ם;י;ב;נ;ע;ן;י;י;ף;(37, 13, 15, 63, 21401)
(37, 13, 15, 102, 21440);ש;ה;ם;ו;י;ב;ם;ל;ש;ו;ר;י;ם;י;א;י;ב;מ;ו;א;(37, 13, 15, 83, 21421)
(37, 13, 16, 2, 21460);ה;ו;ד;י;צ;ם;ר;כ;מ;ם;ו;י;ב;ד;י;ע;א;ו;ת;ב;(37, 13, 15, 103, 21441)
(37, 13, 16, 22, 21480);ו;ג;א;ד;ם;י;א;י;ב;מ;ה;ב;ו;ב;ש;י;ם;י;ר;צ;(37, 13, 16, 3, 21461)
(37, 13, 16, 42, 21500);י;נ;ב;ל;ת;ב;ש;ב;ם;י;ר;כ;ו;מ;ו;ר;כ;מ;ל;כ;(37, 13, 16, 23, 21481)
(37, 13, 17, 7, 21520);א;ה;ב;י;ר;א;ו;ם;ל;ש;ו;ר;י;ב;ו;ה;ד;ו;ה;י;(37, 13, 16, 43, 21501)
(37, 13, 17, 27, 21540);ה;ה;מ;ם;ה;ל;ה;ר;מ;א;ו;ה;ד;ו;ה;י;י;ר;ח;ת;(37, 13, 17, 8, 21521)
(37, 13, 17, 47, 21560);ו;ם;י;ש;ע;ם;ת;א;ר;ש;א;ה;ז;ה;ע;ר;ה;ר;ב;ד;(37, 13, 17, 28, 21541)
(37, 13, 18, 5, 21580);כ;א;ו;ל;ה;ת;ב;ש;ה;ם;ו;י;ת;א;ם;י;ל;ל;ח;מ;(37, 13, 17, 48, 21561)
(37, 13, 18, 25, 21600);ו;נ;י;ה;ל;א;א;ב;י;ו;ם;כ;י;ת;ב;א;ו;ש;ע;ה;(37, 13, 18, 6, 21581)
(37, 13, 18, 45, 21620);ל;ע;ו;ת;א;ז;ה;ה;ע;ר;ה;ל;כ;ת;א;ו;נ;י;ל;ע;(37, 13, 18, 26, 21601)
(37, 13, 18, 65, 21640);ח;ם;י;פ;י;ס;ו;מ;ם;ת;א;ו;ת;א;ז;ה;ר;י;ע;ה;(37, 13, 18, 46, 21621)
(37, 13, 18, 85, 21660);ת;ב;ש;ה;ת;א;ל;ל;ח;ל;ל;א;ר;ש;י;ל;ע;ן;ו;ר;(37, 13, 18, 66, 21641)
(37, 13, 19, 20, 21680);ש;ו;ר;י;י;ר;ע;ש;ו;ל;ל;צ;ר;ש;א;כ;י;ה;י;ו;(37, 13, 19, 1, 21661)
(37, 13, 19, 40, 21700);ר;ג;ס;י;ו;ה;ר;מ;א;ו;ת;ב;ש;ה;י;נ;פ;ל;ם;ל;(37, 13, 19, 21, 21681)
(37, 13, 19, 60, 21720);ת;פ;י;א;ל;ר;ש;א;ה;ר;מ;א;ו;ת;ו;ת;ל;ד;ה;ו;(37, 13, 19, 41, 21701)
(37, 13, 19, 80, 21740);ע;ה;י;ר;ע;נ;מ;ו;ת;ב;ש;ה;ר;ח;א;ד;ע;ם;ו;ח;(37, 13, 19, 61, 21721)
(37, 13, 19, 100, 21760);ש;מ;א;ו;ב;י;א;ל;ם;י;ר;ע;ש;ה;ל;ע;י;ת;ד;מ;(37, 13, 19, 81, 21741)
(37, 13, 20, 11, 21780);י;ל;כ;ר;ה;ו;נ;י;ל;י;ו;ת;ב;ש;ה;ם;ו;י;ב;א;(37, 13, 19, 101, 21761)
(37, 13, 20, 31, 21800);ו;ר;י;ל;ץ;ו;ח;מ;ר;כ;מ;מ;ל;כ;י;ר;כ;מ;ו;ם;(37, 13, 20, 12, 21781)
(37, 13, 21, 9, 21820);ם;ה;ב;ה;ד;י;ע;א;ו;ם;י;ת;ש;ו;ם;ע;פ;ם;ל;ש;(37, 13, 20, 32, 21801)
(37, 13, 21, 29, 21840);י;נ;ל;ם;ת;א;ע;ו;ד;מ;ם;ה;י;ל;א;ה;ר;מ;א;ו;(37, 13, 21, 10, 21821)
(37, 13, 21, 49, 21860);ל;ש;א;ד;י;ו;נ;ש;ת;ם;א;ה;מ;ו;ח;ה;ד;ג;נ;ם;(37, 13, 21, 30, 21841)
(37, 13, 21, 69, 21880);ש;ב;ו;א;ב;א;ל;א;י;ה;ה;ת;ע;ה;ן;מ;ם;כ;ב;ח;(37, 13, 21, 50, 21861)
(37, 13, 22, 18, 21900);מ;ו;י;ה;י;ר;ש;א;ם;י;ו;ל;ל;ה;ר;מ;א;ו;ת;ב;(37, 13, 21, 70, 21881)
(37, 13, 22, 38, 21920);י;ר;ע;ש;ה;ם;י;ר;מ;ש;ם;י;א;ב;ו;ם;י;ר;ה;ט;(37, 13, 22, 19, 21901)
(37, 13, 22, 58, 21940);ז;ת;א;ז;ם;ג;ת;ב;ש;ה;ם;ו;י;ת;א;ש;ד;ק;ל;ם;(37, 13, 22, 39, 21921)
(37, 13, 22, 78, 21960);ב;ר;כ;י;ל;ע;ה;ס;ו;ח;ו;י;ה;ל;א;י;ל;ה;ר;כ;(37, 13, 22, 59, 21941)
(37, 13, 23, 16, 21980);א;י;ת;י;א;ר;ם;ה;ה;ם;י;מ;י;ב;ם;ג;ך;ד;ס;ח;(37, 13, 22, 79, 21961)
(37, 13, 23, 36, 22000);ד;ש;א;ם;י;ש;נ;ו;ב;י;ש;ה;ם;י;ד;ו;ה;י;ה;ת;(37, 13, 23, 17, 21981)
(37, 13, 24, 1, 22020);ו;ת;ו;י;ב;א;ו;מ;ת;ו;י;נ;ו;מ;ע;ת;ו;י;ד;ו;(37, 13, 23, 37, 22001)
(37, 13, 24, 21, 22040);ו;ת;י;ד;ו;ד;ש;א;ר;ב;ד;מ;י;צ;ח;ם;ה;י;נ;ב;(37, 13, 24, 2, 22021)
(37, 13, 24, 41, 22060);ת;י;ד;ו;ה;י;ר;ב;ד;ל;ם;י;ר;י;כ;מ;ם;נ;י;א;(37, 13, 24, 22, 22041)
(37, 13, 25, 9, 22080);ו;ם;מ;ע;ב;י;ר;א;ו;ם;ע;ו;ם;ע;ן;ו;ש;ל;כ;ו;(37, 13, 24, 42, 22061)
(37, 13, 25, 29, 22100);מ;א;ו;ם;י;ש;נ;א;ם;ה;מ;ה;כ;א;ו;ם;ל;ל;ק;א;(37, 13, 25, 10, 22081)
(37, 13, 25, 49, 22120);ת;ת;ם;א;ם;י;ה;ל;א;ב;ם;ע;י;ב;ש;א;ו;ם;ט;ר;(37, 13, 25, 30, 22101)
(37, 13, 25, 69, 22140);א;ש;ת;ם;א;ו;ם;ה;י;נ;ב;ל;ם;כ;י;ת;נ;ב;ו;נ;(37, 13, 25, 50, 22121)
(37, 13, 26, 2, 22160);ל;ה;ם;כ;ל;ו;ם;כ;י;נ;ב;ל;ם;ה;י;ת;נ;ב;מ;ו;(37, 13, 25, 70, 22141)
(37, 13, 26, 22, 22180);ר;ש;י;ך;ל;מ;ה;מ;ל;ש;א;ט;ח;ה;ל;א;ל;ע;א;ו;(37, 13, 26, 3, 22161)
(37, 13, 26, 42, 22200);ל;מ;ה;י;ה;א;ל;ם;י;ב;ר;ה;ם;י;ו;ג;ב;ו;ל;א;(37, 13, 26, 23, 22181)
(37, 13, 26, 62, 22220);ו;ה;י;ה;ו;י;ה;ל;א;ל;ב;ו;ה;א;ו;ו;ה;מ;כ;ך;(37, 13, 26, 43, 22201)
(37, 13, 26, 82, 22240);ר;ש;י;ל;כ;ל;ע;ך;ל;מ;ם;י;ה;ל;א;ו;ה;נ;ת;י;(37, 13, 26, 63, 22221)
(37, 13, 26, 102, 22260);ה;ם;י;ש;נ;ה;ו;א;י;ט;ח;ה;ו;ת;ו;א;ם;ג;ל;א;(37, 13, 26, 83, 22241)
(37, 13, 27, 14, 22280);א;ת;ש;ע;ל;ע;מ;ש;נ;ה;ם;כ;ל;ו;ת;ו;י;ר;כ;נ;(37, 13, 26, 103, 22261)
(37, 13, 27, 34, 22300);ע;מ;ל;ת;א;ז;ה;ה;ל;ו;ד;ג;ה;ה;ע;ר;ה;ל;כ;ת;(37, 13, 27, 15, 22281)
(37, 13, 27, 54, 22320);ר;כ;נ;ם;י;ש;נ;ב;י;ש;ה;ל;ו;נ;י;ה;ל;א;ב;ל;(37, 13, 27, 35, 22301)
(37, 13, 28, 17, 22340);י;ש;י;ל;א;ן;ב;ע;ד;י;ו;י;י;נ;ב;מ;ו;ת;ו;י;(37, 13, 27, 55, 22321)
(37, 13, 28, 37, 22360);ה;ט;ל;ב;נ;ס;ל;ן;ת;ח;ל;ו;ד;ג;ה;ן;ה;כ;ה;ב;(37, 13, 28, 18, 22341)
(37, 13, 29, 4, 22380);ה;ר;כ;ז;י;ל;ע;מ;ו;ה;ח;י;ר;ב;א;ו;י;נ;ר;ח;(37, 13, 28, 38, 22361)
(37, 13, 29, 24, 22400);ב;ו;ה;נ;ה;כ;ה;י;ל;א;ג;ל;ע;י;ה;ל;א;ם;ה;ל;(37, 13, 29, 5, 22381)
(37, 13, 30, 6, 22420);י;ת;ר;ה;ט;ו;ם;י;ו;ל;ה;ו;ה;נ;ה;כ;ה;ת;י;ר;(37, 13, 29, 25, 22401)
(37, 13, 30, 26, 22440);ת;ו;ר;מ;ש;מ;ה;ד;י;מ;ע;א;ו;ר;כ;נ;ל;כ;מ;ם;(37, 13, 30, 7, 22421)
(37, 13, 30, 46, 22460);כ;א;ל;מ;ב;ש;י;א;ם;י;ו;ל;ל;ו;ם;י;נ;ה;כ;ל;(37, 13, 30, 27, 22441)
(37, 13, 31, 18, 22480);ז;מ;ם;י;ת;ע;ב;ם;י;צ;ע;ה;ן;ב;ר;ק;ל;ו;ו;ת;(37, 13, 30, 47, 22461)
(37, 13, 31, 38, 22500);ל;א;י;ל;ה;ר;כ;ז;ם;י;ר;ו;כ;ב;ל;ו;ת;ו;נ;מ;(37, 13, 31, 19, 22481)
(37, 13, 31, 45, 22507); ; ; ; ; ; ; ; ; ; ; ; ; ;ה;ב;ו;ט;ל;י;ה;(37, 13, 31, 39, 22501)
