(36, 1, 1, 20, 20);ל;ס;ר;פ;ך;ל;מ;ש;ר;ו;כ;ל;ת;ח;א;ת;נ;ש;ב;ו;(36, 1, 1, 1, 1)
(36, 1, 1, 40, 40);ה;ה;י;מ;ר;י;י;פ;מ;ה;ו;ה;י;ר;ב;ד;ת;ו;ל;כ;(36, 1, 1, 21, 21)
(36, 1, 1, 60, 60);ר;פ;ך;ל;מ;ש;ר;כ;ח;ו;ר;ת;א;ה;ו;ה;י;ר;י;ע;(36, 1, 1, 41, 41)
(36, 1, 1, 80, 80);ג;ו;ו;ת;ו;כ;ל;מ;ל;כ;ב;ל;ו;ק;ר;ב;ע;י;ו;ס;(36, 1, 1, 61, 61)
(36, 1, 2, 10, 100);ל;מ;ש;ר;כ;ר;מ;א;ה;כ;ר;מ;א;ל;ב;ת;כ;מ;ב;ם;(36, 1, 1, 81, 81)
(36, 1, 2, 30, 120);ל;ן;ת;נ;ץ;ר;א;ה;ת;ו;כ;ל;מ;מ;ל;כ;ס;ר;פ;ך;(36, 1, 2, 11, 101)
(36, 1, 2, 50, 140);ק;פ;א;ו;ה;ו;ם;י;מ;ש;ה;י;ה;ל;א;ה;ו;ה;י;י;(36, 1, 2, 31, 121)
(36, 1, 2, 70, 160);ל;ש;ו;ר;י;ב;ת;י;ב;ו;ל;ת;ו;נ;ב;ל;י;ל;ע;ד;(36, 1, 2, 51, 141)
(36, 1, 3, 10, 180);מ;ע;ל;כ;מ;ם;כ;ב;י;מ;ה;ד;ו;ה;י;ב;ר;ש;א;ם;(36, 1, 2, 71, 161)
(36, 1, 3, 30, 200);ו;ר;י;ל;ל;ע;י;ו;ו;מ;ע;ו;י;ה;ל;א;י;ה;י;ו;(36, 1, 3, 11, 181)
(36, 1, 3, 50, 220);י;ב;ת;א;ן;ב;י;ו;ה;ד;ו;ה;י;ב;ר;ש;א;ם;ל;ש;(36, 1, 3, 31, 201)
(36, 1, 3, 70, 240);ל;א;ה;א;ו;ה;ל;א;ר;ש;י;י;ה;ל;א;ה;ו;ה;י;ת;(36, 1, 3, 51, 221)
(36, 1, 4, 7, 260);א;ש;נ;ה;ל;כ;ו;ם;ל;ש;ו;ר;י;ב;ר;ש;א;ם;י;ה;(36, 1, 3, 71, 241)
(36, 1, 4, 27, 280);ם;ש;ר;ג;א;ו;ה;ר;ש;א;ת;ו;מ;ק;מ;ה;ל;כ;מ;ר;(36, 1, 4, 8, 261)
(36, 1, 4, 47, 300);ו;ף;ס;כ;ב;ו;מ;ק;מ;י;ש;נ;א;ו;ה;ו;א;ש;נ;י;(36, 1, 4, 28, 281)
(36, 1, 4, 67, 320);נ;ה;ם;ע;ה;מ;ה;ב;ב;ו;ש;ו;כ;ר;ב;ו;ב;ה;ז;ב;(36, 1, 4, 48, 301)
(36, 1, 4, 87, 340);ו;ר;י;ב;ר;ש;א;ם;י;ה;ל;א;ה;ת;י;ב;ל;ה;ב;ד;(36, 1, 4, 68, 321)
(36, 1, 5, 17, 360);י;ל;ת;ו;ב;א;ה;י;ש;א;ר;ו;מ;ו;ק;י;ו;ם;ל;ש;(36, 1, 4, 88, 341)
(36, 1, 5, 37, 380);ל;ה;ו;ם;י;נ;ה;כ;ה;ו;ן;מ;י;נ;ב;ו;ה;ד;ו;ה;(36, 1, 5, 18, 361)
(36, 1, 5, 57, 400);ו;ר;ת;א;ם;י;ה;ל;א;ה;ר;י;ע;ה;ל;כ;ל;ם;י;ו;(36, 1, 5, 38, 381)
(36, 1, 5, 77, 420);ו;ה;י;ת;י;ב;ת;א;ת;ו;נ;ב;ל;ת;ו;ל;ע;ל;ו;ח;(36, 1, 5, 58, 401)
(36, 1, 6, 9, 440);י;ת;ב;י;ב;ס;ל;כ;ו;ם;ל;ש;ו;ר;י;ב;ר;ש;א;ה;(36, 1, 5, 78, 421)
(36, 1, 6, 29, 460);ב;ף;ס;כ;י;ל;כ;ב;ם;ה;י;ד;י;ב;ו;ק;ז;ח;ם;ה;(36, 1, 6, 10, 441)
(36, 1, 6, 49, 480);נ;ד;ג;מ;ב;ו;ה;מ;ה;ב;ב;ו;ש;ו;כ;ר;ב;ב;ה;ז;(36, 1, 6, 30, 461)
(36, 1, 7, 6, 500);כ;ך;ל;מ;ה;ו;ב;ד;נ;ת;ה;ל;כ;ל;ע;ד;ב;ל;ת;ו;(36, 1, 6, 50, 481)
(36, 1, 7, 26, 520);ה;ו;ה;י;ת;י;ב;י;ל;כ;ת;א;א;י;צ;ו;ה;ש;ר;ו;(36, 1, 7, 7, 501)
(36, 1, 7, 46, 540);ו;ר;י;מ;ר;צ;נ;ד;כ;ו;ב;נ;א;י;צ;ו;ה;ר;ש;א;(36, 1, 7, 27, 521)
(36, 1, 8, 3, 560);ו;י;ו;ו;י;ה;ל;א;ת;י;ב;ב;ם;נ;ת;י;ו;ם;ל;ש;(36, 1, 7, 47, 541)
(36, 1, 8, 23, 580);ת;מ;ד;י;ל;ע;ס;ר;פ;ך;ל;מ;ש;ר;ו;כ;ם;א;י;צ;(36, 1, 8, 4, 561)
(36, 1, 8, 43, 600);ר;צ;ב;ש;ש;ל;ם;ר;פ;ס;י;ו;ר;ב;ז;ג;ה;ת;ד;ר;(36, 1, 8, 24, 581)
(36, 1, 9, 9, 620);ם;ר;פ;ס;מ;ה;ל;א;ו;ה;ד;ו;ה;י;ל;א;י;ש;נ;ה;(36, 1, 8, 44, 601)
(36, 1, 9, 29, 640);י;ל;ט;ר;ג;א;ם;י;ש;ל;ש;ב;ה;ז;י;ל;ט;ר;ג;א;(36, 1, 9, 10, 621)
(36, 1, 9, 49, 660);ר;ש;ע;ו;ה;ע;ש;ת;ם;י;פ;ל;ח;מ;ף;ל;א;ף;ס;כ;(36, 1, 9, 30, 641)
(36, 1, 10, 18, 680);י;ר;ו;פ;כ;ם;י;ש;ל;ש;ב;ה;ז;י;ר;ו;פ;כ;ם;י;(36, 1, 9, 50, 661)
(36, 1, 10, 38, 700);ר;ש;ע;ו;ת;ו;א;מ;ע;ב;ר;א;ם;י;נ;ש;מ;ף;ס;כ;(36, 1, 10, 19, 681)
(36, 1, 11, 7, 720);ל;ם;י;ל;כ;ל;כ;ף;ל;א;ם;י;ר;ח;א;ם;י;ל;כ;ה;(36, 1, 10, 39, 701)
(36, 1, 11, 27, 740);ר;א;ו;ם;י;פ;ל;א;ת;ש;מ;ח;ף;ס;כ;ל;ו;ב;ה;ז;(36, 1, 11, 8, 721)
(36, 1, 11, 47, 760);ם;ע;ר;צ;ב;ש;ש;ה;ל;ע;ה;ל;כ;ה;ת;ו;א;מ;ע;ב;(36, 1, 11, 28, 741)
(36, 1, 11, 67, 780);ל;ש;ו;ר;י;ל;ל;ב;ב;מ;ה;ל;ו;ג;ה;ת;ו;ל;ע;ה;(36, 1, 11, 48, 761)
(36, 2, 1, 19, 800);מ;ם;י;ל;ע;ה;ה;נ;י;ד;מ;ה;י;נ;ב;ה;ל;א;ו;ם;(36, 1, 11, 68, 781)
(36, 2, 1, 39, 820);ד;כ;ו;ב;נ;ה;ל;ג;ה;ר;ש;א;ה;ל;ו;ג;ה;י;ב;ש;(36, 2, 1, 20, 801)
(36, 2, 1, 59, 840);ו;ב;ו;ש;י;ו;ל;ב;ב;ל;ל;ב;ב;ך;ל;מ;ר;ו;צ;נ;(36, 2, 1, 40, 821)
(36, 2, 1, 79, 860);ר;י;ע;ל;ש;י;א;ה;ד;ו;ה;י;ו;ם;ל;ש;ו;ר;י;ל;(36, 2, 1, 60, 841)
(36, 2, 2, 19, 880);ח;נ;ע;ו;ש;י;ל;ב;ב;ר;ז;ם;ע;ו;א;ב;ר;ש;א;ו;(36, 2, 1, 80, 861)
(36, 2, 2, 39, 900);ש;ל;ב;י;כ;ד;ר;מ;ה;י;ל;ע;ר;ה;י;ר;ש;ה;י;מ;(36, 2, 2, 20, 881)
(36, 2, 2, 59, 920);פ;ס;מ;ה;נ;ע;ב;ם;ו;ח;ר;י;ו;ג;ב;ר;פ;ס;מ;ן;(36, 2, 2, 40, 901)
(36, 2, 3, 8, 940);א;ש;ע;ר;פ;י;נ;ב;ל;א;ר;ש;י;ם;ע;י;ש;נ;א;ר;(36, 2, 2, 60, 921)
(36, 2, 4, 3, 960);י;נ;ב;ם;י;נ;ש;ו;ם;י;ע;ב;ש;ה;א;מ;ם;י;פ;ל;(36, 2, 3, 9, 941)
(36, 2, 4, 23, 980);נ;ש;ו;ם;י;ע;ב;ש;ת;ו;א;מ;ש;ל;ש;ה;י;ט;פ;ש;(36, 2, 4, 4, 961)
(36, 2, 5, 18, 1000);ו;ה;ש;מ;ח;ת;ו;א;מ;ע;ב;ש;ח;ר;א;י;נ;ב;ם;י;(36, 2, 4, 24, 981)
(36, 2, 6, 15, 1020);י;י;נ;ב;ל;ב;א;ו;מ;ת;ח;פ;י;נ;ב;ם;י;ע;ב;ש;(36, 2, 5, 19, 1001)
(36, 2, 6, 35, 1040);ת;ו;א;מ;ה;נ;מ;ש;ם;י;פ;ל;א;ב;א;ו;י;ע;ו;ש;(36, 2, 6, 16, 1021)
(36, 2, 7, 12, 1060);א;מ;ף;ל;א;ם;ל;י;ע;י;נ;ב;ר;ש;ע;ם;י;נ;ש;ו;(36, 2, 6, 36, 1041)
(36, 2, 8, 6, 1080);ו;ת;ז;י;נ;ב;ה;ע;ב;ר;א;ו;ם;י;ש;מ;ח;ם;י;ת;(36, 2, 7, 13, 1061)
(36, 2, 8, 26, 1100);ה;ש;מ;ח;ו;ם;י;ע;ב;ר;א;ו;ת;ו;א;מ;ע;ש;ת;א;(36, 2, 8, 7, 1081)
(36, 2, 10, 2, 1120);נ;ב;ם;י;ש;ש;ו;ת;ו;א;מ;ע;ב;ש;י;כ;ז;י;נ;ב;(36, 2, 9, 1, 1101)
(36, 2, 10, 22, 1140);י;נ;ש;ו;ם;י;ע;ב;ר;א;ת;ו;א;מ;ש;ש;י;נ;ב;י;(36, 2, 10, 3, 1121)
(36, 2, 11, 19, 1160);ש;ו;ם;י;ר;ש;ע;ת;ו;א;מ;ש;ש;י;ב;ב;י;נ;ב;ם;(36, 2, 10, 23, 1141)
(36, 2, 12, 17, 1180);ש;ע;ם;י;ת;א;מ;ף;ל;א;ד;ג;ז;ע;י;נ;ב;ה;ש;ל;(36, 2, 11, 20, 1161)
(36, 2, 13, 12, 1200);מ;ש;ש;ם;ק;י;נ;ד;א;י;נ;ב;ם;י;נ;ש;ו;ם;י;ר;(36, 2, 12, 18, 1181)
(36, 2, 14, 9, 1220);ל;א;י;ו;ג;ב;י;נ;ב;ה;ש;ש;ו;ם;י;ש;ש;ת;ו;א;(36, 2, 13, 13, 1201)
(36, 2, 15, 8, 1240);א;ן;י;ד;ע;י;נ;ב;ה;ש;ש;ו;ם;י;ש;מ;ח;ם;י;פ;(36, 2, 14, 10, 1221)
(36, 2, 16, 2, 1260);נ;ב;ה;ע;ב;ר;א;ו;ם;י;ש;מ;ח;ת;ו;א;מ;ע;ב;ר;(36, 2, 15, 9, 1241)
(36, 2, 16, 22, 1280);נ;מ;ש;ו;ם;י;ע;ש;ת;ה;י;ק;ז;ח;י;ל;ר;ט;א;י;(36, 2, 16, 3, 1261)
(36, 2, 17, 19, 1300);ו;ם;י;ר;ש;ע;ת;ו;א;מ;ש;ל;ש;י;צ;ב;י;נ;ב;ה;(36, 2, 16, 23, 1281)
(36, 2, 18, 16, 1320);ע;ם;י;נ;ש;ו;ה;א;מ;ה;ר;ו;י;י;נ;ב;ה;ש;ל;ש;(36, 2, 17, 20, 1301)
(36, 2, 19, 18, 1340);ש;ו;ם;י;ר;ש;ע;ם;י;ת;א;מ;ם;ש;ח;י;נ;ב;ר;ש;(36, 2, 18, 17, 1321)
(36, 2, 21, 1, 1360);ב;ה;ש;מ;ח;ו;ם;י;ע;ש;ת;ר;ב;ג;י;נ;ב;ה;ש;ל;(36, 2, 19, 19, 1341)
(36, 2, 21, 21, 1380);ש;ל;ש;ו;ם;י;ר;ש;ע;ה;א;מ;ם;ח;ל;ת;י;ב;י;נ;(36, 2, 21, 2, 1361)
(36, 2, 23, 2, 1400);נ;א;ה;ש;ש;ו;ם;י;ש;מ;ח;ה;פ;ט;נ;י;ש;נ;א;ה;(36, 2, 21, 22, 1381)
(36, 2, 23, 22, 1420);ה;נ;מ;ש;ו;ם;י;ר;ש;ע;ה;א;מ;ת;ו;ת;נ;ע;י;ש;(36, 2, 23, 3, 1401)
(36, 2, 25, 1, 1440);ב;ם;י;נ;ש;ו;ם;י;ע;ב;ר;א;ת;ו;מ;ז;ע;י;נ;ב;(36, 2, 24, 1, 1421)
(36, 2, 25, 21, 1460);ו;ר;א;ב;ו;ה;ר;י;פ;כ;ם;י;ר;ע;ת;י;ר;ק;י;נ;(36, 2, 25, 2, 1441)
(36, 2, 25, 41, 1480);ה;ש;ל;ש;ו;ם;י;ע;ב;ר;א;ו;ת;ו;א;מ;ע;ב;ש;ת;(36, 2, 25, 22, 1461)
(36, 2, 26, 20, 1500);ר;ש;ע;ת;ו;א;מ;ש;ש;ע;ב;ג;ו;ה;מ;ר;ה;י;נ;ב;(36, 2, 26, 1, 1481)
(36, 2, 27, 14, 1520);ר;ש;ע;ה;א;מ;ס;מ;כ;מ;י;ש;נ;א;ד;ח;א;ו;ם;י;(36, 2, 26, 21, 1501)
(36, 2, 28, 13, 1540);י;ע;ה;ו;ל;א;ת;י;ב;י;ש;נ;א;ם;י;נ;ש;ו;ם;י;(36, 2, 27, 15, 1521)
(36, 2, 29, 5, 1560);ב;נ;י;נ;ב;ה;ש;ל;ש;ו;ם;י;ר;ש;ע;ם;י;ת;א;מ;(36, 2, 28, 14, 1541)
(36, 2, 30, 9, 1580);מ;ש;י;ב;ג;מ;י;נ;ב;ם;י;נ;ש;ו;ם;י;ש;מ;ח;ו;(36, 2, 29, 6, 1561)
(36, 2, 31, 9, 1600);ח;א;ם;ל;י;ע;י;נ;ב;ה;ש;ש;ו;ם;י;ש;מ;ח;ה;א;(36, 2, 30, 10, 1581)
(36, 2, 31, 29, 1620);ה;ע;ב;ר;א;ו;ם;י;ש;מ;ח;ם;י;ת;א;מ;ף;ל;א;ר;(36, 2, 31, 10, 1601)
(36, 2, 33, 1, 1640);ב;ם;י;ר;ש;ע;ו;ת;ו;א;מ;ש;ל;ש;ם;ר;ח;י;נ;ב;(36, 2, 32, 1, 1621)
(36, 2, 33, 21, 1660);ת;ו;א;מ;ע;ב;ש;ו;נ;ו;א;ו;ד;י;ד;ח;ד;ל;י;נ;(36, 2, 33, 2, 1641)
(36, 2, 34, 10, 1680);ש;ל;ש;ו;ח;ר;י;י;נ;ב;ה;ש;מ;ח;ו;ם;י;ר;ש;ע;(36, 2, 33, 22, 1661)
(36, 2, 35, 5, 1700);נ;ס;י;נ;ב;ה;ש;מ;ח;ו;ם;י;ע;ב;ר;א;ת;ו;א;מ;(36, 2, 34, 11, 1681)
(36, 2, 35, 25, 1720);ש;ו;ת;ו;א;מ;ש;ש;ו;ם;י;פ;ל;א;ת;ש;ל;ש;ה;א;(36, 2, 35, 6, 1701)
(36, 2, 36, 16, 1740);ב;ל;ה;י;ע;ד;י;י;נ;ב;ם;י;נ;ה;כ;ה;ם;י;ש;ל;(36, 2, 35, 26, 1721)
(36, 2, 36, 36, 1760);ש;ו;ם;י;ע;ב;ש;ת;ו;א;מ;ע;ש;ת;ע;ו;ש;י;ת;י;(36, 2, 36, 17, 1741)
(36, 2, 37, 17, 1780);נ;ש;ו;ם;י;ש;מ;ח;ף;ל;א;ר;מ;א;י;נ;ב;ה;ש;ל;(36, 2, 36, 37, 1761)
(36, 2, 38, 18, 1800);ר;א;ם;י;ת;א;מ;ף;ל;א;ר;ו;ח;ש;פ;י;נ;ב;ם;י;(36, 2, 37, 18, 1781)
(36, 2, 39, 11, 1820);ש;ו;ף;ל;א;ם;ר;ח;י;נ;ב;ה;ע;ב;ש;ו;ם;י;ע;ב;(36, 2, 38, 19, 1801)
(36, 2, 40, 14, 1840);ק;ו;ע;ו;ש;י;י;נ;ב;ם;י;ו;ל;ה;ר;ש;ע;ה;ע;ב;(36, 2, 39, 12, 1821)
(36, 2, 40, 34, 1860);ם;י;ע;ב;ש;ה;י;ו;ד;ו;ה;י;נ;ב;ל;ל;א;י;מ;ד;(36, 2, 40, 15, 1841)
(36, 2, 41, 14, 1880);מ;ף;ס;א;י;נ;ב;ם;י;ר;ר;ש;מ;ה;ה;ע;ב;ר;א;ו;(36, 2, 40, 35, 1861)
(36, 2, 42, 8, 1900);י;ר;ע;ש;ה;י;נ;ב;ה;נ;מ;ש;ו;ם;י;ר;ש;ע;ה;א;(36, 2, 41, 15, 1881)
(36, 2, 42, 28, 1920);מ;ל;ט;י;נ;ב;ר;ט;א;י;נ;ב;ם;ו;ל;ש;י;נ;ב;ם;(36, 2, 42, 9, 1901)
(36, 2, 42, 48, 1940);ש;י;נ;ב;א;ט;י;ט;ח;י;נ;ב;ב;ו;ק;ע;י;נ;ב;ן;(36, 2, 42, 29, 1921)
(36, 2, 43, 2, 1960);נ;ה;ה;ע;ש;ת;ו;ם;י;ש;ל;ש;ה;א;מ;ל;כ;ה;י;ב;(36, 2, 42, 49, 1941)
(36, 2, 43, 22, 1980);א;פ;ו;ש;ח;י;נ;ב;א;ח;י;צ;י;נ;ב;ם;י;נ;י;ת;(36, 2, 43, 3, 1961)
(36, 2, 44, 12, 2000);ע;י;ס;י;נ;ב;ס;ר;ק;י;נ;ב;ת;ו;ע;ב;ט;י;נ;ב;(36, 2, 43, 23, 1981)
(36, 2, 45, 11, 2020);ח;י;נ;ב;ה;נ;ב;ל;י;נ;ב;ן;ו;ד;פ;י;נ;ב;א;ה;(36, 2, 44, 13, 2001)
(36, 2, 46, 10, 2040);ש;י;נ;ב;ב;ג;ח;י;נ;ב;ב;ו;ק;ע;י;נ;ב;ה;ב;ג;(36, 2, 45, 12, 2021)
(36, 2, 47, 11, 2060);ח;ג;י;נ;ב;ל;ד;ג;י;נ;ב;ן;נ;ח;י;נ;ב;י;ל;מ;(36, 2, 46, 11, 2041)
(36, 2, 48, 12, 2080);ק;נ;י;נ;ב;ן;י;צ;ר;י;נ;ב;ה;י;א;ר;י;נ;ב;ר;(36, 2, 47, 12, 2061)
(36, 2, 49, 11, 2100);ס;פ;י;נ;ב;א;ז;ע;י;נ;ב;ם;ז;ג;י;נ;ב;א;ד;ו;(36, 2, 48, 13, 2081)
(36, 2, 50, 13, 2120);ו;ע;מ;י;נ;ב;ה;נ;ס;א;י;נ;ב;י;ס;ב;י;נ;ב;ח;(36, 2, 49, 12, 2101)
(36, 2, 51, 8, 2140);ק;ו;ב;ק;ב;י;נ;ב;ם;י;ס;י;פ;נ;י;נ;ב;ם;י;נ;(36, 2, 50, 14, 2121)
(36, 2, 52, 4, 2160);ב;י;נ;ב;ר;ו;ח;ר;ח;י;נ;ב;א;פ;ו;ק;ח;י;נ;ב;(36, 2, 51, 9, 2141)
(36, 2, 53, 1, 2180);ב;א;ש;ר;ח;י;נ;ב;א;ד;י;ח;מ;י;נ;ב;ת;ו;ל;צ;(36, 2, 52, 5, 2161)
(36, 2, 53, 21, 2200);מ;ת;י;נ;ב;א;ר;ס;י;ס;י;נ;ב;ס;ו;ק;ר;ב;י;נ;(36, 2, 53, 2, 2181)
(36, 2, 55, 4, 2220);ע;י;נ;ב;א;פ;י;ט;ח;י;נ;ב;ח;י;צ;נ;י;נ;ב;ח;(36, 2, 53, 22, 2201)
(36, 2, 55, 24, 2240);ר;פ;ס;ה;י;נ;ב;י;ט;ס;י;נ;ב;ה;מ;ל;ש;י;ד;ב;(36, 2, 55, 5, 2221)
(36, 2, 56, 11, 2260);ד;י;נ;ב;ה;ל;ע;י;י;נ;ב;א;ד;ו;ר;פ;י;נ;ב;ת;(36, 2, 55, 25, 2241)
(36, 2, 57, 10, 2280);נ;ב;ה;י;ט;פ;ש;י;נ;ב;ל;ד;ג;י;נ;ב;ן;ו;ק;ר;(36, 2, 56, 12, 2261)
(36, 2, 57, 30, 2300);נ;ב;ם;י;י;ב;צ;ה;ת;ר;כ;פ;י;נ;ב;ל;י;ט;ח;י;(36, 2, 57, 11, 2281)
(36, 2, 58, 16, 2320);ד;ב;ע;י;נ;ב;ו;ם;י;נ;י;ת;נ;ה;ל;כ;י;מ;א;י;(36, 2, 57, 31, 2301)
(36, 2, 58, 36, 2340);נ;ש;ו;ם;י;ע;ש;ת;ת;ו;א;מ;ש;ל;ש;ה;מ;ל;ש;י;(36, 2, 58, 17, 2321)
(36, 2, 59, 18, 2360);ח;ל;ת;ח;ל;מ;ל;ת;מ;ם;י;ל;ע;ה;ה;ל;א;ו;ם;י;(36, 2, 58, 37, 2341)
(36, 2, 59, 38, 2380);ו;ל;כ;י;א;ל;ו;ר;מ;א;ן;ד;א;ב;ו;ר;כ;א;ש;ר;(36, 2, 59, 19, 2361)
(36, 2, 59, 58, 2400);ם;א;ם;ע;ר;ז;ו;ם;ת;ו;ב;א;ת;י;ב;ד;י;ג;ה;ל;(36, 2, 59, 39, 2381)
(36, 2, 60, 12, 2420);ו;ט;י;נ;ב;ה;י;ל;ד;י;נ;ב;ם;ה;ל;א;ר;ש;י;מ;(36, 2, 59, 59, 2401)
(36, 2, 60, 32, 2440);ש;מ;ח;ת;ו;א;מ;ש;ש;א;ד;ו;ק;נ;י;נ;ב;ה;י;ב;(36, 2, 60, 13, 2421)
(36, 2, 61, 13, 2460);נ;ב;ם;י;נ;ה;כ;ה;י;נ;ב;מ;ו;ם;י;נ;ש;ו;ם;י;(36, 2, 60, 33, 2441)
(36, 2, 61, 33, 2480);י;ל;ז;ר;ב;י;נ;ב;ץ;ו;ק;ה;י;נ;ב;ה;י;ב;ח;י;(36, 2, 61, 14, 2461)
(36, 2, 61, 53, 2500);ע;ל;ג;ה;י;ל;ז;ר;ב;ת;ו;נ;ב;מ;ח;ק;ל;ר;ש;א;(36, 2, 61, 34, 2481)
(36, 2, 62, 5, 2520);ק;ב;ה;ל;א;ם;מ;ש;ל;ע;א;ר;ק;י;ו;ה;ש;א;י;ד;(36, 2, 61, 54, 2501)
(36, 2, 62, 25, 2540);צ;מ;נ;א;ל;ו;ם;י;ש;ח;י;ת;מ;ה;ם;ב;ת;כ;ו;ש;(36, 2, 62, 6, 2521)
(36, 2, 63, 5, 2560);ר;מ;א;י;ו;ה;נ;ה;כ;ה;ן;מ;ו;ל;א;ג;י;ו;ו;א;(36, 2, 62, 26, 2541)
(36, 2, 63, 25, 2580);מ;ו;ל;כ;א;י;א;ל;ר;ש;א;ם;ה;ל;א;ת;ש;ר;ת;ה;(36, 2, 63, 6, 2561)
(36, 2, 63, 45, 2600);ו;א;ל;ן;ה;כ;ד;מ;ע;ד;ע;ם;י;ש;ד;ק;ה;ש;ד;ק;(36, 2, 63, 26, 2581)
(36, 2, 64, 11, 2620);א;ד;ח;א;כ;ל;ה;ק;ה;ל;כ;ם;י;מ;ת;ל;ו;ם;י;ר;(36, 2, 63, 46, 2601)
(36, 2, 64, 31, 2640);ש;ת;ו;א;מ;ש;ל;ש;ם;י;פ;ל;א;א;ו;ב;ר;ע;ב;ר;(36, 2, 64, 12, 2621)
(36, 2, 65, 17, 2660);ה;י;ת;ה;מ;א;ו;ם;ה;י;ד;ב;ע;ד;ב;ל;מ;ם;י;ש;(36, 2, 64, 32, 2641)
(36, 2, 65, 37, 2680);ת;ו;א;מ;ש;ל;ש;ם;י;פ;ל;א;ת;ע;ב;ש;ה;ל;א;ם;(36, 2, 65, 18, 2661)
(36, 2, 65, 57, 2700);ם;י;ר;ר;ש;מ;ם;ה;ל;ו;ה;ע;ב;ש;ו;ם;י;ש;ל;ש;(36, 2, 65, 38, 2681)
(36, 2, 66, 8, 2720);ב;ש;ם;ה;י;ס;ו;ס;ם;י;ת;א;מ;ת;ו;ר;ר;ש;מ;ו;(36, 2, 65, 58, 2701)
(36, 2, 66, 28, 2740);ם;ה;י;ד;ר;פ;ה;ש;ש;ו;ם;י;ש;ל;ש;ת;ו;א;מ;ע;(36, 2, 66, 9, 2721)
(36, 2, 67, 4, 2760);י;ל;מ;ג;ה;ש;מ;ח;ו;ם;י;ע;ב;ר;א;ם;י;ת;א;מ;(36, 2, 66, 29, 2741)
(36, 2, 67, 24, 2780);ה;ש;מ;ח;ו;ם;י;ש;ל;ש;ת;ו;א;מ;ע;ב;ר;א;ם;ה;(36, 2, 67, 5, 2761)
(36, 2, 67, 44, 2800);ת;ו;א;מ;ע;ב;ש;ם;י;פ;ל;א;ת;ש;ש;ם;י;ר;מ;ח;(36, 2, 67, 25, 2781)
(36, 2, 68, 14, 2820);ו;ב;ב;ת;ו;ב;א;ה;י;ש;א;ר;מ;ו;ם;י;ר;ש;ע;ו;(36, 2, 67, 45, 2801)
(36, 2, 68, 34, 2840);ם;ל;ש;ו;ר;י;ב;ר;ש;א;ה;ו;ה;י;ת;י;ב;ל;ם;א;(36, 2, 68, 15, 2821)
(36, 2, 68, 54, 2860);מ;ע;ה;ל;ם;י;ה;ל;א;ה;ת;י;ב;ל;ו;ב;ד;נ;ת;ה;(36, 2, 68, 35, 2841)
(36, 2, 69, 10, 2880);א;ל;ו;נ;ת;נ;ם;ח;כ;כ;ו;נ;ו;כ;מ;ל;ע;ו;ד;י;(36, 2, 68, 55, 2861)
(36, 2, 69, 30, 2900);ם;י;נ;ו;מ;כ;ר;ד;ב;ה;ז;ה;כ;א;ל;מ;ה;ר;צ;ו;(36, 2, 69, 11, 2881)
(36, 2, 69, 50, 2920);ח;ם;י;נ;מ;ף;ס;כ;ו;ף;ל;א;ו;ת;ו;א;ב;ר;ש;ש;(36, 2, 69, 31, 2901)
(36, 2, 69, 70, 2940);א;מ;ם;י;נ;ה;כ;ת;נ;ת;כ;ו;ם;י;פ;ל;א;ת;ש;מ;(36, 2, 69, 51, 2921)
(36, 2, 70, 19, 2960);מ;ו;ם;י;ו;ל;ה;ו;ם;י;נ;ה;כ;ה;ו;ב;ש;י;ו;ה;(36, 2, 69, 71, 2941)
(36, 2, 70, 39, 2980);ם;י;ר;ע;ו;ש;ה;ו;ם;י;ר;ר;ש;מ;ה;ו;ם;ע;ה;ן;(36, 2, 70, 20, 2961)
(36, 2, 70, 59, 3000);ר;ש;י;ל;כ;ו;ם;ה;י;ר;ע;ב;ם;י;נ;י;ת;נ;ה;ו;(36, 2, 70, 40, 2981)
(36, 3, 1, 12, 3020);י;ב;ש;ה;ש;ד;ח;ה;ע;ג;י;ו;ם;ה;י;ר;ע;ב;ל;א;(36, 2, 70, 60, 3001)
(36, 3, 1, 32, 3040);ס;א;י;ו;ם;י;ר;ע;ב;ל;א;ר;ש;י;י;נ;ב;ו;י;ע;(36, 3, 1, 13, 3021)
(36, 3, 1, 52, 3060);ם;ל;ש;ו;ר;י;ל;א;ד;ח;א;ש;י;א;כ;ם;ע;ה;ו;פ;(36, 3, 1, 33, 3041)
(36, 3, 2, 20, 3080);ו;י;ח;א;ו;ק;ד;צ;ו;י;ן;ב;ע;ו;ש;י;ם;ק;י;ו;(36, 3, 2, 1, 3061)
(36, 3, 2, 40, 3100);א;י;ת;ל;א;ש;ן;ב;ל;ב;ב;ר;ז;ו;ם;י;נ;ה;כ;ה;(36, 3, 2, 21, 3081)
(36, 3, 2, 60, 3120);ה;ל;א;ח;ב;ז;מ;ת;א;ו;נ;ב;י;ו;ו;י;ח;א;ו;ל;(36, 3, 2, 41, 3101)
(36, 3, 2, 80, 3140);ת;ו;ל;ע;ו;י;ל;ע;ת;ו;ל;ע;ה;ל;ל;א;ר;ש;י;י;(36, 3, 2, 61, 3121)
(36, 3, 2, 100, 3160);ה;ל;א;ה;ש;י;א;ה;ש;מ;ת;ר;ו;ת;ב;ב;ו;ת;כ;כ;(36, 3, 2, 81, 3141)
(36, 3, 3, 18, 3180);ת;נ;ו;כ;מ;ל;ע;ח;ב;ז;מ;ה;ו;נ;י;כ;י;ו;ם;י;(36, 3, 2, 101, 3161)
(36, 3, 3, 38, 3200);א;ה;י;מ;ע;מ;ם;ה;י;ל;ע;ה;מ;י;א;ב;י;כ;ו;י;(36, 3, 3, 19, 3181)
(36, 3, 3, 58, 3220);ו;ה;י;ל;ת;ו;ל;ע;ו;י;ל;ע;ל;ע;י;ו;ת;ו;צ;ר;(36, 3, 3, 39, 3201)
(36, 3, 4, 6, 3240);א;ו;ש;ע;י;ו;ב;ר;ע;ל;ו;ר;ק;ב;ל;ת;ו;ל;ע;ה;(36, 3, 3, 59, 3221)
(36, 3, 4, 26, 3260);ם;ו;י;ת;ל;ע;ו;ב;ו;ת;כ;כ;ת;ו;כ;ס;ה;ג;ח;ת;(36, 3, 4, 7, 3241)
(36, 3, 4, 46, 3280);ם;ו;י;ר;ב;ד;ט;פ;ש;מ;כ;ר;פ;ס;מ;ב;ם;ו;י;ב;(36, 3, 4, 27, 3261)
(36, 3, 5, 15, 3300);ו;ד;י;מ;ת;ת;ל;ע;ן;כ;י;ר;ח;א;ו;ו;מ;ו;י;ב;(36, 3, 4, 47, 3281)
(36, 3, 5, 35, 3320);ה;ה;ו;ה;י;י;ד;ע;ו;מ;ל;כ;ל;ו;ם;י;ש;ד;ח;ל;(36, 3, 5, 16, 3301)
(36, 3, 5, 55, 3340);ל;ה;ב;ד;נ;ב;ד;נ;ת;מ;ל;כ;ל;ו;ם;י;ש;ד;ק;מ;(36, 3, 5, 36, 3321)
(36, 3, 6, 16, 3360);ע;י;ב;ש;ה;ש;ד;ח;ל;ד;ח;א;ם;ו;י;מ;ה;ו;ה;י;(36, 3, 5, 56, 3341)
(36, 3, 6, 36, 3380);ה;ו;ה;י;ל;ת;ו;ל;ע;ת;ו;ל;ע;ה;ל;ו;ל;ח;ה;י;(36, 3, 6, 17, 3361)
(36, 3, 7, 6, 3400);כ;ו;נ;ת;י;ו;ד;ס;י;א;ל;ה;ו;ה;י;ל;כ;י;ה;ו;(36, 3, 6, 37, 3381)
(36, 3, 7, 26, 3420);ל;כ;א;מ;ו;ם;י;ש;ר;ח;ל;ו;ם;י;ב;צ;ח;ל;ף;ס;(36, 3, 7, 7, 3401)
(36, 3, 7, 46, 3440);י;ר;צ;ל;ו;ם;י;נ;ד;צ;ל;ן;מ;ש;ו;ה;ת;ש;מ;ו;(36, 3, 7, 27, 3421)
(36, 3, 7, 66, 3460);נ;ב;ל;ה;ן;מ;ם;י;ז;ר;א;י;צ;ע;א;י;ב;ה;ל;ם;(36, 3, 7, 47, 3441)
(36, 3, 7, 86, 3480);ש;ר;ו;כ;ן;ו;י;ש;ר;כ;א;ו;פ;י;ם;י;ל;א;ן;ו;(36, 3, 7, 67, 3461)
(36, 3, 8, 9, 3500);י;נ;ש;ה;ה;נ;ש;ב;ו;ם;ה;י;ל;ע;ס;ר;פ;ך;ל;מ;(36, 3, 7, 87, 3481)
(36, 3, 8, 29, 3520);ר;י;ל;ם;י;ה;ל;א;ה;ת;י;ב;ל;א;ם;א;ו;ב;ל;ת;(36, 3, 8, 10, 3501)
(36, 3, 8, 49, 3540);ב;ב;ר;ז;ו;ל;ח;ה;י;נ;ש;ה;ש;ד;ח;ב;ם;ל;ש;ו;(36, 3, 8, 30, 3521)
(36, 3, 8, 69, 3560);צ;ו;י;ן;ב;ע;ו;ש;י;ו;ל;א;י;ת;ל;א;ש;ן;ב;ל;(36, 3, 8, 50, 3541)
(36, 3, 8, 89, 3580);ל;ה;ו;ם;י;נ;ה;כ;ה;ם;ה;י;ח;א;ר;א;ש;ו;ק;ד;(36, 3, 8, 70, 3561)
(36, 3, 8, 109, 3600);ש;ו;ר;י;י;ב;ש;ה;מ;ם;י;א;ב;ה;ל;כ;ו;ם;י;ו;(36, 3, 8, 90, 3581)
(36, 3, 8, 129, 3620);ע;ן;ב;מ;ם;י;ו;ל;ה;ת;א;ו;ד;י;מ;ע;י;ו;ם;ל;(36, 3, 8, 110, 3601)
(36, 3, 8, 149, 3640);ל;מ;ל;ע;ח;צ;נ;ל;ה;ל;ע;מ;ו;ה;נ;ש;ם;י;ר;ש;(36, 3, 8, 130, 3621)
(36, 3, 9, 10, 3660);ב;ע;ו;ש;י;ד;מ;ע;י;ו;ה;ו;ה;י;ת;י;ב;ת;כ;א;(36, 3, 8, 150, 3641)
(36, 3, 9, 30, 3680);ב;ו;י;נ;ב;ו;ל;א;י;מ;ד;ק;ו;י;ח;א;ו;ו;י;נ;(36, 3, 9, 11, 3661)
(36, 3, 9, 50, 3700);ה;ש;ע;ל;ע;ח;צ;נ;ל;ד;ח;א;כ;ה;ד;ו;ה;י;י;נ;(36, 3, 9, 31, 3681)
(36, 3, 9, 70, 3720);ח;י;נ;ב;ם;י;ה;ל;א;ה;ת;י;ב;ב;ה;כ;א;ל;מ;ה;(36, 3, 9, 51, 3701)
(36, 3, 10, 1, 3740);ו;ם;י;ו;ל;ה;ם;ה;י;ח;א;ו;ם;ה;י;נ;ב;ד;ד;נ;(36, 3, 9, 71, 3721)
(36, 3, 10, 21, 3760);ו;ה;ו;ה;י;ל;כ;י;ה;ת;א;ם;י;נ;ב;ה;ו;ד;ס;י;(36, 3, 10, 2, 3741)
(36, 3, 10, 41, 3780);ח;ב;ם;י;ש;ב;ל;מ;ם;י;נ;ה;כ;ה;ו;ד;י;מ;ע;י;(36, 3, 10, 22, 3761)
(36, 3, 10, 61, 3800);צ;מ;ב;ף;ס;א;י;נ;ב;ם;י;ו;ל;ה;ו;ת;ו;ר;צ;צ;(36, 3, 10, 42, 3781)
(36, 3, 10, 81, 3820);ד;י;ד;י;ל;ע;ה;ו;ה;י;ת;א;ל;ל;ה;ל;ם;י;ת;ל;(36, 3, 10, 62, 3801)
(36, 3, 11, 9, 3840);ל;ל;ה;ב;ו;נ;ע;י;ו;ל;א;ר;ש;י;ך;ל;מ;ד;י;ו;(36, 3, 10, 82, 3821)
(36, 3, 11, 29, 3860);ע;ל;י;כ;ב;ו;ט;י;כ;ה;ו;ה;י;ל;ת;ד;ו;ה;ב;ו;(36, 3, 11, 10, 3841)
(36, 3, 11, 49, 3880);ם;ע;ה;ל;כ;ו;ל;א;ר;ש;י;ל;ע;ו;ד;ס;ח;ם;ל;ו;(36, 3, 11, 30, 3861)
(36, 3, 11, 69, 3900);ל;ל;ל;ה;ב;ה;ל;ו;ד;ג;ה;ע;ו;ר;ת;ו;ע;י;ר;ה;(36, 3, 11, 50, 3881)
(36, 3, 12, 3, 3920);ב;ר;ו;ה;ו;ה;י;ת;י;ב;ד;ס;ו;ה;ל;ע;ה;ו;ה;י;(36, 3, 11, 70, 3901)
(36, 3, 12, 23, 3940);י;ש;א;ר;ו;ם;י;ו;ל;ה;ו;ם;י;נ;ה;כ;ה;מ;ם;י;(36, 3, 12, 4, 3921)
(36, 3, 12, 43, 3960);ה;ת;א;ו;א;ר;ר;ש;א;ם;י;נ;ק;ז;ה;ת;ו;ב;א;ה;(36, 3, 12, 24, 3941)
(36, 3, 12, 63, 3980);ת;י;ב;ה;ה;ז;ו;ד;ס;י;ב;ן;ו;ש;א;ר;ה;ת;י;ב;(36, 3, 12, 44, 3961)
(36, 3, 12, 83, 4000);ו;ל;ו;ד;ג;ל;ו;ק;ב;ם;י;כ;ב;ם;ה;י;נ;י;ע;ב;(36, 3, 12, 64, 3981)
(36, 3, 12, 103, 4020);ם;י;ר;ה;ל;ה;ח;מ;ש;ב;ה;ע;ו;ר;ת;ב;ם;י;ב;ר;(36, 3, 12, 84, 4001)
(36, 3, 13, 17, 4040);ת;ל;ו;ק;ם;י;ר;י;כ;מ;ם;ע;ה;ן;י;א;ו;ל;ו;ק;(36, 3, 12, 104, 4021)
(36, 3, 13, 37, 4060);כ;ם;ע;ה;י;כ;ב;ל;ו;ק;ל;ה;ח;מ;ש;ה;ת;ע;ו;ר;(36, 3, 13, 18, 4041)
(36, 3, 13, 57, 4080);ה;ל;ו;ד;ג;ה;ע;ו;ר;ת;ם;י;ע;י;ר;מ;ם;ע;ה;י;(36, 3, 13, 38, 4061)
(36, 4, 1, 3, 4100);ש;י;ו;ק;ו;ח;ר;מ;ל;ד;ע;ע;מ;ש;נ;ל;ו;ק;ה;ו;(36, 3, 13, 58, 4081)
(36, 4, 1, 23, 4120);ב;י;כ;ן;מ;י;נ;ב;ו;ה;ד;ו;ה;י;י;ר;צ;ו;ע;מ;(36, 4, 1, 4, 4101)
(36, 4, 1, 43, 4140);ו;ה;י;ל;ל;כ;י;ה;ם;י;נ;ו;ב;ה;ל;ו;ג;ה;י;נ;(36, 4, 1, 24, 4121)
(36, 4, 2, 10, 4160);ב;ר;ז;ל;א;ו;ש;ג;י;ו;ל;א;ר;ש;י;י;ה;ל;א;ה;(36, 4, 1, 44, 4141)
(36, 4, 2, 30, 4180);ו;ר;מ;א;י;ו;ת;ו;ב;א;ה;י;ש;א;ר;ל;א;ו;ל;ב;(36, 4, 2, 11, 4161)
(36, 4, 2, 50, 4200);ו;ר;ד;נ;ם;כ;כ;י;כ;ם;כ;מ;ע;ה;נ;ב;נ;ם;ה;ל;(36, 4, 2, 31, 4181)
(36, 4, 2, 70, 4220);י;ח;ב;ז;ו;נ;ח;נ;א;א;ל;ו;ם;כ;י;ה;ל;א;ל;ש;(36, 4, 2, 51, 4201)
(36, 4, 2, 90, 4240);מ;ה;ר;ו;ש;א;ך;ל;מ;ן;ד;ח;ר;ס;א;י;מ;י;מ;ם;(36, 4, 2, 71, 4221)
(36, 4, 3, 11, 4260);ב;ר;ז;ם;ה;ל;ר;מ;א;י;ו;ה;פ;ו;נ;ת;א;ה;ל;ע;(36, 4, 2, 91, 4241)
(36, 4, 3, 31, 4280);ת;ו;ב;א;ה;י;ש;א;ר;ר;א;ש;ו;ע;ו;ש;י;ו;ל;ב;(36, 4, 3, 12, 4261)
(36, 4, 3, 51, 4300);ת;ו;נ;ב;ל;ו;נ;ל;ו;ם;כ;ל;א;ל;ל;א;ר;ש;י;ל;(36, 4, 3, 32, 4281)
(36, 4, 3, 71, 4320);ד;ח;י;ו;נ;ח;נ;א;י;כ;ו;נ;י;ה;ל;א;ל;ת;י;ב;(36, 4, 3, 52, 4301)
(36, 4, 3, 91, 4340);א;כ;ל;א;ר;ש;י;י;ה;ל;א;ה;ו;ה;י;ל;ה;נ;ב;נ;(36, 4, 3, 72, 4321)
(36, 4, 3, 111, 4360);ס;ר;פ;ך;ל;מ;ש;ר;ו;כ;ך;ל;מ;ה;ו;נ;ו;צ;ר;ש;(36, 4, 3, 92, 4341)
(36, 4, 4, 20, 4380);ם;ע;י;ד;י;ם;י;פ;ר;מ;ץ;ר;א;ה;ם;ע;י;ה;י;ו;(36, 4, 4, 1, 4361)
(36, 4, 4, 40, 4400);ו;נ;ב;ל;ם;ת;ו;א;ם;י;ה;ל;ב;מ;ו;ה;ד;ו;ה;י;(36, 4, 4, 21, 4381)
(36, 4, 5, 19, 4420);ה;ל;ם;י;צ;ע;ו;י;ם;ה;י;ל;ע;ם;י;ר;כ;ס;ו;ת;(36, 4, 4, 41, 4401)
(36, 4, 5, 39, 4440);ר;פ;ך;ל;מ;ש;ר;ו;כ;י;מ;י;ל;כ;ם;ת;צ;ע;ר;פ;(36, 4, 5, 20, 4421)
(36, 4, 5, 59, 4460);ס;ר;פ;ך;ל;מ;ש;ו;י;ר;ד;ת;ו;כ;ל;מ;ד;ע;ו;ס;(36, 4, 5, 40, 4441)
(36, 4, 6, 20, 4480);מ;ת;ל;ח;ת;ב;ש;ו;ר;ו;ש;ח;א;ת;ו;כ;ל;מ;ב;ו;(36, 4, 6, 1, 4461)
(36, 4, 6, 40, 4500);י;י;ב;ש;י;ל;ע;ה;נ;ט;ש;ו;ב;ת;כ;ו;ת;ו;כ;ל;(36, 4, 6, 21, 4481)
(36, 4, 7, 9, 4520);ח;ת;ר;א;י;מ;י;ב;ו;ם;ל;ש;ו;ר;י;ו;ה;ד;ו;ה;(36, 4, 6, 41, 4501)
(36, 4, 7, 29, 4540);ל;א;ב;ט;ת;ד;ר;ת;מ;ם;ל;ש;ב;ב;ת;כ;א;ת;ש;ש;(36, 4, 7, 10, 4521)
(36, 4, 7, 49, 4560);מ;א;ת;ש;ש;ח;ת;ר;א;ל;ע;ו;ת;ו;נ;כ;ר;א;ש;ו;(36, 4, 7, 30, 4541)
(36, 4, 7, 69, 4580);א;ב;ו;ת;כ;ן;ו;ת;ש;נ;ה;ב;ת;כ;ו;ס;ר;פ;ך;ל;(36, 4, 7, 50, 4561)
(36, 4, 8, 5, 4600);ב;ם;ו;ח;ר;ת;י;מ;ר;א;ם;ג;ר;ת;מ;ו;ת;י;מ;ר;(36, 4, 7, 70, 4581)
(36, 4, 8, 25, 4620);ג;א;ו;ב;ת;כ;א;ר;פ;ס;י;ש;מ;ש;ו;ם;ע;ט;ל;ע;(36, 4, 8, 6, 4601)
(36, 4, 8, 45, 4640);ש;ש;ח;ת;ר;א;ל;ם;ל;ש;ו;ר;י;ל;ע;ה;ד;ח;ה;ר;(36, 4, 8, 26, 4621)
(36, 4, 9, 10, 4660);ע;ב;ם;ו;ח;ר;ן;י;ד;א;א;מ;נ;כ;א;כ;ל;מ;א;ת;(36, 4, 8, 46, 4641)
(36, 4, 9, 30, 4680);ו;נ;כ;ר;א;ש;ו;א;ר;פ;ס;י;ש;מ;ש;ו;ם;ע;ט;ל;(36, 4, 9, 11, 4661)
(36, 4, 9, 50, 4700);ר;ט;א;י;כ;ת;ס;ר;פ;א;ו;א;י;נ;י;ד;ן;ו;ה;ת;(36, 4, 9, 31, 4681)
(36, 4, 9, 70, 4720);א;י;ל;ב;ב;י;ו;כ;ר;א;א;י;ס;ר;פ;א;א;י;ל;פ;(36, 4, 9, 51, 4701)
(36, 4, 10, 4, 4740);ר;א;ש;ו;א;י;מ;ל;ע;א;ו;ה;ד;א;י;כ;נ;ש;ו;ש;(36, 4, 9, 71, 4721)
(36, 4, 10, 24, 4760);י;ו;א;ב;ר;ר;פ;נ;ס;א;י;ל;ג;ה;י;ד;א;י;מ;א;(36, 4, 10, 5, 4741)
(36, 4, 10, 44, 4780);ש;י;ד;ה;י;ר;ק;ב;ו;מ;ה;ב;ת;ו;ה;ו;א;ר;י;ק;(36, 4, 10, 25, 4761)
(36, 4, 10, 64, 4800);ת;נ;ע;כ;ו;ה;ר;ה;נ;ר;ב;ע;ר;א;ש;ו;ן;י;ר;מ;(36, 4, 10, 45, 4781)
(36, 4, 11, 20, 4820);ע;ו;ח;ל;ש;י;ד;א;ת;ר;ג;א;ן;ג;ש;ר;פ;ה;נ;ד;(36, 4, 11, 1, 4801)
(36, 4, 11, 40, 4840);ב;ע;א;כ;ל;מ;א;ת;ש;ש;ח;ת;ר;א;ל;ע;י;ה;ו;ל;(36, 4, 11, 21, 4821)
(36, 4, 12, 2, 4860);ד;י;ת;נ;ע;כ;ו;ה;ר;ה;נ;ר;ב;ע;ש;נ;א;ך;י;ד;(36, 4, 11, 41, 4841)
(36, 4, 12, 22, 4880);ד;א;י;ד;ו;ה;י;י;ד;א;כ;ל;מ;ל;א;ו;ה;ל;ע;י;(36, 4, 12, 3, 4861)
(36, 4, 12, 42, 4900);ל;ו;ת;א;א;נ;י;ל;ע;ך;ת;ו;ל;ן;מ;ו;ק;ל;ס;י;(36, 4, 12, 23, 4881)
(36, 4, 12, 62, 4920);י;א;ב;ו;א;ת;ד;ר;מ;א;ת;י;ר;ק;ם;ל;ש;ו;ר;י;(36, 4, 12, 43, 4901)
(36, 4, 12, 82, 4940);א;ו;ו;ל;ל;כ;ש;א;י;ר;ו;ש;ו;ן;י;נ;ב;א;ת;ש;(36, 4, 12, 63, 4921)
(36, 4, 13, 12, 4960);ל;א;ו;ה;ל;ע;י;ד;י;ן;ע;כ;ו;ט;י;ח;י;א;י;ש;(36, 4, 12, 83, 4941)
(36, 4, 13, 32, 4980);א;נ;ב;ת;ת;ך;ד;א;ת;י;ר;ק;ן;ה;י;ד;א;כ;ל;מ;(36, 4, 13, 13, 4961)
(36, 4, 13, 52, 5000);ל;ב;ה;ד;נ;מ;ן;ו;ל;ל;כ;ת;ש;י;א;י;ר;ו;ש;ו;(36, 4, 13, 33, 4981)
(36, 4, 13, 72, 5020);ל;מ;ם;ת;פ;א;ו;ן;ו;נ;ת;נ;י;א;ל;ך;ל;ה;ו;ו;(36, 4, 13, 53, 5001)
(36, 4, 14, 12, 5040);ל;מ;י;ד;ל;ב;ק;ל;כ;ן;ע;כ;ק;ז;נ;ה;ת;ם;י;כ;(36, 4, 13, 73, 5021)
(36, 4, 14, 32, 5060);א;כ;ל;מ;ת;ו;ר;ע;ו;א;נ;ח;ל;מ;א;ל;כ;י;ה;ח;(36, 4, 14, 13, 5041)
(36, 4, 14, 52, 5080);ש;ה;נ;ד;ל;ע;א;ז;ח;מ;ל;א;נ;ל;ך;י;ר;א;א;ל;(36, 4, 14, 33, 5061)
(36, 4, 15, 4, 5100);ב;י;י;ד;א;כ;ל;מ;ל;א;נ;ע;ד;ו;ה;ו;א;נ;ח;ל;(36, 4, 14, 53, 5081)
(36, 4, 15, 24, 5120);ו;ך;ת;ה;ב;א;י;ד;א;י;נ;ר;כ;ד;ר;פ;ס;ב;ר;ק;(36, 4, 15, 5, 5101)
(36, 4, 15, 44, 5140);ע;ד;נ;ת;ו;א;י;נ;ר;כ;ד;ר;פ;ס;ב;ח;כ;ש;ה;ת;(36, 4, 15, 25, 5121)
(36, 4, 15, 64, 5160);ה;מ;ו;א;ד;ר;מ;א;י;ר;ק;ך;ד;א;ת;י;ר;ק;י;ד;(36, 4, 15, 45, 5141)
(36, 4, 15, 84, 5180);ו;ד;ת;ש;א;ו;ן;נ;ד;מ;ו;ן;י;כ;ל;מ;ת;ק;ז;נ;(36, 4, 15, 65, 5161)
(36, 4, 15, 104, 5200);א;מ;ל;ע;ת;מ;ו;י;ן;מ;ה;ו;ג;ב;ן;י;ד;ב;ע;ר;(36, 4, 15, 85, 5181)
(36, 4, 16, 3, 5220);ו;ה;מ;ת;ב;ר;ח;ה;ך;ד;א;ת;י;ר;ק;ה;נ;ד;ל;ע;(36, 4, 15, 105, 5201)
(36, 4, 16, 23, 5240);ר;ק;ן;ה;י;ד;א;כ;ל;מ;ל;ה;נ;ח;נ;א;ן;י;ע;ד;(36, 4, 16, 4, 5221)
(36, 4, 16, 43, 5260);כ;ת;ש;י;ה;י;ר;ו;ש;ו;א;נ;ב;ת;ת;ך;ד;א;ת;י;(36, 4, 16, 24, 5241)
(36, 4, 16, 63, 5280);ה;נ;ר;ב;ע;ב;ק;ל;ח;ה;נ;ד;ל;ב;ק;ל;ן;ו;ל;ל;(36, 4, 16, 44, 5261)
(36, 4, 17, 10, 5300);ל;מ;ח;ל;ש;א;מ;ג;ת;פ;ך;ל;י;ת;י;א;א;ל;א;ר;(36, 4, 16, 64, 5281)
(36, 4, 17, 30, 5320);ס;י;ש;מ;ש;ו;ם;ע;ט;ל;ע;ב;ם;ו;ח;ר;ל;ע;א;כ;(36, 4, 17, 11, 5301)
(36, 4, 17, 50, 5340);י;ב;ת;י;י;ד;ן;ו;ה;ת;ו;נ;כ;ר;א;ש;ו;א;ר;פ;(36, 4, 17, 31, 5321)
(36, 4, 17, 70, 5360);ל;ש;ה;ר;ה;נ;ר;ב;ע;ר;א;ש;ו;ן;י;ר;מ;ש;ב;ן;(36, 4, 17, 51, 5341)
(36, 4, 18, 15, 5380);ע;ן;ו;ת;ח;ל;ש;י;ד;א;נ;ו;ת;ש;נ;ת;ע;כ;ו;ם;(36, 4, 17, 71, 5361)
(36, 4, 19, 5, 5400);ש;י;נ;מ;ו;י;מ;ד;ק;י;ר;ק;ש;ר;פ;מ;א;נ;י;ל;(36, 4, 18, 16, 5381)
(36, 4, 19, 25, 5420);ר;ק;י;ד;ו;ח;כ;ש;ה;ו;ו;ר;ק;ב;ו;ם;ע;ט;ם;י;(36, 4, 19, 6, 5401)
(36, 4, 19, 45, 5440);כ;ל;מ;ל;ע;א;מ;ל;ע;ת;מ;ו;י;ן;מ;ך;ד;א;ת;י;(36, 4, 19, 26, 5421)
(36, 4, 19, 65, 5460);מ;ר;ו;ד;ת;ש;א;ו;ד;ר;מ;ו;ה;א;ש;נ;ת;מ;ן;י;(36, 4, 19, 46, 5441)
(36, 4, 20, 14, 5480);ו;ה;ן;י;פ;י;ק;ת;ן;י;כ;ל;מ;ו;ה;ב;ד;ב;ע;ת;(36, 4, 19, 66, 5461)
(36, 4, 20, 34, 5500);ע;ל;כ;ב;ן;י;ט;י;ל;ש;ו;ם;ל;ש;ו;ר;י;ל;ע;ו;(36, 4, 20, 15, 5481)
(36, 4, 20, 54, 5520);י;ת;מ;ך;ל;ה;ו;ו;ל;ב;ה;ד;מ;ו;ה;ר;ה;נ;ר;ב;(36, 4, 20, 35, 5501)
(36, 4, 21, 14, 5540);ל;ט;ב;ל;ם;ע;ט;ו;מ;י;ש;ן;ע;כ;ן;ו;ה;ל;ב;ה;(36, 4, 20, 55, 5521)
(36, 4, 21, 34, 5560);ת;א;ל;ך;ד;א;ת;י;ר;ק;ו;ך;ל;א;א;י;ר;ב;ג;א;(36, 4, 21, 15, 5541)
(36, 4, 22, 3, 5580);ה;ז;ו;ם;ש;ת;י;א;מ;ע;ט;י;נ;מ;ד;ע;א;נ;ב;ת;(36, 4, 21, 35, 5561)
(36, 4, 22, 23, 5600);ה;נ;ד;ל;ע;ד;ב;ע;מ;ל;ו;ל;ש;ו;ו;ה;ן;י;ר;י;(36, 4, 22, 4, 5581)
(36, 4, 22, 43, 5620);כ;ל;מ;ת;ק;ז;נ;ה;ל;א;ל;ב;ח;א;ג;ש;י;ה;מ;ל;(36, 4, 22, 24, 5601)
(36, 4, 23, 18, 5640);נ;ו;ת;ש;נ;ן;ג;ש;ר;פ;י;ד;ן;מ;ן;י;ד;א;ן;י;(36, 4, 22, 44, 5621)
(36, 4, 23, 38, 5660);ד;ק;י;ר;ק;א;כ;ל;מ;א;ת;ש;ש;ח;ת;ר;א;י;ד;א;(36, 4, 23, 19, 5641)
(36, 4, 23, 58, 5680);ה;ת;ו;נ;כ;ו;א;ר;פ;ס;י;ש;מ;ש;ו;ם;ו;ח;ר;ם;(36, 4, 23, 39, 5661)
(36, 4, 23, 78, 5700);ע;ם;ל;ש;ו;ר;י;ל;ו;ל;י;ה;ב;ב;ו;ל;ז;א;ן;ו;(36, 4, 23, 59, 5681)
(36, 4, 23, 98, 5720);ע;ר;ד;א;ב;ו;מ;ה;ו;ל;ט;ב;ו;א;י;ד;ו;ה;י;ל;(36, 4, 23, 79, 5701)
(36, 4, 24, 16, 5740);י;ב;ת;ד;י;ב;ע;ת;ל;ט;ב;ן;י;ד;א;ב;ל;י;ח;ו;(36, 4, 23, 99, 5721)
(36, 4, 24, 36, 5760);ט;ב;ת;ו;ה;ו;ם;ל;ש;ו;ר;י;ב;י;ד;א;ה;ל;א;ת;(36, 4, 24, 17, 5741)
(36, 4, 24, 56, 5780);ר;ד;ת;ו;כ;ל;מ;ל;ן;י;ת;ר;ת;ת;נ;ש;ד;ע;א;ל;(36, 4, 24, 37, 5761)
(36, 5, 1, 11, 5800);ב;נ;י;ג;ח;י;ב;נ;ת;ה;ו;ס;ר;פ;ך;ל;מ;ש;ו;י;(36, 4, 24, 57, 5781)
(36, 5, 1, 31, 5820);י;א;י;ב;נ;א;ו;ד;ע;ר;ב;ה;י;ר;כ;ז;ו;ה;א;י;(36, 5, 1, 12, 5801)
(36, 5, 1, 51, 5840);ר;י;ב;ו;ד;ו;ה;י;ב;י;ד;א;י;ד;ו;ה;י;ל;ע;א;(36, 5, 1, 32, 5821)
(36, 5, 1, 71, 5860);ו;ה;י;ל;ע;ל;א;ר;ש;י;ה;ל;א;ם;ש;ב;ם;ל;ש;ו;(36, 5, 1, 52, 5841)
(36, 5, 2, 19, 5880);ת;ל;א;ש;ר;ב;ל;ב;ב;ר;ז;ו;מ;ק;ן;י;ד;א;ב;ן;(36, 5, 1, 72, 5861)
(36, 5, 2, 39, 5900);ו;י;ר;ש;ו;ק;ד;צ;ו;י;ר;ב;ע;ו;ש;י;ו;ל;א;י;(36, 5, 2, 20, 5881)
(36, 5, 2, 59, 5920);ל;ש;ו;ר;י;ב;י;ד;א;ה;ל;א;ת;י;ב;א;נ;ב;מ;ל;(36, 5, 2, 40, 5901)
(36, 5, 2, 79, 5940);מ;א;ה;ל;א;י;ד;א;י;א;י;ב;נ;ן;ו;ה;מ;ע;ו;ם;(36, 5, 2, 60, 5921)
(36, 5, 3, 11, 5960);ל;ע;ה;ת;א;א;נ;מ;ז;ה;ב;ן;ו;ה;ל;ן;י;ד;ע;ס;(36, 5, 2, 80, 5941)
(36, 5, 3, 31, 5980);ש;ו;ה;ר;ה;נ;ר;ב;ע;ת;ח;פ;י;נ;ת;ת;ן;ו;ה;י;(36, 5, 3, 12, 5961)
(36, 5, 3, 51, 6000);מ;א;ן;כ;ו;ן;ו;ה;ת;ו;נ;כ;ו;י;נ;ז;ו;ב;ר;ת;(36, 5, 3, 32, 5981)
(36, 5, 3, 71, 6020);א;ת;י;ב;ם;ע;ט;ם;כ;ל;ם;ש;ן;מ;ם;ה;ל;ן;י;ר;(36, 5, 3, 52, 6001)
(36, 5, 3, 91, 6040);ל;כ;ש;ל;ה;נ;ד;א;נ;ר;ש;א;ו;א;נ;ב;ל;ה;נ;ד;(36, 5, 3, 72, 6021)
(36, 5, 4, 18, 6060);ן;מ;ם;ה;ל;א;נ;ר;מ;א;א;מ;נ;כ;ן;י;ד;א;ה;ל;(36, 5, 3, 92, 6041)
(36, 5, 4, 38, 6080);נ;ב;ה;נ;ד;י;ד;א;י;ר;ב;ג;ת;ה;מ;ש;ן;ו;נ;א;(36, 5, 4, 19, 6061)
(36, 5, 5, 13, 6100);ע;ת;ו;ה;ם;ה;ה;ל;א;ן;י;ע;ו;ן;י;נ;ב;א;נ;י;(36, 5, 4, 39, 6081)
(36, 5, 5, 33, 6120);ו;מ;ה;ו;ל;ט;ב;א;ל;ו;א;י;ד;ו;ה;י;י;ב;ש;ל;(36, 5, 5, 14, 6101)
(36, 5, 5, 53, 6140);ן;י;ד;א;ו;ך;ה;י;ש;ו;י;ר;ד;ל;א;מ;ע;ט;ד;ע;(36, 5, 5, 34, 6121)
(36, 5, 6, 3, 6160);ש;ר;פ;ה;נ;ד;ל;ע;א;נ;ו;ת;ש;נ;ן;ו;ב;י;ת;י;(36, 5, 5, 54, 6141)
(36, 5, 6, 23, 6180);ע;ת;ח;פ;י;נ;ת;ת;ח;ל;ש;י;ד;א;ת;ר;ג;א;ן;ג;(36, 5, 6, 4, 6161)
(36, 5, 6, 43, 6200);ת;ו;נ;כ;ו;י;נ;ז;ו;ב;ר;ת;ש;ו;ה;ר;ה;נ;ר;ב;(36, 5, 6, 24, 6181)
(36, 5, 6, 63, 6220);ל;ע;ה;ר;ה;נ;ר;ב;ע;ב;י;ד;א;י;כ;ס;ר;פ;א;ה;(36, 5, 6, 44, 6201)
(36, 5, 7, 11, 6240);ל;ע;ו;ח;ל;ש;א;מ;ג;ת;פ;א;כ;ל;מ;ש;ו;י;ר;ד;(36, 5, 6, 64, 6221)
(36, 5, 7, 31, 6260);י;ר;ד;ל;ה;ו;ג;ב;ב;י;ת;כ;ה;נ;ד;כ;ו;י;ה;ו;(36, 5, 7, 12, 6241)
(36, 5, 8, 7, 6280);ו;ה;ל;ע;י;ד;י;א;ל;כ;א;מ;ל;ש;א;כ;ל;מ;ש;ו;(36, 5, 7, 32, 6261)
(36, 5, 8, 27, 6300);ד;מ;ד;ו;ה;י;ל;א;נ;ל;ז;א;י;ד;א;כ;ל;מ;ל;א;(36, 5, 8, 8, 6281)
(36, 5, 8, 47, 6320);מ;א;ו;ה;ו;א;ב;ר;א;ה;ל;א;ת;י;ב;ל;א;ת;נ;י;(36, 5, 8, 28, 6301)
(36, 5, 8, 67, 6340);ת;כ;ב;ם;ש;ת;מ;ע;א;ו;ל;ל;ג;ן;ב;א;א;נ;ב;ת;(36, 5, 8, 48, 6321)
(36, 5, 8, 87, 6360);ת;מ;א;נ;ר;פ;ס;א;ך;ד;א;ת;ד;י;ב;ע;ו;א;י;ל;(36, 5, 8, 68, 6341)
(36, 5, 9, 6, 6380);א;ש;ן;י;ד;א;ם;ה;ד;י;ב;ח;ל;צ;מ;ו;א;ד;ב;ע;(36, 5, 8, 88, 6361)
(36, 5, 9, 26, 6400);א;נ;ר;מ;א;א;מ;נ;כ;ך;ל;א;א;י;ב;ש;ל;א;נ;ל;(36, 5, 9, 7, 6381)
(36, 5, 9, 46, 6420);ה;נ;ד;א;ת;י;ב;ם;ע;ט;ם;כ;ל;ם;ש;ן;מ;ם;ה;ל;(36, 5, 9, 27, 6401)
(36, 5, 9, 66, 6440);ל;ל;כ;ש;ל;ה;נ;ד;א;נ;ר;ש;א;ו;ה;י;נ;ב;מ;ל;(36, 5, 9, 47, 6421)
(36, 5, 10, 19, 6460);ה;ל;ם;ה;ל;א;נ;ל;א;ש;ם;ה;ת;ה;מ;ש;ף;א;ו;ה;(36, 5, 9, 67, 6441)
(36, 5, 10, 39, 6480);ד;א;י;ר;ב;ג;ם;ש;ב;ת;כ;נ;י;ד;ך;ת;ו;ע;ד;ו;(36, 5, 10, 20, 6461)
(36, 5, 11, 12, 6500);ת;ה;א;מ;ג;ת;פ;א;מ;נ;כ;ו;ם;ה;י;ש;א;ר;ב;י;(36, 5, 10, 40, 6481)
(36, 5, 11, 32, 6520);ד;ב;ע;ו;מ;ה;א;נ;ח;נ;א;ר;מ;מ;ל;א;נ;ו;ב;י;(36, 5, 11, 13, 6501)
(36, 5, 11, 52, 6540);נ;ב;ו;א;ע;ר;א;ו;א;י;מ;ש;ה;ל;א;י;ד;י;ה;ו;(36, 5, 11, 33, 6521)
(36, 5, 11, 72, 6560);ד;ת;מ;ד;ק;מ;ה;נ;ב;א;ו;ה;י;ד;א;ת;י;ב;ן;י;(36, 5, 11, 53, 6541)
(36, 5, 11, 92, 6580);א;ר;ש;י;ל;ך;ל;מ;ו;ן;א;י;ג;ש;ן;י;נ;ש;ה;נ;(36, 5, 11, 73, 6561)
(36, 5, 12, 7, 6600);י;ד;ן;מ;ן;ה;ל;ה;ל;ל;כ;ש;ו;י;ה;נ;ב;ב;ר;ל;(36, 5, 11, 93, 6581)
(36, 5, 12, 27, 6620);י;א;י;מ;ש;ה;ל;א;ל;א;נ;ת;ה;ב;א;ו;ז;ג;ר;ה;(36, 5, 12, 8, 6601)
(36, 5, 12, 47, 6640);ב;ך;ל;מ;ר;צ;נ;ד;כ;ו;ב;נ;ד;י;ב;ו;מ;ה;ב;ה;(36, 5, 12, 28, 6621)
(36, 5, 12, 67, 6660);ו;ה;ר;ת;ס;ה;נ;ד;ה;ת;י;ב;ו;א;י;ד;ס;כ;ל;ב;(36, 5, 12, 48, 6641)
(36, 5, 13, 9, 6680);ד;ח;ת;נ;ש;ב;ם;ר;ב;ל;ב;ב;ל;י;ל;ג;ה;ה;מ;ע;(36, 5, 12, 68, 6661)
(36, 5, 13, 29, 6700);מ;ש;ר;ו;כ;ל;ב;ב;י;ד;א;כ;ל;מ;ש;ר;ו;כ;ל;ה;(36, 5, 13, 10, 6681)
(36, 5, 13, 49, 6720);ב;ל;ה;נ;ד;א;ה;ל;א;ת;י;ב;ם;ע;ט;ם;ש;א;כ;ל;(36, 5, 13, 30, 6701)
(36, 5, 14, 18, 6740);ד;א;ה;ל;א;ת;י;ב;י;ד;א;י;נ;א;מ;ף;א;ו;א;נ;(36, 5, 13, 50, 6721)
(36, 5, 14, 38, 6760);ר;צ;נ;ד;כ;ו;ב;נ;י;ד;א;פ;ס;כ;ו;ה;ב;ה;ד;י;(36, 5, 14, 19, 6741)
(36, 5, 14, 58, 6780);ם;ל;ש;ו;ר;י;ב;י;ד;א;ל;כ;י;ה;ן;מ;ק;פ;נ;ה;(36, 5, 14, 39, 6761)
(36, 5, 14, 78, 6800);ה;ל;ב;ב;י;ד;א;ל;כ;י;ה;ל;ו;מ;ה;ל;ב;י;ה;ו;(36, 5, 14, 59, 6781)
(36, 5, 14, 98, 6820);ל;כ;י;ה;ן;מ;א;כ;ל;מ;ש;ר;ו;כ;ו;מ;ה;ק;פ;נ;(36, 5, 14, 79, 6801)
(36, 5, 14, 118, 6840);מ;ש;ר;צ;ב;ש;ש;ל;ו;ב;י;ה;י;ו;ל;ב;ב;י;ד;א;(36, 5, 14, 99, 6821)
(36, 5, 15, 11, 6860);א;מ;ה;ל;א;ה;ל;ר;מ;א;ו;ה;מ;ש;ה;ח;פ;י;ד;ה;(36, 5, 14, 119, 6841)
(36, 5, 15, 31, 6880);א;ל;כ;י;ה;ב;ו;מ;ה;ת;ח;א;ל;ז;א;א;ש;א;י;נ;(36, 5, 15, 12, 6861)
(36, 5, 15, 51, 6900);ב;ת;י;א;ה;ל;א;ת;י;ב;ו;ם;ל;ש;ו;ר;י;ב;י;ד;(36, 5, 15, 32, 6881)
(36, 5, 16, 12, 6920);א;ך;ד;ר;צ;ב;ש;ש;ן;י;ד;א;ה;ר;ת;א;ל;ע;א;נ;(36, 5, 15, 52, 6901)
(36, 5, 16, 32, 6940);י;ד;א;ה;ל;א;ת;י;ב;י;ד;א;י;ש;א;ב;ה;י;א;ת;(36, 5, 16, 13, 6921)
(36, 5, 16, 52, 6960);ן;ע;כ;ד;ע;ו;ן;י;ד;א;ן;מ;ו;ם;ל;ש;ו;ר;י;ב;(36, 5, 16, 33, 6941)
(36, 5, 17, 9, 6980);מ;ל;ע;ן;ה;ן;ע;כ;ו;ם;ל;ש;א;ל;ו;א;נ;ב;ת;מ;(36, 5, 16, 53, 6961)
(36, 5, 17, 29, 7000);ד;א;י;ז;נ;ג;ת;י;ב;ב;ר;ק;ב;ת;י;ב;ט;א;כ;ל;(36, 5, 17, 10, 6981)
(36, 5, 17, 49, 7020);י;ת;י;א;ן;ה;ל;ב;ב;ב;י;ד;ה;מ;ת;א;כ;ל;מ;י;(36, 5, 17, 30, 7001)
(36, 5, 17, 69, 7040);מ;ל;ם;ע;ט;ם;י;ש;א;כ;ל;מ;ש;ר;ו;כ;ן;מ;י;ד;(36, 5, 17, 50, 7021)
(36, 5, 17, 89, 7060);ו;ם;ל;ש;ו;ר;י;ב;ך;ד;א;ה;ל;א;ת;י;ב;א;נ;ב;(36, 5, 17, 70, 7041)
(36, 5, 17, 109, 7080);י;ל;ע;ח;ל;ש;י;ה;נ;ד;ל;ע;א;כ;ל;מ;ת;ו;ע;ר;(36, 5, 17, 90, 7061)
(36, 6, 1, 18, 7100);ע;ט;ם;ש;א;כ;ל;מ;ש;ו;י;ר;ד;ן;י;ד;א;ב;א;נ;(36, 5, 17, 110, 7081)
(36, 6, 1, 38, 7120);ז;נ;ג;י;ד;א;י;ר;פ;ס;ת;י;ב;ב;ו;ר;ק;ב;ו;ם;(36, 6, 1, 19, 7101)
(36, 6, 2, 5, 7140);כ;ת;ש;ה;ו;ל;ב;ב;ב;ה;מ;ת;ן;י;ת;ח;ה;מ;א;י;(36, 6, 1, 39, 7121)
(36, 6, 2, 25, 7160);מ;י;ד;מ;ב;י;ד;א;ת;ר;י;ב;ב;א;ת;מ;ח;א;ב;ח;(36, 6, 2, 6, 7141)
(36, 6, 2, 45, 7180);ב;ב;י;ת;כ;ן;כ;ו;ה;ד;ח;ה;ל;ג;מ;א;ת;נ;י;ד;(36, 6, 2, 26, 7161)
(36, 6, 3, 11, 7200);ר;ו;כ;ל;ה;ד;ח;ת;נ;ש;ב;ה;נ;ו;ר;כ;ד;ה;ו;ג;(36, 6, 2, 46, 7181)
(36, 6, 3, 31, 7220);י;ב;ם;ע;ט;ם;ש;א;כ;ל;מ;ש;ר;ו;כ;א;כ;ל;מ;ש;(36, 6, 3, 12, 7201)
(36, 6, 3, 51, 7240);נ;ב;ת;י;א;ת;י;ב;ם;ל;ש;ו;ר;י;ב;א;ה;ל;א;ת;(36, 6, 3, 32, 7221)
(36, 6, 3, 71, 7260);ו;ש;א;ו;ן;י;ח;ב;ד;ן;י;ח;ב;ד;י;ד;ר;ת;א;א;(36, 6, 3, 52, 7241)
(36, 6, 3, 91, 7280);י;ת;ש;ן;י;מ;א;ה;מ;ו;ר;ן;י;ל;ב;ו;ס;מ;י;ה;(36, 6, 3, 72, 7261)
(36, 6, 4, 7, 7300);ד;ן;י;כ;ב;ד;נ;ן;י;ת;ש;ן;י;מ;א;ה;י;ת;פ;ן;(36, 6, 3, 92, 7281)
(36, 6, 4, 27, 7320);ע;א;י;ד;ך;ב;ד;נ;ו;א;ת;ל;ת;ל;ל;ג;ן;ב;א;י;(36, 6, 4, 8, 7301)
(36, 6, 4, 47, 7340);ת;ת;א;כ;ל;מ;ת;י;ב;ן;מ;א;ת;ק;פ;נ;ו;ת;ד;ח;(36, 6, 4, 28, 7321)
(36, 6, 5, 17, 7360);ד;י;ד;א;ה;ל;א;ת;י;ב;י;נ;א;מ;ף;א;ו;ב;ה;י;(36, 6, 4, 48, 7341)
(36, 6, 5, 37, 7380);נ;ה;ר;צ;נ;ד;כ;ו;ב;נ;י;ד;א;פ;ס;כ;ו;ה;ב;ה;(36, 6, 5, 18, 7361)
(36, 6, 5, 57, 7400);ה;ו;ם;ל;ש;ו;ר;י;ב;י;ד;א;ל;כ;י;ה;ן;מ;ק;פ;(36, 6, 5, 38, 7381)
(36, 6, 5, 77, 7420);ה;ל;ך;ה;י;ו;ן;ו;ב;י;ת;ה;י;ל;ב;ב;ל;ל;ב;י;(36, 6, 5, 58, 7401)
(36, 6, 5, 97, 7440);ת;ו;ה;ר;ת;א;ל;ם;ל;ש;ו;ר;י;ב;י;ד;א;ל;כ;י;(36, 6, 5, 78, 7421)
(36, 6, 6, 10, 7460);ת;ח;פ;י;נ;ת;ת;ן;ע;כ;א;ה;ל;א;ת;י;ב;ב;ת;ח;(36, 6, 5, 98, 7441)
(36, 6, 6, 30, 7480);ת;ו;נ;כ;ו;י;נ;ז;ו;ב;ר;ת;ש;ה;ר;ה;נ;ר;ב;ע;(36, 6, 6, 11, 7461)
(36, 6, 6, 50, 7500);ה;ר;ה;נ;ר;ב;ע;ב;י;ד;א;י;כ;ס;ר;פ;א;ן;ו;ה;(36, 6, 6, 31, 7481)
(36, 6, 7, 6, 7520);ע;ל;ו;ק;ב;ש;ה;מ;ת;ן;מ;ו;ו;ה;ן;י;ק;י;ח;ר;(36, 6, 6, 51, 7501)
(36, 6, 7, 26, 7540);ד;ו;ה;י;ת;ח;פ;ך;ד;א;ה;ל;א;ת;י;ב;ת;ד;י;ב;(36, 6, 7, 7, 7521)
(36, 6, 7, 46, 7560);א;ה;ל;א;ת;י;ב;א;י;ד;ו;ה;י;י;ב;ש;ל;ו;א;י;(36, 6, 7, 27, 7541)
(36, 6, 8, 7, 7580);ם;י;ש;י;נ;מ;ו;ה;ר;ת;א;ל;ע;ן;ו;נ;ב;י;ך;ד;(36, 6, 7, 47, 7561)
(36, 6, 8, 27, 7600);י;י;ב;ש;ם;ע;ן;ו;ד;ב;ע;ת;י;ד;א;מ;ל;ם;ע;ט;(36, 6, 8, 8, 7581)
(36, 6, 8, 47, 7620);א;ה;ל;א;ת;י;ב;א;נ;ב;מ;ל;ך;ל;א;א;י;ד;ו;ה;(36, 6, 8, 28, 7601)
(36, 6, 8, 67, 7640);ר;ב;ע;ת;ד;מ;י;ד;א;כ;ל;מ;י;ס;כ;נ;מ;ו;ך;ד;(36, 6, 8, 48, 7621)
(36, 6, 8, 87, 7660);מ;א;ו;ה;ת;א;ת;ק;פ;נ;א;נ;ר;פ;ס;א;ה;ר;ה;נ;(36, 6, 8, 68, 7641)
(36, 6, 8, 107, 7680);ב;ל;א;ל;י;ד;ך;ל;א;א;י;ר;ב;ג;ל;א;ב;ה;י;ת;(36, 6, 8, 88, 7661)
(36, 6, 9, 17, 7700);ו;ן;י;ר;ו;ת;י;נ;ב;ו;ן;ח;ש;ח;ה;מ;ו;א;ל;ט;(36, 6, 8, 108, 7681)
(36, 6, 9, 37, 7720);ה;ל;א;ל;ן;ו;ל;ע;ל;ן;י;ר;מ;א;ו;ן;י;ר;כ;ד;(36, 6, 9, 18, 7701)
(36, 6, 9, 57, 7740);כ;ח;ש;מ;ו;ר;מ;ח;ח;ל;מ;ן;י;ט;נ;ח;א;י;מ;ש;(36, 6, 9, 38, 7721)
(36, 6, 9, 77, 7760);ה;ל;ם;ל;ש;ו;ר;י;ב;י;ד;א;י;נ;ה;כ;ר;מ;א;מ;(36, 6, 9, 58, 7741)
(36, 6, 9, 97, 7780);ל;י;ד;ם;ו;י;ב;ם;ו;י;ם;ה;ל;ב;ה;י;ת;מ;א;ו;(36, 6, 9, 78, 7761)
(36, 6, 10, 16, 7800);ח;י;נ;ן;י;ב;ר;ק;ה;מ;ן;ו;ה;ל;י;ד;ו;ל;ש;א;(36, 6, 9, 98, 7781)
(36, 6, 10, 36, 7820);ח;ל;ן;י;ל;צ;מ;ו;א;י;מ;ש;ה;ל;א;ל;ן;י;ח;ו;(36, 6, 10, 17, 7801)
(36, 6, 11, 8, 7840);ט;ם;י;ש;י;נ;מ;ו;י;ה;ו;נ;ב;ו;א;כ;ל;מ;י;י;(36, 6, 10, 37, 7821)
(36, 6, 11, 28, 7860);מ;ג;ת;פ;א;נ;ש;ה;י;י;ד;ש;נ;א;ל;כ;י;ד;ם;ע;(36, 6, 11, 9, 7841)
(36, 6, 11, 48, 7880);ק;ז;ו;ה;ת;י;ב;ן;מ;ע;א;ח;ס;נ;ת;י;ה;נ;ד;א;(36, 6, 11, 29, 7861)
(36, 6, 11, 68, 7900);ו;ל;ו;נ;ה;ת;י;ב;ו;י;ה;ל;ע;א;ח;מ;ת;י;ף;י;(36, 6, 11, 49, 7881)
(36, 6, 12, 10, 7920);ן;כ;ש;י;ד;א;ה;ל;א;ו;ה;נ;ד;ל;ע;ד;ב;ע;ת;י;(36, 6, 11, 69, 7901)
(36, 6, 12, 30, 7940);י;ד;ם;ע;ו;ך;ל;מ;ל;כ;ר;ג;מ;י;ה;מ;ת;ה;מ;ש;(36, 6, 12, 11, 7921)
(36, 6, 12, 50, 7960);י;ב;ה;ל;ב;ח;ל;ה;י;נ;ש;ה;ל;ה;ד;י;ח;ל;ש;י;(36, 6, 12, 31, 7941)
(36, 6, 12, 70, 7980);ד;ה;נ;א;ם;ל;ש;ו;ר;י;ב;י;ד;ך;ד;א;ה;ל;א;ת;(36, 6, 12, 51, 7961)
(36, 6, 12, 90, 8000);ב;ע;ת;י;א;נ;ר;פ;ס;א;ם;ע;ט;ת;מ;ש;ש;ו;י;ר;(36, 6, 12, 71, 7981)
(36, 6, 13, 19, 8020);ש;ה;ר;ה;נ;ר;ב;ע;ת;ח;פ;י;נ;ת;ת;ן;י;ד;א;ד;(36, 6, 12, 91, 8001)
(36, 6, 13, 39, 8040);ד;ל;ב;ק;ל;ן;ו;ה;ת;ו;נ;כ;ו;י;נ;ז;ו;ב;ר;ת;(36, 6, 13, 20, 8021)
(36, 6, 13, 59, 8060);פ;ס;א;א;מ;נ;כ;א;כ;ל;מ;ש;ו;י;ר;ד;ח;ל;ש;י;(36, 6, 13, 40, 8041)
(36, 6, 14, 13, 8080);י;נ;ב;א;י;ד;ו;ה;י;י;ב;ש;ו;ו;ד;ב;ע;א;נ;ר;(36, 6, 13, 60, 8061)
(36, 6, 14, 33, 8100);י;ב;נ;י;ג;ח;ת;א;ו;ב;נ;ב;ן;י;ח;ל;צ;מ;ו;ן;(36, 6, 14, 14, 8081)
(36, 6, 14, 53, 8120);ש;ו;ו;נ;ב;ו;א;ו;ד;ע;ר;ב;ה;י;ר;כ;ז;ו;ה;א;(36, 6, 14, 34, 8101)
(36, 6, 14, 73, 8140);ט;מ;ו;ל;א;ר;ש;י;ה;ל;א;ם;ע;ט;ן;מ;ו;ל;ל;כ;(36, 6, 14, 54, 8121)
(36, 6, 14, 93, 8160);ת;ש;ש;ח;ת;ר;א;ו;ש;ו;י;ר;ד;ו;ש;ר;ו;כ;ם;ע;(36, 6, 14, 74, 8141)
(36, 6, 15, 13, 8180);ה;נ;ד;ה;ת;י;ב;א;י;צ;י;ש;ו;ס;ר;פ;ך;ל;מ;א;(36, 6, 14, 94, 8161)
(36, 6, 15, 33, 8200);י;ה;י;ד;ר;ד;א;ח;ר;י;ל;ה;ת;ל;ת;ם;ו;י;ד;ע;(36, 6, 15, 14, 8181)
(36, 6, 15, 53, 8220);כ;ל;מ;ש;ו;י;ר;ד;ת;ו;כ;ל;מ;ל;ת;ש;ת;נ;ש;א;(36, 6, 15, 34, 8201)
(36, 6, 16, 19, 8240);ו;א;י;נ;ה;כ;ל;א;ר;ש;י;י;נ;ב;ו;ד;ב;ע;ו;א;(36, 6, 15, 54, 8221)
(36, 6, 16, 39, 8260);ת;כ;נ;ח;א;ת;ו;ל;ג;י;נ;ב;ר;א;ש;ו;א;י;ו;ל;(36, 6, 16, 20, 8241)
(36, 6, 17, 5, 8280);ב;ר;ק;ה;ו;ה;ו;ד;ח;ב;ה;נ;ד;א;ה;ל;א;ת;י;ב;(36, 6, 16, 40, 8261)
(36, 6, 17, 25, 8300);י;ר;ו;ת;ה;נ;ד;א;ה;ל;א;ת;י;ב;ת;כ;נ;ח;ל;ו;(36, 6, 17, 6, 8281)
(36, 6, 17, 45, 8320);א;ן;י;ר;מ;א;ן;י;ת;א;מ;ן;י;ר;כ;ד;ה;א;מ;ן;(36, 6, 17, 26, 8301)
(36, 6, 17, 65, 8340);י;ט;ח;ל;ן;י;ז;ע;י;ר;י;פ;צ;ו;ה;א;מ;ע;ב;ר;(36, 6, 17, 46, 8321)
(36, 6, 17, 85, 8360);י;נ;מ;ל;ר;ש;ע;י;ר;ת;ל;א;ר;ש;י;ל;כ;ל;ע;א;(36, 6, 17, 66, 8341)
(36, 6, 18, 10, 8380);י;נ;ה;כ;ו;מ;י;ק;ה;ו;ל;א;ר;ש;י;י;ט;ב;ש;ן;(36, 6, 17, 86, 8361)
(36, 6, 18, 30, 8400);ת;ק;ל;ח;מ;ב;א;י;ו;ל;ו;ן;ו;ה;ת;ג;ל;פ;ב;א;(36, 6, 18, 11, 8381)
(36, 6, 18, 50, 8420);ו;ר;י;ב;י;ד;א;ה;ל;א;ת;ד;י;ב;ע;ל;ע;ן;ו;ה;(36, 6, 18, 31, 8401)
(36, 6, 19, 7, 8440);נ;ב;ו;ש;ע;י;ו;ה;ש;מ;ר;פ;ס;ב;ת;כ;כ;ם;ל;ש;(36, 6, 18, 51, 8421)
(36, 6, 19, 27, 8460);ש;ע;ה;ע;ב;ר;א;ב;ח;ס;פ;ה;ת;א;ה;ל;ו;ג;ה;י;(36, 6, 19, 8, 8441)
(36, 6, 20, 9, 8480);כ;ה;ו;ר;ה;ט;ה;י;כ;ן;ו;ש;א;ר;ה;ש;ד;ח;ל;ר;(36, 6, 19, 28, 8461)
(36, 6, 20, 29, 8500);ו;ה;ט;ם;ל;כ;ד;ח;א;כ;ם;י;ו;ל;ה;ו;ם;י;נ;ה;(36, 6, 20, 10, 8481)
(36, 6, 20, 49, 8520);ה;י;נ;ב;ל;כ;ל;ח;ס;פ;ה;ו;ט;ח;ש;י;ו;ם;י;ר;(36, 6, 20, 30, 8501)
(36, 6, 20, 69, 8540);ה;ל;ו;ם;י;נ;ה;כ;ה;ם;ה;י;ח;א;ל;ו;ה;ל;ו;ג;(36, 6, 20, 50, 8521)
(36, 6, 21, 19, 8560);ם;י;ב;ש;ה;ל;א;ר;ש;י;י;נ;ב;ו;ל;כ;א;י;ו;ם;(36, 6, 20, 70, 8541)
(36, 6, 21, 39, 8580);ג;ת;א;מ;ט;מ;ל;ד;ב;נ;ה;ל;כ;ו;ה;ל;ו;ג;ה;מ;(36, 6, 21, 20, 8561)
(36, 6, 21, 59, 8600);א;ה;ו;ה;י;ל;ש;ר;ד;ל;ם;ה;ל;א;ץ;ר;א;ה;י;ו;(36, 6, 21, 40, 8581)
(36, 6, 22, 12, 8620);ש;ת;ו;צ;מ;ג;ח;ו;ש;ע;י;ו;ל;א;ר;ש;י;י;ה;ל;(36, 6, 21, 60, 8601)
(36, 6, 22, 32, 8640);ה;י;ם;ח;מ;ש;י;כ;ה;ח;מ;ש;ב;ם;י;מ;י;ת;ע;ב;(36, 6, 22, 13, 8621)
(36, 6, 22, 52, 8660);ם;ה;י;ל;ע;ר;ו;ש;א;ך;ל;מ;ב;ל;ב;ס;ה;ו;ה;ו;(36, 6, 22, 33, 8641)
(36, 6, 22, 72, 8680);א;ה;ת;י;ב;ת;כ;א;ל;מ;ב;ם;ה;י;ד;י;ק;ז;ח;ל;(36, 6, 22, 53, 8661)
(36, 7, 1, 7, 8700);ב;ד;ה;ר;ח;א;ו;ל;א;ר;ש;י;י;ה;ל;א;ם;י;ה;ל;(36, 6, 22, 73, 8681)
(36, 7, 1, 27, 8720);ת;ס;ש;ח;ת;ר;א;ת;ו;כ;ל;מ;ב;ה;ל;א;ה;ם;י;ר;(36, 7, 1, 8, 8701)
(36, 7, 1, 47, 8740);ע;ן;ב;ה;י;ר;ש;ן;ב;א;ר;ז;ע;ס;ר;פ;ך;ל;מ;א;(36, 7, 1, 28, 8721)
(36, 7, 2, 9, 8760);צ;ן;ב;ם;ו;ל;ש;ן;ב;ה;י;ק;ל;ח;ן;ב;ה;י;ר;ז;(36, 7, 1, 48, 8741)
(36, 7, 3, 9, 8780);ן;ב;ה;י;ר;מ;א;ן;ב;ב;ו;ט;י;ח;א;ן;ב;ק;ו;ד;(36, 7, 2, 10, 8761)
(36, 7, 4, 8, 8800);ב;ה;י;ח;ר;ז;ן;ב;ת;ו;י;ר;מ;ן;ב;ה;י;ר;ז;ע;(36, 7, 3, 10, 8781)
(36, 7, 5, 11, 8820);פ;ן;ב;ע;ו;ש;י;ב;א;ן;ב;י;ק;ב;ן;ב;י;ז;ע;ן;(36, 7, 4, 9, 8801)
(36, 7, 5, 31, 8840);ה;כ;ה;ן;ר;ה;א;ן;ב;ר;ז;ע;ל;א;ן;ב;ס;ח;נ;י;(36, 7, 5, 12, 8821)
(36, 7, 6, 15, 8860);ו;ל;ב;ב;מ;ה;ל;ע;א;ר;ז;ע;א;ו;ה;ש;א;ר;ה;ן;(36, 7, 5, 32, 8841)
(36, 7, 6, 35, 8880);ש;א;ה;ש;מ;ת;ר;ו;ת;ב;ר;י;ה;מ;ר;פ;ס;א;ו;ה;(36, 7, 6, 16, 8861)
(36, 7, 6, 55, 8900);ת;י;ו;ל;א;ר;ש;י;י;ה;ל;א;ה;ו;ה;י;ן;ת;נ;ר;(36, 7, 6, 36, 8881)
(36, 7, 6, 75, 8920);ע;ו;י;ה;ל;א;ה;ו;ה;י;ד;י;כ;ך;ל;מ;ה;ו;ל;ן;(36, 7, 6, 56, 8901)
(36, 7, 7, 10, 8940);י;י;נ;ב;מ;ו;ל;ע;י;ו;ו;ת;ש;ק;ב;ל;כ;ו;י;ל;(36, 7, 6, 76, 8921)
(36, 7, 7, 30, 8960);ו;ם;י;ו;ל;ה;ו;ם;י;נ;ה;כ;ה;ן;מ;ו;ל;א;ר;ש;(36, 7, 7, 11, 8941)
(36, 7, 7, 50, 8980);נ;י;ת;נ;ה;ו;ם;י;ר;ע;ש;ה;ו;ם;י;ר;ר;ש;מ;ה;(36, 7, 7, 31, 8961)
(36, 7, 7, 70, 9000);ר;א;ל;ע;ב;ש;ת;נ;ש;ב;ם;ל;ש;ו;ר;י;ל;א;ם;י;(36, 7, 7, 51, 8981)
(36, 7, 8, 10, 9020);ם;ל;ש;ו;ר;י;א;ב;י;ו;ך;ל;מ;ה;א;ת;ס;ש;ח;ת;(36, 7, 7, 71, 9001)
(36, 7, 8, 30, 9040);י;ב;ש;ה;ת;נ;ש;א;י;ה;י;ש;י;מ;ח;ה;ש;ד;ח;ב;(36, 7, 8, 11, 9021)
(36, 7, 9, 13, 9060);א;ר;ה;ש;ד;ח;ל;ד;ח;א;ב;י;כ;ך;ל;מ;ל;ת;י;ע;(36, 7, 8, 31, 9041)
(36, 7, 9, 33, 9080);ב;ו;ל;ב;ב;מ;ה;ל;ע;מ;ה;ד;ס;י;א;ו;ה;ן;ו;ש;(36, 7, 9, 14, 9061)
(36, 7, 9, 53, 9100);ו;ר;י;ל;א;א;ב;י;ש;י;מ;ח;ה;ש;ד;ח;ל;ד;ח;א;(36, 7, 9, 34, 9081)
(36, 7, 9, 73, 9120);ו;י;ל;ע;ה;ב;ו;ט;ה;ו;י;ה;ל;א;ד;י;כ;ם;ל;ש;(36, 7, 9, 54, 9101)
(36, 7, 10, 20, 9140);ת;א;ש;ר;ד;ל;ו;ב;ב;ל;ן;י;כ;ה;א;ר;ז;ע;י;כ;(36, 7, 10, 1, 9121)
(36, 7, 10, 40, 9160);י;ב;ד;מ;ל;ל;ו;ת;ש;ע;ל;ו;ה;ו;ה;י;ת;ר;ו;ת;(36, 7, 10, 21, 9141)
(36, 7, 11, 9, 9180);ה;ן;ג;ש;ר;פ;ה;ז;ו;ט;פ;ש;מ;ו;ק;ח;ל;א;ר;ש;(36, 7, 10, 41, 9161)
(36, 7, 11, 29, 9200);ש;ח;ת;ר;א;ך;ל;מ;ה;ן;ת;נ;ר;ש;א;ן;ו;ת;ש;נ;(36, 7, 11, 10, 9181)
(36, 7, 11, 49, 9220);ד;ר;פ;ס;ר;פ;ס;ה;ן;ה;כ;ה;א;ר;ז;ע;ל;א;ת;ס;(36, 7, 11, 30, 9201)
(36, 7, 11, 69, 9240);ש;י;ל;ע;ו;י;ק;ח;ו;ה;ו;ה;י;ת;ו;צ;מ;י;ר;ב;(36, 7, 11, 50, 9221)
(36, 7, 12, 17, 9260);ל;א;י;כ;ל;מ;ך;ל;מ;א;ת;ס;ש;ח;ת;ר;א;ל;א;ר;(36, 7, 11, 70, 9241)
(36, 7, 12, 37, 9280);ש;ה;ל;א;י;ד;א;ת;ד;ר;פ;ס;א;נ;ה;כ;א;ר;ז;ע;(36, 7, 12, 18, 9261)
(36, 7, 13, 8, 9300);ע;ט;ם;י;ש;י;נ;מ;ת;נ;ע;כ;ו;ר;י;מ;ג;א;י;מ;(36, 7, 12, 38, 9281)
(36, 7, 13, 28, 9320);ע;ן;מ;י;ת;ו;כ;ל;מ;ב;ב;ד;נ;ת;מ;ל;כ;י;ד;ם;(36, 7, 13, 9, 9301)
(36, 7, 13, 48, 9340);ל;א;י;ו;ל;ו;י;ה;ו;נ;ה;כ;ו;ל;א;ר;ש;י;א;מ;(36, 7, 13, 29, 9321)
(36, 7, 14, 4, 9360);ב;ק;ל;כ;ך;ה;י;ך;מ;ע;ם;ל;ש;ו;ר;י;ל;ך;ה;מ;(36, 7, 13, 49, 9341)
(36, 7, 14, 24, 9380);ט;ע;י;ת;ע;ב;ש;ו;א;כ;ל;מ;ם;ד;ק;ן;מ;י;ד;ל;(36, 7, 14, 5, 9361)
(36, 7, 14, 44, 9400);י;ל;ו;ד;ו;ה;י;ל;ע;ה;ר;ק;ב;ל;ח;י;ל;ש;י;ה;(36, 7, 14, 25, 9381)
(36, 7, 15, 2, 9420);ל;ו;ך;ד;י;ב;י;ד;ך;ה;ל;א;ת;ד;ב;ם;ל;ש;ו;ר;(36, 7, 14, 45, 9401)
(36, 7, 15, 22, 9440);י;ו;א;כ;ל;מ;י;ד;ב;ה;ד;ו;ף;ס;כ;ה;ל;ב;י;ה;(36, 7, 15, 3, 9421)
(36, 7, 15, 42, 9460);ל;א;ר;ש;י;ה;ל;א;ל;ו;ב;ד;נ;ת;ה;י;ה;ו;ט;ע;(36, 7, 15, 23, 9441)
(36, 7, 16, 6, 9480);ף;ס;כ;ל;כ;ו;ה;נ;כ;ש;מ;ם;ל;ש;ו;ר;י;ב;י;ד;(36, 7, 15, 43, 9461)
(36, 7, 16, 26, 9500);ב;ת;נ;י;ד;מ;ל;כ;ב;ח;כ;ש;ה;ת;י;ד;ב;ה;ד;ו;(36, 7, 16, 7, 9481)
(36, 7, 16, 46, 9520);א;י;נ;ה;כ;ו;א;מ;ע;ת;ו;ב;ד;נ;ת;ה;ם;ע;ל;ב;(36, 7, 16, 27, 9501)
(36, 7, 16, 66, 9540);י;ב;י;ד;ם;ה;ה;ל;א;ת;י;ב;ל;ן;י;ב;ד;נ;ת;מ;(36, 7, 16, 47, 9521)
(36, 7, 17, 15, 9560);ת;א;נ;ר;פ;ס;א;ה;נ;ד;ל;ב;ק;ל;כ;ם;ל;ש;ו;ר;(36, 7, 16, 67, 9541)
(36, 7, 17, 35, 9580);י;ר;כ;ד;ן;י;ר;ו;ת;ה;נ;ד;א;פ;ס;כ;ב;א;נ;ק;(36, 7, 17, 16, 9561)
(36, 7, 17, 55, 9600);ה;י;כ;ס;נ;ו;ן;ו;ה;ת;ח;נ;מ;ו;ן;י;ר;מ;א;ן;(36, 7, 17, 36, 9581)
(36, 7, 17, 75, 9620);ב;י;ד;ה;ח;ב;ד;מ;ל;ע;ו;מ;ה;ב;ר;ק;ת;ו;ן;ו;(36, 7, 17, 56, 9601)
(36, 7, 18, 4, 9640);ד;ה;מ;ו;ם;ל;ש;ו;ר;י;ב;י;ד;ם;כ;ה;ל;א;ת;י;(36, 7, 17, 76, 9621)
(36, 7, 18, 24, 9660);ר;א;ש;ב;ב;ט;י;י;ך;י;ח;א;ל;ע;ו;ך;י;ל;ע;י;(36, 7, 18, 5, 9641)
(36, 7, 18, 44, 9680);א;ת;ו;ע;ר;כ;ד;ב;ע;מ;ל;ה;ב;ה;ד;ו;א;פ;ס;כ;(36, 7, 18, 25, 9661)
(36, 7, 19, 10, 9700);ת;מ;י;ד;א;י;נ;א;מ;ו;ן;ו;ד;ב;ע;ת;ם;כ;ה;ל;(36, 7, 18, 45, 9681)
(36, 7, 19, 30, 9720);ה;ך;ה;ל;א;ת;י;ב;ן;ח;ל;פ;ל;ך;ל;ן;י;ב;ה;י;(36, 7, 19, 11, 9701)
(36, 7, 20, 5, 9740);ח;ר;א;ש;ו;ם;ל;ש;ו;ר;י;ה;ל;א;ם;ד;ק;ם;ל;ש;(36, 7, 19, 31, 9721)
(36, 7, 20, 25, 9760);מ;ל;ך;ל;ל;פ;י;י;ד;ך;ה;ל;א;ת;י;ב;ת;ו;ח;ש;(36, 7, 20, 6, 9741)
(36, 7, 20, 45, 9780);א;כ;ל;מ;י;ז;נ;ג;ת;י;ב;ן;מ;ן;ת;נ;ת;ן;ת;נ;(36, 7, 20, 26, 9761)
(36, 7, 21, 20, 9800);ש;א;כ;ל;מ;א;ת;ס;ש;ח;ת;ר;א;ה;נ;א;י;נ;מ;ו;(36, 7, 21, 1, 9781)
(36, 7, 21, 40, 9820);ר;ב;ע;ב;י;ד;א;י;ר;ב;ז;ג;ל;כ;ל;ם;ע;ט;ם;י;(36, 7, 21, 21, 9801)
(36, 7, 21, 60, 9840);ז;ע;ן;ו;כ;נ;ל;א;ש;י;י;ד;ל;כ;י;ד;ה;ר;ה;נ;(36, 7, 21, 41, 9821)
(36, 7, 21, 80, 9860);י;מ;ש;ה;ל;א;י;ד;א;ת;ד;ר;פ;ס;א;נ;ה;כ;א;ר;(36, 7, 21, 61, 9841)
(36, 7, 22, 8, 9880);ר;כ;כ;ף;ס;כ;ד;ע;ד;ב;ע;ת;י;א;נ;ר;פ;ס;א;א;(36, 7, 21, 81, 9861)
(36, 7, 22, 28, 9900);א;מ;ן;י;ר;ו;כ;ן;י;ט;נ;ח;ד;ע;ו;ה;א;מ;ן;י;(36, 7, 22, 9, 9881)
(36, 7, 22, 48, 9920);י;ת;ב;ד;ע;ו;ה;א;מ;ן;י;ת;ב;ר;מ;ח;ד;ע;ו;ה;(36, 7, 22, 29, 9901)
(36, 7, 23, 2, 9940);ל;כ;ב;ת;כ;א;ל;י;ד;ח;ל;מ;ו;ה;א;מ;ח;ש;מ;ן;(36, 7, 22, 49, 9921)
(36, 7, 23, 22, 9960);א;ד;ב;ע;ת;י;א;י;מ;ש;ה;ל;א;ם;ע;ט;ן;מ;י;ד;(36, 7, 23, 3, 9941)
(36, 7, 23, 42, 9980);מ;ל;י;ד;א;י;מ;ש;ה;ל;א;ת;י;ב;ל;א;ד;ז;ר;ד;(36, 7, 23, 23, 9961)
(36, 7, 23, 62, 10000);ו;א;כ;ל;מ;ת;ו;כ;ל;מ;ל;ע;ף;צ;ק;א;ו;ה;ל;ה;(36, 7, 23, 43, 9981)
(36, 7, 24, 15, 10020);ל;כ;י;ד;ן;י;ע;ד;ו;ה;מ;ם;כ;ל;ו;י;ה;ו;נ;ב;(36, 7, 23, 63, 10001)
(36, 7, 24, 35, 10040);א;י;ע;ר;ת;א;י;ר;מ;ז;א;י;ו;ל;ו;א;י;נ;ה;כ;(36, 7, 24, 16, 10021)
(36, 7, 24, 55, 10060);נ;ד;א;ה;ל;א;ת;י;ב;י;ח;ל;פ;ו;א;י;נ;י;ת;נ;(36, 7, 24, 36, 10041)
(36, 7, 24, 75, 10080);מ;ל;ט;י;ל;ש;א;ל;ך;ל;ה;ו;ו;ל;ב;ה;ד;נ;מ;ה;(36, 7, 24, 56, 10061)
(36, 7, 25, 12, 10100);מ;כ;ח;כ;א;ר;ז;ע;ת;נ;א;ו;ם;ה;י;ל;ע;א;מ;ר;(36, 7, 24, 76, 10081)
(36, 7, 25, 32, 10120);ו;ן;י;ט;פ;ש;י;נ;מ;ך;ד;י;ב;י;ד;ך;ה;ל;א;ת;(36, 7, 25, 13, 10101)
(36, 7, 25, 52, 10140);ע;ל;כ;ל;ן;י;נ;א;ד;ן;ו;ה;ל;י;ד;ן;י;נ;י;ד;(36, 7, 25, 33, 10121)
(36, 7, 25, 72, 10160);ד;י;ע;ד;י;ל;כ;ל;ה;ר;ה;נ;ר;ב;ע;ב;י;ד;א;מ;(36, 7, 25, 53, 10141)
(36, 7, 25, 92, 10180);ו;ע;ד;ו;ה;ת;ע;ד;י;א;ל;י;ד;ו;ך;ה;ל;א;י;ת;(36, 7, 25, 73, 10161)
(36, 7, 26, 19, 10200);י;ד;א;ת;ד;ד;ב;ע;א;ו;ה;ל;א;ל;י;ד;ל;כ;ו;ן;(36, 7, 25, 93, 10181)
(36, 7, 26, 39, 10220);א;נ;ר;פ;ס;א;א;כ;ל;מ;י;ד;א;ת;ד;ו;ך;ה;ל;א;(36, 7, 26, 20, 10201)
(36, 7, 26, 59, 10240);מ;ל;ן;ה;ה;נ;מ;ד;ב;ע;ת;מ;א;ו;ה;ל;ה;נ;י;ד;(36, 7, 26, 40, 10221)
(36, 7, 26, 79, 10260);ן;י;ס;כ;נ;ש;נ;ע;ל;ן;ה;ו;ש;ר;ש;ל;ן;ה;ת;ו;(36, 7, 26, 60, 10241)
(36, 7, 27, 12, 10280);י;ה;ל;א;ה;ו;ה;י;ך;ו;ר;ב;ן;י;ר;ו;ס;א;ל;ו;(36, 7, 26, 80, 10261)
(36, 7, 27, 32, 10300);ה;ב;ל;ב;ת;א;ז;כ;ן;ת;נ;ר;ש;א;ו;נ;י;ת;ב;א;(36, 7, 27, 13, 10281)
(36, 7, 27, 52, 10320);ב;ר;ש;א;ה;ו;ה;י;ת;י;ב;ת;א;ר;א;פ;ל;ך;ל;מ;(36, 7, 27, 33, 10301)
(36, 7, 28, 14, 10340);י;נ;פ;ל;ד;ס;ח;ה;ט;ה;י;ל;ע;ו;ם;ל;ש;ו;ר;י;(36, 7, 27, 53, 10321)
(36, 7, 28, 34, 10360);מ;ה;י;ר;ש;ל;כ;ל;ו;ו;י;צ;ע;ו;י;ו;ך;ל;מ;ה;(36, 7, 28, 15, 10341)
(36, 7, 28, 54, 10380);כ;י;ת;ק;ז;ח;ת;ה;י;נ;א;ו;ם;י;ר;ב;ג;ה;ך;ל;(36, 7, 28, 35, 10361)
(36, 7, 28, 74, 10400);מ;ה;צ;ב;ק;א;ו;י;ל;ע;י;ה;ל;א;ה;ו;ה;י;ד;י;(36, 7, 28, 55, 10381)
(36, 8, 1, 2, 10420);א;ו;י;מ;ע;ת;ו;ל;ע;ל;ם;י;ש;א;ר;ל;א;ר;ש;י;(36, 7, 28, 75, 10401)
(36, 8, 1, 22, 10440);ה;ם;ש;ח;י;ת;ה;ו;ם;ה;י;ת;ב;א;י;ש;א;ר;ה;ל;(36, 8, 1, 3, 10421)
(36, 8, 1, 42, 10460);ת;ס;ש;ח;ת;ר;א;ת;ו;כ;ל;מ;ב;י;מ;ע;ם;י;ל;ע;(36, 8, 1, 23, 10441)
(36, 8, 2, 11, 10480);ר;ג;ס;ח;נ;י;פ;י;נ;ב;מ;ל;ב;ב;מ;ך;ל;מ;ה;א;(36, 8, 1, 43, 10461)
(36, 8, 2, 31, 10500);י;נ;ב;מ;ל;א;י;נ;ד;ר;מ;ת;י;א;י;נ;ב;מ;ם;ש;(36, 8, 2, 12, 10481)
(36, 8, 3, 12, 10520);נ;ב;מ;ה;י;נ;כ;ש;י;נ;ב;מ;ש;ו;ט;ח;ד;י;ו;ד;(36, 8, 2, 32, 10501)
(36, 8, 3, 32, 10540);ל;ש;ח;י;ת;ה;ו;מ;ע;ו;ה;י;ר;כ;ז;ש;ע;ר;פ;י;(36, 8, 3, 13, 10521)
(36, 8, 4, 6, 10560);ח;פ;י;נ;ב;מ;ם;י;ש;מ;ח;ו;ה;א;מ;ם;י;ר;כ;ז;(36, 8, 3, 33, 10541)
(36, 8, 4, 26, 10580);י;ח;ר;ז;ן;ב;י;נ;י;ע;ו;ה;י;ל;א;ב;א;ו;מ;ת;(36, 8, 4, 7, 10561)
(36, 8, 5, 4, 10600);י;נ;ב;מ;ם;י;ר;כ;ז;ה;ם;י;ת;א;מ;ו;מ;ע;ו;ה;(36, 8, 4, 27, 10581)
(36, 8, 5, 24, 10620);ש;ל;ש;ו;מ;ע;ו;ל;א;י;ז;ח;י;ן;ב;ה;י;נ;כ;ש;(36, 8, 5, 5, 10601)
(36, 8, 6, 10, 10640);ע;ן;י;ד;ע;י;נ;ב;מ;ו;ם;י;ר;כ;ז;ה;ת;ו;א;מ;(36, 8, 5, 25, 10621)
(36, 8, 6, 30, 10660);ז;ה;ם;י;ש;מ;ח;ו;מ;ע;ו;ן;ת;נ;ו;י;ן;ב;ד;ב;(36, 8, 6, 11, 10641)
(36, 8, 7, 16, 10680);ן;ב;ה;י;ע;ש;י;ם;ל;י;ע;י;נ;ב;מ;ו;ם;י;ר;כ;(36, 8, 6, 31, 10661)
(36, 8, 7, 36, 10700);ם;י;ר;כ;ז;ה;ם;י;ע;ב;ש;ו;מ;ע;ו;ה;י;ל;ת;ע;(36, 8, 7, 17, 10681)
(36, 8, 8, 20, 10720);כ;י;מ;ן;ב;ה;י;ד;ב;ז;ה;י;ט;פ;ש;י;נ;ב;מ;ו;(36, 8, 8, 1, 10701)
(36, 8, 9, 3, 10740);נ;ב;מ;ם;י;ר;כ;ז;ה;ם;י;נ;מ;ש;ו;מ;ע;ו;ל;א;(36, 8, 8, 21, 10721)
(36, 8, 9, 23, 10760);מ;ע;ו;ל;א;י;ח;י;ן;ב;ה;י;ד;ב;ע;ב;א;ו;י;י;(36, 8, 9, 4, 10741)
(36, 8, 9, 43, 10780);ם;י;ר;כ;ז;ה;ר;ש;ע;ה;נ;מ;ש;ו;ם;י;ת;א;מ;ו;(36, 8, 9, 24, 10761)
(36, 8, 10, 20, 10800);ו;ה;י;פ;ס;ו;י;ן;ב;ת;י;מ;ו;ל;ש;י;נ;ב;מ;ו;(36, 8, 10, 1, 10781)
(36, 8, 11, 3, 10820);ב;מ;ו;ם;י;ר;כ;ז;ה;ם;י;ש;ש;ו;ה;א;מ;ו;מ;ע;(36, 8, 10, 21, 10801)
(36, 8, 11, 23, 10840);ע;ו;מ;ע;ו;י;ב;ב;ן;ב;ה;י;ר;כ;ז;י;ב;ב;י;נ;(36, 8, 11, 4, 10821)
(36, 8, 12, 5, 10860);י;נ;ב;מ;ו;ם;י;ר;כ;ז;ה;ה;נ;מ;ש;ו;ם;י;ר;ש;(36, 8, 11, 24, 10841)
(36, 8, 12, 25, 10880);מ;ו;מ;ע;ו;ן;ט;ק;ה;ן;ב;ן;נ;ח;ו;י;ד;ג;ז;ע;(36, 8, 12, 6, 10861)
(36, 8, 13, 7, 10900);ד;א;י;נ;ב;מ;ו;ם;י;ר;כ;ז;ה;ה;ר;ש;ע;ו;ה;א;(36, 8, 12, 26, 10881)
(36, 8, 13, 27, 10920);א;ם;ת;ו;מ;ש;ה;ל;א;ו;ם;י;נ;ר;ח;א;ם;ק;י;נ;(36, 8, 13, 8, 10901)
(36, 8, 13, 47, 10940);ה;מ;ע;ו;ה;י;ע;מ;ש;ו;ל;א;י;ע;י;ט;ל;פ;י;ל;(36, 8, 13, 28, 10921)
(36, 8, 14, 9, 10960);י;ו;ג;ב;י;נ;ב;מ;ו;ם;י;ר;כ;ז;ה;ם;י;ש;ש;ם;(36, 8, 13, 48, 10941)
(36, 8, 14, 29, 10980);ז;ה;ם;י;ע;ב;ש;ו;מ;ע;ו;ד;ו;ב;ז;ו;י;ת;ו;ע;(36, 8, 14, 10, 10961)
(36, 8, 15, 16, 11000);א;א;ב;ה;ר;ה;נ;ה;ל;א;ם;צ;ב;ק;א;ו;ם;י;ר;כ;(36, 8, 14, 30, 10981)
(36, 8, 15, 36, 11020);ה;ש;ל;ש;ם;י;מ;י;ם;ש;ה;נ;ח;נ;ו;א;ו;ה;א;ל;(36, 8, 15, 17, 11001)
(36, 8, 15, 56, 11040);נ;ב;מ;ו;ם;י;נ;ה;כ;ב;ו;ם;ע;ב;ה;נ;י;ב;א;ו;(36, 8, 15, 37, 11021)
(36, 8, 16, 7, 11060);ל;ה;ח;ל;ש;א;ו;ם;ש;י;ת;א;צ;מ;א;ל;י;ו;ל;י;(36, 8, 15, 57, 11041)
(36, 8, 16, 27, 11080);ל;ו;ה;י;ע;מ;ש;ל;ל;א;י;ר;א;ל;ר;ז;ע;י;ל;א;(36, 8, 16, 8, 11061)
(36, 8, 16, 47, 11100);ל;ו;ן;ת;נ;ל;א;ל;ו;ב;י;ר;י;ל;ו;ן;ת;נ;ל;א;(36, 8, 16, 28, 11081)
(36, 8, 16, 67, 11120);י;ש;א;ר;ם;ל;ש;מ;ל;ו;ה;י;ר;כ;ז;ל;ו;ן;ת;נ;(36, 8, 16, 48, 11101)
(36, 8, 16, 87, 11140);נ;י;ב;מ;ן;ת;נ;ל;א;ל;ו;ב;י;ר;י;ו;י;ל;ו;ם;(36, 8, 16, 68, 11121)
(36, 8, 17, 18, 11160);א;ר;ה;ו;ד;א;ל;ע;ם;ת;ו;א;ה;א;צ;ו;א;ו;ם;י;(36, 8, 16, 88, 11141)
(36, 8, 17, 38, 11180);פ;ב;ה;מ;י;ש;א;ו;ם;ו;ק;מ;ה;א;י;פ;ס;כ;ב;ש;(36, 8, 17, 19, 11161)
(36, 8, 17, 58, 11200);י;ח;א;ו;ד;א;ל;א;ר;ב;ד;ל;ם;י;ר;ב;ד;ם;ה;י;(36, 8, 17, 39, 11181)
(36, 8, 17, 78, 11220);ל;ם;ו;ק;מ;ה;א;י;פ;ס;כ;ב;ם;י;נ;ו;ת;נ;ה;ו;(36, 8, 17, 59, 11201)
(36, 8, 17, 98, 11240);ה;ל;א;ת;י;ב;ל;ם;י;ת;ר;ש;מ;ו;נ;ל;א;י;ב;ה;(36, 8, 17, 79, 11221)
(36, 8, 18, 17, 11260);נ;י;ה;ל;א;ד;י;כ;ו;נ;ל;ו;א;י;ב;י;ו;ו;נ;י;(36, 8, 17, 99, 11241)
(36, 8, 18, 37, 11280);נ;ב;מ;ל;כ;ש;ש;י;א;ו;נ;י;ל;ע;ה;ב;ו;ט;ה;ו;(36, 8, 18, 18, 11261)
(36, 8, 18, 57, 11300);ר;ש;ו;ל;א;ר;ש;י;ן;ב;י;ו;ל;ן;ב;י;ל;ח;מ;י;(36, 8, 18, 38, 11281)
(36, 8, 18, 77, 11320);ר;ש;ע;ה;נ;מ;ש;ו;י;ח;א;ו;ו;י;נ;ב;ו;ה;י;ב;(36, 8, 18, 58, 11301)
(36, 8, 19, 20, 11340);נ;ב;מ;ה;י;ע;ש;י;ו;ת;א;ו;ה;י;ב;ש;ח;ת;א;ו;(36, 8, 19, 1, 11321)
(36, 8, 19, 40, 11360);ם;י;ר;ש;ע;ם;ה;י;נ;ב;ו;ו;י;ח;א;י;ר;ר;מ;י;(36, 8, 19, 21, 11341)
(36, 8, 20, 20, 11380);ה;ו;ד;י;ו;ד;ן;ת;נ;ש;ם;י;נ;י;ת;נ;ה;ן;מ;ו;(36, 8, 20, 1, 11361)
(36, 8, 20, 40, 11400);ם;י;נ;י;ת;נ;ם;י;ו;ל;ה;ת;ד;ב;ע;ל;ם;י;ר;ש;(36, 8, 20, 21, 11381)
(36, 8, 20, 60, 11420);ש;ב;ו;ב;ק;נ;ם;ל;כ;ם;י;ר;ש;ע;ו;ם;י;ת;א;מ;(36, 8, 20, 41, 11401)
(36, 8, 21, 17, 11440);א;ר;ה;נ;ה;ל;ע;ם;ו;צ;ם;ש;א;ר;ק;א;ו;ת;ו;מ;(36, 8, 20, 61, 11421)
(36, 8, 21, 37, 11460);ו;נ;י;ה;ל;א;י;נ;פ;ל;ת;ו;נ;ע;ת;ה;ל;א;ו;ה;(36, 8, 21, 18, 11441)
(36, 8, 21, 57, 11480);ל;ו;ו;נ;ל;ה;ר;ש;י;ך;ר;ד;ו;נ;מ;מ;ש;ק;ב;ל;(36, 8, 21, 38, 11461)
(36, 8, 22, 6, 11500);י;ת;ש;ב;י;כ;ו;נ;ש;ו;כ;ר;ל;כ;ל;ו;ו;נ;פ;ט;(36, 8, 21, 58, 11481)
(36, 8, 22, 26, 11520);ם;י;ש;ר;פ;ו;ל;י;ח;ך;ל;מ;ה;ן;מ;ל;ו;א;ש;ל;(36, 8, 22, 7, 11501)
(36, 8, 22, 46, 11540);ר;מ;א;י;כ;ך;ר;ד;ב;ב;י;ו;א;מ;ו;נ;ר;ז;ע;ל;(36, 8, 22, 27, 11521)
(36, 8, 22, 66, 11560);ל;ע;ו;נ;י;ה;ל;א;ד;י;ר;מ;א;ל;ך;ל;מ;ל;ו;נ;(36, 8, 22, 47, 11541)
(36, 8, 22, 86, 11580);פ;א;ו;ו;ז;ע;ו;ה;ב;ו;ט;ל;ו;י;ש;ק;ב;מ;ל;כ;(36, 8, 22, 67, 11561)
(36, 8, 23, 10, 11600);ק;ב;נ;ו;ה;מ;ו;צ;נ;ו;ו;י;ב;ז;ע;ל;כ;ל;ע;ו;(36, 8, 22, 87, 11581)
(36, 8, 23, 30, 11620);ל;ר;ת;ע;י;ו;ת;א;ז;ל;ע;ו;נ;י;ה;ל;א;מ;ה;ש;(36, 8, 23, 11, 11601)
(36, 8, 24, 18, 11640);ש;ם;י;נ;ה;כ;ה;י;ר;ש;מ;ה;ל;י;ד;ב;א;ו;ו;נ;(36, 8, 23, 31, 11621)
(36, 8, 24, 38, 11660);מ;ע;ו;ה;י;ב;ש;ח;ה;י;ב;ר;ש;ל;ר;ש;ע;ם;י;נ;(36, 8, 24, 19, 11641)
(36, 8, 25, 8, 11680);ל;ה;ל;ו;ק;ש;א;ו;ה;ר;ש;ע;ם;ה;י;ח;א;מ;ם;ה;(36, 8, 24, 39, 11661)
(36, 8, 25, 28, 11700);כ;ה;ת;א;ו;ב;ה;ז;ה;ת;א;ו;ף;ס;כ;ה;ת;א;ם;ה;(36, 8, 25, 9, 11681)
(36, 8, 25, 48, 11720);ר;ה;ה;ו;נ;י;ה;ל;א;ת;י;ב;ת;מ;ו;ר;ת;ם;י;ל;(36, 8, 25, 29, 11701)
(36, 8, 25, 68, 11740);כ;ו;ו;י;ר;ש;ו;ו;י;צ;ע;י;ו;ך;ל;מ;ה;ו;מ;י;(36, 8, 25, 49, 11721)
(36, 8, 26, 7, 11760);ע;ה;ל;ק;ש;א;ו;ם;י;א;צ;מ;נ;ה;ל;א;ר;ש;י;ל;(36, 8, 25, 69, 11741)
(36, 8, 26, 27, 11780);ח;ו;ת;ו;א;מ;ש;ש;ם;י;ר;כ;כ;ף;ס;כ;ם;ד;י;ל;(36, 8, 26, 8, 11761)
(36, 8, 26, 47, 11800);ם;י;ר;כ;כ;ל;ה;א;מ;ף;ס;כ;י;ל;כ;ו;ם;י;ש;מ;(36, 8, 26, 28, 11781)
(36, 8, 27, 11, 11820);ר;ש;ע;ב;ה;ז;י;ר;פ;כ;ו;ר;כ;כ;ה;א;מ;ב;ה;ז;(36, 8, 26, 48, 11801)
(36, 8, 27, 31, 11840);ש;ח;נ;י;ל;כ;ו;ף;ל;א;ם;י;נ;כ;ר;ד;א;ל;ם;י;(36, 8, 27, 12, 11821)
(36, 8, 27, 51, 11860);ז;כ;ת;ד;ו;מ;ח;ם;י;נ;ש;ה;ב;ו;ט;ב;ה;צ;מ;ת;(36, 8, 27, 32, 11841)
(36, 8, 28, 18, 11880);ה;י;ל;ש;ד;ק;ם;ת;א;ם;ה;ל;א;ה;ר;מ;א;ו;ב;ה;(36, 8, 27, 52, 11861)
(36, 8, 28, 38, 11900);ה;ז;ה;ו;ף;ס;כ;ה;ו;ש;ד;ק;ם;י;ל;כ;ה;ו;ה;ו;(36, 8, 28, 19, 11881)
(36, 8, 28, 58, 11920);ם;כ;י;ת;ב;א;י;ה;ל;א;ה;ו;ה;י;ל;ה;ב;ד;נ;ב;(36, 8, 28, 39, 11901)
(36, 8, 29, 20, 11940);י;נ;פ;ל;ו;ל;ק;ש;ת;ד;ע;ו;ר;מ;ש;ו;ו;ד;ק;ש;(36, 8, 29, 1, 11921)
(36, 8, 29, 40, 11960);ה;י;ר;ש;ו;ם;י;ו;ל;ה;ו;ם;י;נ;ה;כ;ה;י;ר;ש;(36, 8, 29, 21, 11941)
(36, 8, 29, 60, 11980);ש;ל;ה;ם;ל;ש;ו;ר;י;ב;ל;א;ר;ש;י;ל;ת;ו;ב;א;(36, 8, 29, 41, 11961)
(36, 8, 30, 10, 12000);י;נ;ה;כ;ה;ו;ל;ב;ק;ו;ה;ו;ה;י;ת;י;ב;ת;ו;כ;(36, 8, 29, 61, 11981)
(36, 8, 30, 30, 12020);ב;ה;ז;ה;ו;ף;ס;כ;ה;ל;ק;ש;מ;ם;י;ו;ל;ה;ו;ם;(36, 8, 30, 11, 12001)
(36, 8, 30, 50, 12040);ב;ל;ם;ל;ש;ו;ר;י;ל;א;י;ב;ה;ל;ם;י;ל;כ;ה;ו;(36, 8, 30, 31, 12021)
(36, 8, 31, 12, 12060);ו;ה;א;ר;ה;נ;מ;ה;ע;ס;נ;ו;ו;נ;י;ה;ל;א;ת;י;(36, 8, 30, 51, 12041)
(36, 8, 31, 32, 12080);ל;ן;ו;ש;א;ר;ה;ש;ד;ח;ל;ר;ש;ע;ם;י;נ;ש;ב;א;(36, 8, 31, 13, 12061)
(36, 8, 31, 52, 12100);י;ה;ו;נ;י;ה;ל;א;ד;י;ו;ם;ל;ש;ו;ר;י;ת;כ;ל;(36, 8, 31, 33, 12081)
(36, 8, 31, 72, 12120);י;ו;א;ף;כ;מ;ו;נ;ל;י;צ;י;ו;ו;נ;י;ל;ע;ה;ת;(36, 8, 31, 53, 12101)
(36, 8, 32, 8, 12140);ו;ר;י;א;ו;ב;נ;ו;ך;ר;ד;ה;ל;ע;ב;ר;ו;א;ו;ב;(36, 8, 31, 73, 12121)
(36, 8, 33, 3, 12160);י;ב;ו;ה;ש;ל;ש;ם;י;מ;י;ם;ש;ב;ש;נ;ו;ם;ל;ש;(36, 8, 32, 9, 12141)
(36, 8, 33, 23, 12180);ה;ז;ה;ו;ף;ס;כ;ה;ל;ק;ש;נ;י;ע;י;ב;ר;ה;ם;ו;(36, 8, 33, 4, 12161)
(36, 8, 33, 43, 12200);י;ל;ע;ו;נ;י;ה;ל;א;ת;י;ב;ב;ם;י;ל;כ;ה;ו;ב;(36, 8, 33, 24, 12181)
(36, 8, 33, 63, 12220);מ;ע;ו;ן;ה;כ;ה;ה;י;ר;ו;א;ן;ב;ת;ו;מ;ר;מ;ד;(36, 8, 33, 44, 12201)
(36, 8, 33, 83, 12240);ו;י;ם;ה;מ;ע;ו;ס;ח;נ;י;פ;ן;ב;ר;ז;ע;ל;א;ו;(36, 8, 33, 64, 12221)
(36, 8, 33, 103, 12260);נ;ב;ן;ב;ה;י;ד;ע;ו;נ;ו;ע;ו;ש;י;ן;ב;ד;ב;ז;(36, 8, 33, 84, 12241)
(36, 8, 34, 13, 12280);ל;כ;ל;ל;ק;ש;מ;ב;ר;פ;ס;מ;ב;ם;י;ו;ל;ה;י;ו;(36, 8, 33, 104, 12261)
(36, 8, 35, 1, 12300);ה;א;י;ה;ה;ת;ע;ב;ל;ק;ש;מ;ה;ל;כ;ב;ת;כ;י;ו;(36, 8, 34, 14, 12281)
(36, 8, 35, 21, 12320);ר;ק;ה;ה;ל;ו;ג;ה;י;נ;ב;י;ב;ש;ה;מ;ם;י;א;ב;(36, 8, 35, 2, 12301)
(36, 8, 35, 41, 12340);י;ר;פ;ל;א;ר;ש;י;י;ה;ל;א;ל;ת;ו;ל;ע;ו;ב;י;(36, 8, 35, 22, 12321)
(36, 8, 35, 61, 12360);ל;י;א;ל;א;ר;ש;י;ל;כ;ל;ע;ר;ש;ע;ם;י;נ;ש;ם;(36, 8, 35, 42, 12341)
(36, 8, 35, 81, 12380);י;ע;ב;ש;ם;י;ש;ב;כ;ה;ש;ש;ו;ם;י;ע;ש;ת;ם;י;(36, 8, 35, 62, 12361)
(36, 8, 35, 101, 12400);ע;ם;י;נ;ש;ת;א;ט;ח;י;ר;י;פ;צ;ה;ע;ב;ש;ו;ם;(36, 8, 35, 82, 12381)
(36, 8, 36, 6, 12420);א;ו;נ;ת;י;ו;ה;ו;ה;י;ל;ה;ל;ו;ע;ל;כ;ה;ר;ש;(36, 8, 35, 102, 12401)
(36, 8, 36, 26, 12440);ל;מ;ה;י;נ;פ;ר;ד;ש;ח;א;ל;ך;ל;מ;ה;י;ת;ד;ת;(36, 8, 36, 7, 12421)
(36, 8, 36, 46, 12460);א;ו;א;ש;נ;ו;ר;ה;נ;ה;ר;ב;ע;ת;ו;ו;ח;פ;ו;ך;(36, 8, 36, 27, 12441)
(36, 9, 1, 4, 12480);ל;כ;כ;ו;ם;י;ה;ל;א;ה;ת;י;ב;ת;א;ו;ם;ע;ה;ת;(36, 8, 36, 47, 12461)
(36, 9, 1, 24, 12500);מ;א;ל;ם;י;ר;ש;ה;י;ל;א;ו;ש;ג;נ;ה;ל;א;ת;ו;(36, 9, 1, 5, 12481)
(36, 9, 1, 44, 12520);ה;כ;ה;ו;ל;א;ר;ש;י;ם;ע;ה;ו;ל;ד;ב;נ;א;ל;ר;(36, 9, 1, 25, 12501)
(36, 9, 1, 64, 12540);כ;ת;ו;צ;ר;א;ה;י;מ;ע;מ;ם;י;ו;ל;ה;ו;ם;י;נ;(36, 9, 1, 45, 12521)
(36, 9, 1, 84, 12560);ר;פ;ה;י;ת;ח;ה;י;נ;ע;נ;כ;ל;ם;ה;י;ת;ב;ע;ת;(36, 9, 1, 65, 12541)
(36, 9, 1, 104, 12580);מ;ה;י;ב;א;מ;ה;י;נ;מ;ע;ה;י;ס;ו;ב;י;ה;י;ז;(36, 9, 1, 85, 12561)
(36, 9, 2, 11, 12600);י;ת;נ;ב;מ;ו;א;ש;נ;י;כ;י;ר;מ;א;ה;ו;י;ר;צ;(36, 9, 1, 105, 12581)
(36, 9, 2, 31, 12620);ז;ו;ב;ר;ע;ת;ה;ו;ם;ה;י;נ;ב;ל;ו;ם;ה;ל;ם;ה;(36, 9, 2, 12, 12601)
(36, 9, 2, 51, 12640);ה;ד;י;ו;ת;ו;צ;ר;א;ה;י;מ;ע;ב;ש;ד;ק;ה;ע;ר;(36, 9, 2, 32, 12621)
(36, 9, 2, 71, 12660);ה;ל;ע;מ;ב;ה;ת;י;ה;ם;י;נ;ג;ס;ה;ו;ם;י;ר;ש;(36, 9, 2, 52, 12641)
(36, 9, 3, 12, 12680);ר;ב;ד;ה;ת;א;י;ע;מ;ש;כ;ו;ה;נ;ו;ש;א;ר;ה;ז;(36, 9, 2, 72, 12661)
(36, 9, 3, 32, 12700);י;ל;י;ע;מ;ו;י;ד;ג;ב;ת;א;י;ת;ע;ר;ק;ה;ז;ה;(36, 9, 3, 13, 12681)
(36, 9, 3, 52, 12720);ו;י;נ;ק;ז;ו;י;ש;א;ר;ר;ע;ש;מ;ה;ט;ר;מ;א;ו;(36, 9, 3, 33, 12701)
(36, 9, 4, 11, 12740);ל;כ;ו;פ;ס;א;י;י;ל;א;ו;ם;מ;ו;ש;מ;ה;ב;ש;א;(36, 9, 3, 53, 12721)
(36, 9, 4, 31, 12760);מ;ל;ע;ל;א;ר;ש;י;י;ה;ל;א;י;ר;ב;ד;ב;ד;ר;ח;(36, 9, 4, 12, 12741)
(36, 9, 4, 51, 12780);ע;ם;מ;ו;ש;מ;ב;ש;י;י;נ;א;ו;ה;ל;ו;ג;ה;ל;ע;(36, 9, 4, 32, 12761)
(36, 9, 5, 10, 12800);ב;ר;ע;ה;ת;ח;נ;מ;ב;ו;ב;ר;ע;ה;ת;ח;נ;מ;ל;ד;(36, 9, 4, 52, 12781)
(36, 9, 5, 30, 12820);ד;ג;ב;י;ע;ר;ק;ב;ו;י;ת;י;נ;ע;ת;מ;י;ת;מ;ק;(36, 9, 5, 11, 12801)
(36, 9, 5, 50, 12840);ו;י;כ;ר;ב;ל;ע;ה;ע;ר;כ;א;ו;י;ל;י;ע;מ;ו;י;(36, 9, 5, 31, 12821)
(36, 9, 6, 2, 12860);א;ו;י;ה;ל;א;ה;ו;ה;י;ל;א;י;פ;כ;ה;ש;ר;פ;א;(36, 9, 5, 51, 12841)
(36, 9, 6, 22, 12880);ה;ל;י;ת;מ;ל;כ;נ;ו;י;ת;ש;ב;י;ה;ל;א;ה;ר;מ;(36, 9, 6, 3, 12861)
(36, 9, 6, 42, 12900);ת;נ;ו;ע;י;כ;ך;י;ל;א;י;נ;פ;י;ה;ל;א;ם;י;ר;(36, 9, 6, 23, 12881)
(36, 9, 6, 62, 12920);נ;ת;מ;ש;א;ו;ש;א;ר;ה;ל;ע;מ;ל;ו;ב;ר;ו;נ;י;(36, 9, 6, 43, 12901)
(36, 9, 7, 8, 12940);י;ת;ב;א;י;מ;י;מ;ם;י;מ;ש;ל;ד;ע;ה;ל;ד;ג;ו;(36, 9, 6, 63, 12921)
(36, 9, 7, 28, 12960);י;ה;ד;ע;ה;ל;ד;ג;ה;מ;ש;א;ב;ו;נ;ח;נ;א;ו;נ;(36, 9, 7, 9, 12941)
(36, 9, 7, 48, 12980);נ;א;ו;נ;ת;נ;ו;נ;י;ת;נ;ו;ע;ב;ו;ה;ז;ה;ם;ו;(36, 9, 7, 29, 12961)
(36, 9, 7, 68, 13000);ל;מ;ד;י;ב;ו;נ;י;נ;ה;כ;ו;נ;י;כ;ל;מ;ו;נ;ח;(36, 9, 7, 49, 12981)
(36, 9, 7, 88, 13020);ז;ב;ב;ו;י;ב;ש;ב;ב;ר;ח;ב;ת;ו;צ;ר;א;ה;י;כ;(36, 9, 7, 69, 13001)
(36, 9, 8, 2, 13040);ע;ו;ה;ז;ה;ם;ו;י;ה;כ;ם;י;נ;פ;ת;ש;ב;ב;ו;ה;(36, 9, 7, 89, 13021)
(36, 9, 8, 22, 13060);ת;א;מ;ה;נ;ח;ת;ה;ת;י;ה;ע;ג;ר;ט;ע;מ;כ;ה;ת;(36, 9, 8, 3, 13041)
(36, 9, 8, 42, 13080);פ;ו;נ;ל;ר;י;א;ש;ה;ל;ו;נ;י;ה;ל;א;ה;ו;ה;י;(36, 9, 8, 23, 13061)
(36, 9, 8, 62, 13100);ק;ם;ו;ק;מ;ב;ד;ת;י;ו;נ;ל;ת;ת;ל;ו;ה;ט;י;ל;(36, 9, 8, 43, 13081)
(36, 9, 8, 82, 13120);ו;נ;י;ה;ל;א;ו;נ;י;נ;י;ע;ר;י;א;ה;ל;ו;ש;ד;(36, 9, 8, 63, 13101)
(36, 9, 8, 102, 13140);ו;נ;ת;ד;ב;ע;ב;ט;ע;מ;ה;י;ח;מ;ו;נ;ת;ת;ל;ו;(36, 9, 8, 83, 13121)
(36, 9, 9, 20, 13160);ו;נ;ת;ד;ב;ע;ב;ו;ו;נ;ח;נ;א;ם;י;ד;ב;ע;י;כ;(36, 9, 9, 1, 13141)
(36, 9, 9, 40, 13180);נ;י;ל;ע;ט;י;ו;ו;נ;י;ה;ל;א;ו;נ;ב;ז;ע;א;ל;(36, 9, 9, 21, 13161)
(36, 9, 9, 60, 13200);נ;ל;ת;ת;ל;ס;ר;פ;י;כ;ל;מ;י;נ;פ;ל;ד;ס;ח;ו;(36, 9, 9, 41, 13181)
(36, 9, 9, 80, 13220);נ;י;ה;ל;א;ת;י;ב;ת;א;ם;מ;ו;ר;ל;ה;י;ח;מ;ו;(36, 9, 9, 61, 13201)
(36, 9, 9, 100, 13240);ת;ת;ל;ו;ו;י;ת;ב;ר;ח;ת;א;ד;י;מ;ע;ה;ל;ו;ו;(36, 9, 9, 81, 13221)
(36, 9, 9, 120, 13260);ם;ל;ש;ו;ר;י;ב;ו;ה;ד;ו;ה;י;ב;ר;ד;ג;ו;נ;ל;(36, 9, 9, 101, 13241)
(36, 9, 10, 20, 13280);י;ר;ח;א;ו;נ;י;ה;ל;א;ר;מ;א;נ;ה;מ;ה;ת;ע;ו;(36, 9, 10, 1, 13261)
(36, 9, 11, 4, 13300);צ;ר;ש;א;ך;י;ת;ו;צ;מ;ו;נ;ב;ז;ע;י;כ;ת;א;ז;(36, 9, 10, 21, 13281)
(36, 9, 11, 24, 13320);א;ל;ם;י;א;י;ב;נ;ה;ך;י;ד;ב;ע;ד;י;ב;ת;י;ו;(36, 9, 11, 5, 13301)
(36, 9, 11, 44, 13340);ת;ש;ר;ל;ם;י;א;ב;ם;ת;א;ר;ש;א;ץ;ר;א;ה;ר;מ;(36, 9, 11, 25, 13321)
(36, 9, 11, 64, 13360);ר;א;ה;י;מ;ע;ת;ד;נ;ב;א;י;ה;ה;ד;נ;ץ;ר;א;ה;(36, 9, 11, 45, 13341)
(36, 9, 11, 84, 13380);ה;ו;א;ל;מ;ר;ש;א;ם;ה;י;ת;ב;ע;ו;ת;ב;ת;ו;צ;(36, 9, 11, 65, 13361)
(36, 9, 12, 7, 13400);ו;נ;ב;ה;ת;ע;ו;ם;ת;א;מ;ט;ב;ה;פ;ל;א;ה;פ;מ;(36, 9, 11, 85, 13381)
(36, 9, 12, 27, 13420);ת;נ;ב;ו;ם;ה;י;נ;ב;ל;ו;נ;ת;ת;ל;א;ם;כ;י;ת;(36, 9, 12, 8, 13401)
(36, 9, 12, 47, 13440);ד;ת;א;ל;ו;ם;כ;י;נ;ב;ל;ו;א;ש;ת;ל;א;ם;ה;י;(36, 9, 12, 28, 13421)
(36, 9, 12, 67, 13460);ל;ם;ל;ו;ע;ד;ע;ם;ת;ב;ו;ט;ו;ם;מ;ל;ש;ו;ש;ר;(36, 9, 12, 48, 13441)
(36, 9, 12, 87, 13480);ה;ב;ו;ט;ת;א;ם;ת;ל;כ;א;ו;ו;ק;ז;ח;ת;ן;ע;מ;(36, 9, 12, 68, 13461)
(36, 9, 12, 107, 13500);ו;ע;ד;ע;ם;כ;י;נ;ב;ל;ם;ת;ש;ר;ו;ה;ו;ץ;ר;א;(36, 9, 12, 88, 13481)
(36, 9, 13, 18, 13520);ע;מ;ב;ו;נ;י;ל;ע;א;ב;ה;ל;כ;י;ר;ח;א;ו;ם;ל;(36, 9, 12, 108, 13501)
(36, 9, 13, 38, 13540);ד;ג;ה;ו;נ;ת;מ;ש;א;ב;ו;ם;י;ע;ר;ה;ו;נ;י;ש;(36, 9, 13, 19, 13521)
(36, 9, 13, 58, 13560);ט;מ;ל;ת;כ;ש;ח;ו;נ;י;ה;ל;א;ה;ת;א;י;כ;ה;ל;(36, 9, 13, 39, 13541)
(36, 9, 13, 78, 13580);ה;ט;י;ל;פ;ו;נ;ל;ה;ת;ת;נ;ו;ו;נ;נ;ו;ע;מ;ה;(36, 9, 13, 59, 13561)
(36, 9, 14, 16, 13600);ו;ך;י;ת;ו;צ;מ;ר;פ;ה;ל;ב;ו;ש;נ;ה;ת;א;ז;כ;(36, 9, 13, 79, 13581)
(36, 9, 14, 36, 13620);ה;ל;א;ה;ת;ו;ב;ע;ת;ה;י;מ;ע;ב;ן;ת;ח;ת;ה;ל;(36, 9, 14, 17, 13601)
(36, 9, 14, 56, 13640);ן;י;א;ל;ה;ל;כ;ד;ע;ו;נ;ב;ף;נ;א;ת;א;ו;ל;ה;(36, 9, 14, 37, 13621)
(36, 9, 15, 9, 13660);י;י;ה;ל;א;ה;ו;ה;י;ה;ט;י;ל;פ;ו;ת;י;ר;א;ש;(36, 9, 14, 57, 13641)
(36, 9, 15, 29, 13680);פ;ו;נ;ר;א;ש;נ;י;כ;ה;ת;א;ק;י;ד;צ;ל;א;ר;ש;(36, 9, 15, 10, 13661)
(36, 9, 15, 49, 13700);י;נ;פ;ל;ו;נ;נ;ה;ה;ז;ה;ם;ו;י;ה;כ;ה;ט;י;ל;(36, 9, 15, 30, 13681)
(36, 9, 15, 69, 13720);ל;ד;ו;מ;ע;ל;ן;י;א;י;כ;ו;נ;י;ת;מ;ש;א;ב;ך;(36, 9, 15, 50, 13701)
(36, 10, 1, 11, 13740);א;ר;ז;ע;ל;ל;פ;ת;ה;כ;ו;ת;א;ז;ל;ע;ך;י;נ;פ;(36, 9, 15, 70, 13721)
(36, 10, 1, 31, 13760);נ;פ;ל;ל;פ;נ;ת;מ;ו;ה;כ;ב;ו;ת;ד;ו;ת;ה;כ;ו;(36, 10, 1, 12, 13741)
(36, 10, 1, 51, 13780);מ;ו;י;ל;א;ו;צ;ב;ק;נ;ם;י;ה;ל;א;ה;ת;י;ב;י;(36, 10, 1, 32, 13761)
(36, 10, 1, 71, 13800);נ;ו;ם;י;ש;נ;א;ד;א;מ;ב;ר;ל;ה;ק;ל;א;ר;ש;י;(36, 10, 1, 52, 13781)
(36, 10, 1, 91, 13820);ב;ר;ה;ם;ע;ה;ו;כ;ב;י;כ;ם;י;ד;ל;י;ו;ם;י;ש;(36, 10, 1, 72, 13801)
(36, 10, 2, 16, 13840);ל;א;י;ח;י;ן;ב;ה;י;נ;כ;ש;ן;ע;י;ו;ה;כ;ב;ה;(36, 10, 1, 92, 13821)
(36, 10, 2, 36, 13860);נ;א;א;ר;ז;ע;ל;ר;מ;א;י;ו;ם;ל;ו;ע;י;נ;ב;מ;(36, 10, 2, 17, 13841)
(36, 10, 2, 56, 13880);נ;ב;ש;נ;ו;ו;נ;י;ה;ל;א;ב;ו;נ;ל;ע;מ;ו;נ;ח;(36, 10, 2, 37, 13861)
(36, 10, 2, 76, 13900);ת;ע;ו;ץ;ר;א;ה;י;מ;ע;מ;ת;ו;י;ר;כ;נ;ם;י;ש;(36, 10, 2, 57, 13881)
(36, 10, 3, 2, 13920);ע;ו;ת;א;ז;ל;ע;ל;א;ר;ש;י;ל;ה;ו;ק;מ;ש;י;ה;(36, 10, 2, 77, 13901)
(36, 10, 3, 22, 13940);ו;ה;ל;ו;נ;י;ה;ל;א;ל;ת;י;ר;ב;ת;ר;כ;נ;ה;ת;(36, 10, 3, 3, 13921)
(36, 10, 3, 42, 13960);ע;ב;ם;ה;מ;ד;ל;ו;נ;ה;ו;ם;י;ש;נ;ל;כ;א;י;צ;(36, 10, 3, 23, 13941)
(36, 10, 3, 62, 13980);ל;א;ת;ו;צ;מ;ב;ם;י;ד;ר;ח;ה;ו;י;נ;ד;א;ת;צ;(36, 10, 3, 43, 13961)
(36, 10, 4, 6, 14000);ע;י;כ;ם;ו;ק;ה;ש;ע;י;ה;ר;ו;ת;כ;ו;ו;נ;י;ה;(36, 10, 3, 63, 13981)
(36, 10, 4, 26, 14020);ו;ק;ז;ח;ך;מ;ע;ו;נ;ח;נ;א;ו;ר;ב;ד;ה;ך;י;ל;(36, 10, 4, 7, 14001)
(36, 10, 5, 17, 14040);ר;ש;ת;א;ע;ב;ש;י;ו;א;ר;ז;ע;ם;ק;י;ו;ה;ש;ע;(36, 10, 4, 27, 14021)
(36, 10, 5, 37, 14060);ל;א;ר;ש;י;ל;כ;ו;ם;י;ו;ל;ה;ם;י;נ;ה;כ;ה;י;(36, 10, 5, 18, 14041)
(36, 10, 6, 2, 14080);י;ו;ו;ע;ב;ש;י;ו;ה;ז;ה;ר;ב;ד;כ;ת;ו;ש;ע;ל;(36, 10, 5, 38, 14061)
(36, 10, 6, 22, 14100);ם;י;ה;ל;א;ה;ת;י;ב;י;נ;פ;ל;מ;א;ר;ז;ע;ם;ק;(36, 10, 6, 3, 14081)
(36, 10, 6, 42, 14120);ל;א;ן;ב;ן;נ;ח;ו;ה;י;ת;כ;ש;ל;ל;א;ך;ל;י;ו;(36, 10, 6, 23, 14101)
(36, 10, 6, 62, 14140);מ;ו;ל;כ;א;א;ל;ם;ח;ל;ם;ש;ך;ל;י;ו;ב;י;ש;י;(36, 10, 6, 43, 14121)
(36, 10, 6, 82, 14160);ה;ל;ע;מ;ל;ע;ל;ב;א;ת;מ;י;כ;ה;ת;ש;א;ל;ם;י;(36, 10, 6, 63, 14141)
(36, 10, 7, 16, 14180);ה;ד;ו;ה;י;ב;ל;ו;ק;ו;ר;י;ב;ע;י;ו;ה;ל;ו;ג;(36, 10, 6, 83, 14161)
(36, 10, 7, 36, 14200);ה;ל;ה;ל;ו;ג;ה;י;נ;ב;ל;כ;ל;ם;ל;ש;ו;ר;י;ו;(36, 10, 7, 17, 14181)
(36, 10, 8, 11, 14220);ו;ב;י;א;ל;ר;ש;א;ל;כ;ו;ם;ל;ש;ו;ר;י;ץ;ב;ק;(36, 10, 7, 37, 14201)
(36, 10, 8, 31, 14240);ם;י;ר;ש;ה;ת;צ;ע;כ;ם;י;מ;י;ה;ת;ש;ל;ש;ל;א;(36, 10, 8, 12, 14221)
(36, 10, 8, 51, 14260);ה;ו;ו;ש;ו;כ;ר;ל;כ;ם;ר;ח;י;ם;י;נ;ק;ז;ה;ו;(36, 10, 8, 32, 14241)
(36, 10, 9, 5, 14280);צ;ב;ק;י;ו;ה;ל;ו;ג;ה;ל;ה;ק;מ;ל;ד;ב;י;א;ו;(36, 10, 8, 52, 14261)
(36, 10, 9, 25, 14300);ר;י;ן;מ;י;נ;ב;ו;ה;ד;ו;ה;י;י;ש;נ;א;ל;כ;ו;(36, 10, 9, 6, 14281)
(36, 10, 9, 45, 14320);ש;ד;ח;א;ו;ה;ם;י;מ;י;ה;ת;ש;ל;ש;ל;ם;ל;ש;ו;(36, 10, 9, 26, 14301)
(36, 10, 9, 65, 14340);ב;ש;י;ו;ש;ד;ח;ב;ם;י;ר;ש;ע;ב;י;ע;י;ש;ת;ה;(36, 10, 9, 46, 14321)
(36, 10, 9, 85, 14360);ם;י;ה;ל;א;ה;ת;י;ב;ב;ו;ח;ר;ב;ם;ע;ה;ל;כ;ו;(36, 10, 9, 66, 14341)
(36, 10, 9, 105, 14380);י;מ;ש;ג;ה;מ;ו;ר;ב;ד;ה;ל;ע;ם;י;ד;י;ע;ר;מ;(36, 10, 9, 86, 14361)
(36, 10, 10, 19, 14400);ל;א;ר;מ;א;י;ו;ן;ה;כ;ה;א;ר;ז;ע;ם;ק;י;ו;ם;(36, 10, 9, 106, 14381)
(36, 10, 10, 39, 14420);ם;י;ש;נ;ו;ב;י;ש;ת;ו;ם;ת;ל;ע;מ;ם;ת;א;ם;ה;(36, 10, 10, 20, 14401)
(36, 10, 10, 59, 14440);ש;י;ת;מ;ש;א;ל;ע;ף;י;ס;ו;ה;ל;ת;ו;י;ר;כ;נ;(36, 10, 10, 40, 14421)
(36, 10, 11, 17, 14460);א;ה;ו;ה;י;ל;ה;ד;ו;ת;ו;נ;ת;ה;ת;ע;ו;ל;א;ר;(36, 10, 10, 60, 14441)
(36, 10, 11, 37, 14480);ה;ו;ו;נ;ו;צ;ר;ו;ש;ע;ו;ם;כ;י;ת;ב;א;י;ה;ל;(36, 10, 11, 18, 14461)
(36, 10, 11, 57, 14500);ם;י;ש;נ;ה;ן;מ;ו;ץ;ר;א;ה;י;מ;ע;מ;ו;ל;ד;ב;(36, 10, 11, 38, 14481)
(36, 10, 12, 13, 14520);י;ו;ל;ה;ק;ה;ל;כ;ו;נ;ע;י;ו;ת;ו;י;ר;כ;נ;ה;(36, 10, 11, 58, 14501)
(36, 10, 12, 33, 14540);ע;ך;י;ר;ב;ד;כ;ן;כ;ל;ו;ד;ג;ל;ו;ק;ו;ר;מ;א;(36, 10, 12, 14, 14521)
(36, 10, 13, 11, 14560);ע;ה;ו;ב;ר;ם;ע;ה;ל;ב;א;ת;ו;ש;ע;ל;ו;נ;י;ל;(36, 10, 12, 34, 14541)
(36, 10, 13, 31, 14580);ו;ח;ב;ד;ו;מ;ע;ל;ח;כ;ן;י;א;ו;ם;י;מ;ש;ג;ת;(36, 10, 13, 12, 14561)
(36, 10, 13, 51, 14600);א;ל;ו;ד;ח;א;ם;ו;י;ל;א;ל;ה;כ;א;ל;מ;ה;ו;ץ;(36, 10, 13, 32, 14581)
(36, 10, 13, 71, 14620);ב;ד;ב;ע;ש;פ;ל;ו;נ;י;ב;ר;ה;י;כ;ם;י;נ;ש;ל;(36, 10, 13, 52, 14601)
(36, 10, 14, 16, 14640);ה;ל;כ;ל;ו;נ;י;ר;ש;א;נ;ו;ד;מ;ע;י;ה;ז;ה;ר;(36, 10, 13, 72, 14621)
(36, 10, 14, 36, 14660);ב;י;ש;ה;ה;ו;נ;י;ר;ע;ב;ר;ש;א;ל;כ;ו;ל;ה;ק;(36, 10, 14, 17, 14641)
(36, 10, 14, 56, 14680);ז;מ;ם;י;ת;ע;ל;א;ב;י;ת;ו;י;ר;כ;נ;ם;י;ש;נ;(36, 10, 14, 37, 14661)
(36, 10, 14, 76, 14700);ר;י;ע;ו;ר;י;ע;י;נ;ק;ז;ם;ה;מ;ע;ו;ם;י;נ;מ;(36, 10, 14, 57, 14681)
(36, 10, 14, 96, 14720);א;ף;א;ן;ו;ר;ח;ב;י;ש;ה;ל;ד;ע;ה;י;ט;פ;ש;ו;(36, 10, 14, 77, 14701)
(36, 10, 15, 2, 14740);ך;א;ה;ז;ה;ר;ב;ד;ל;ד;ע;ו;נ;מ;מ;ו;נ;י;ה;ל;(36, 10, 14, 97, 14721)
(36, 10, 15, 22, 14760);ן;ב;ה;י;ז;ח;י;ו;ל;א;ה;ש;ע;ן;ב;ן;ת;נ;ו;י;(36, 10, 15, 3, 14741)
(36, 10, 15, 42, 14780);ש;ו;ם;ל;ש;מ;ו;ת;א;ז;ל;ע;ו;ד;מ;ע;ה;ו;ק;ת;(36, 10, 15, 23, 14761)
(36, 10, 16, 9, 14800);נ;ב;ן;כ;ו;ש;ע;י;ו;ם;ר;ז;ע;י;ו;ל;ה;י;ת;ב;(36, 10, 15, 43, 14781)
(36, 10, 16, 29, 14820);ן;ה;כ;ה;א;ר;ז;ע;ו;ל;ד;ב;י;ו;ה;ל;ו;ג;ה;י;(36, 10, 16, 10, 14801)
(36, 10, 16, 49, 14840);ב;א;ת;י;ב;ל;ת;ו;ב;א;ה;י;ש;א;ר;ם;י;ש;נ;א;(36, 10, 16, 30, 14821)
(36, 10, 16, 69, 14860);ם;ו;י;ב;ו;ב;ש;י;ו;ת;ו;מ;ש;ב;ם;ל;כ;ו;ם;ת;(36, 10, 16, 50, 14841)
(36, 10, 16, 89, 14880);ה;ש;ו;י;ר;ד;ל;י;ר;י;ש;ע;ה;ש;ד;ח;ל;ד;ח;א;(36, 10, 16, 70, 14861)
(36, 10, 17, 17, 14900);י;ש;ה;ה;ם;י;ש;נ;א;ל;כ;ב;ו;ל;כ;י;ו;ר;ב;ד;(36, 10, 16, 90, 14881)
(36, 10, 17, 37, 14920);ד;ח;א;ם;ו;י;ד;ע;ת;ו;י;ר;כ;נ;ם;י;ש;נ;ו;ב;(36, 10, 17, 18, 14901)
(36, 10, 18, 10, 14940);ה;י;נ;ב;מ;א;צ;מ;י;ו;ן;ו;ש;א;ר;ה;ש;ד;ח;ל;(36, 10, 17, 38, 14921)
(36, 10, 18, 30, 14960);ר;כ;נ;ם;י;ש;נ;ו;ב;י;ש;ה;ר;ש;א;ם;י;נ;ה;כ;(36, 10, 18, 11, 14941)
(36, 10, 18, 50, 14980);א;ו;ק;ד;צ;ו;י;ן;ב;ע;ו;ש;י;י;נ;ב;מ;ת;ו;י;(36, 10, 18, 31, 14961)
(36, 10, 18, 70, 15000);ב;י;ר;י;ו;ר;ז;ע;י;ל;א;ו;ה;י;ש;ע;מ;ו;י;ח;(36, 10, 18, 51, 14981)
(36, 10, 19, 14, 15020);א;י;צ;ו;ה;ל;ם;ד;י;ו;נ;ת;י;ו;ה;י;ל;ד;ג;ו;(36, 10, 18, 71, 15001)
(36, 10, 19, 34, 15040);א;ל;ע;ן;א;צ;ל;י;א;ם;י;מ;ש;א;ו;ם;ה;י;ש;נ;(36, 10, 19, 15, 15021)
(36, 10, 20, 16, 15060);ד;ב;ז;ו;י;נ;נ;ח;ר;מ;א;י;נ;ב;מ;ו;ם;ת;מ;ש;(36, 10, 19, 35, 15041)
(36, 10, 21, 18, 15080);ה;י;ל;א;ו;ה;י;ש;ע;מ;ם;ר;ח;י;נ;ב;מ;ו;ה;י;(36, 10, 20, 17, 15061)
(36, 10, 22, 3, 15100);ב;מ;ו;ה;י;ז;ע;ו;ל;א;י;ח;י;ו;ה;י;ע;מ;ש;ו;(36, 10, 21, 19, 15081)
(36, 10, 22, 23, 15120);ה;י;ש;ע;מ;י;נ;י;ע;ו;י;ל;א;ר;ו;ח;ש;פ;י;נ;(36, 10, 22, 4, 15101)
(36, 10, 22, 43, 15140);ע;ל;א;ו;ד;ב;ז;ו;י;ל;א;נ;ת;נ;ל;א;ע;מ;ש;י;(36, 10, 22, 24, 15121)
(36, 10, 23, 18, 15160);י;ע;מ;ש;ו;ד;ב;ז;ו;י;ם;י;ו;ל;ה;ן;מ;ו;ה;ש;(36, 10, 22, 44, 15141)
(36, 10, 23, 38, 15180);ה;י;ה;י;ח;ת;פ;א;ט;י;ל;ק;א;ו;ה;ה;י;ל;ק;ו;(36, 10, 23, 19, 15161)
(36, 10, 24, 10, 15200);ם;י;ר;ר;ש;מ;ה;ן;מ;ו;ר;ז;ע;י;ל;א;ו;ה;ד;ו;(36, 10, 23, 39, 15181)
(36, 10, 24, 30, 15220);ט;ו;ם;ל;ש;ם;י;ר;ע;ש;ה;ן;מ;ו;ב;י;ש;י;ל;א;(36, 10, 24, 11, 15201)
(36, 10, 25, 13, 15240);ר;פ;י;נ;ב;מ;ל;א;ר;ש;י;מ;ו;י;ר;ו;א;ו;ם;ל;(36, 10, 24, 31, 15221)
(36, 10, 25, 33, 15260);י;מ;ו;ה;י;כ;ל;מ;ו;ה;י;ז;י;ו;ה;י;מ;ר;ש;ע;(36, 10, 25, 14, 15241)
(36, 10, 26, 1, 15280);ו;ה;י;נ;ב;ו;ה;י;כ;ל;מ;ו;ר;ז;ע;ל;א;ו;ן;מ;(36, 10, 25, 34, 15261)
(36, 10, 26, 21, 15300);י;ו;ה;י;ר;כ;ז;ה;י;נ;ת;מ;ם;ל;י;ע;י;נ;ב;מ;(36, 10, 26, 2, 15281)
(36, 10, 26, 41, 15320);ה;י;ל;א;ו;ת;ו;מ;ר;י;ו;י;ד;ב;ע;ו;ל;א;י;ח;(36, 10, 26, 22, 15301)
(36, 10, 27, 20, 15340);ש;י;ל;א;י;נ;ע;ו;י;ל;א;א;ו;ת;ז;י;נ;ב;מ;ו;(36, 10, 27, 1, 15321)
(36, 10, 27, 40, 15360);ז;ע;ו;ד;ב;ז;ו;ת;ו;מ;ר;י;ו;ה;י;נ;ת;מ;ב;י;(36, 10, 27, 21, 15341)
(36, 10, 28, 17, 15380);נ;נ;ח;ן;נ;ח;ו;ה;י;י;ב;ב;י;נ;ב;מ;ו;א;ז;י;(36, 10, 27, 41, 15361)
(36, 10, 29, 11, 15400);ל;ש;מ;י;נ;ב;י;נ;ב;מ;ו;י;ל;ת;ע;י;ב;ז;ה;י;(36, 10, 28, 18, 15381)
(36, 10, 29, 31, 15420);ר;י;ל;א;ש;ו;ב;ו;ש;י;ה;י;ד;ע;ו;ך;ו;ל;מ;ם;(36, 10, 29, 12, 15401)
(36, 10, 30, 17, 15440);ו;א;נ;ד;ע;ב;א;ו;מ;ת;ח;פ;י;נ;ב;מ;ו;ת;ו;מ;(36, 10, 29, 32, 15421)
(36, 10, 30, 37, 15460);ל;צ;ב;ה;י;נ;ת;מ;ה;י;ש;ע;מ;ה;י;נ;ב;ל;ל;כ;(36, 10, 30, 18, 15441)
(36, 10, 31, 8, 15480);א;ם;ר;ח;י;נ;ב;ו;ה;ש;נ;מ;ו;י;ו;נ;ב;ו;ל;א;(36, 10, 30, 38, 15461)
(36, 10, 31, 28, 15500);ש;ה;י;ע;מ;ש;ה;י;כ;ל;מ;ה;י;ש;י;ר;ז;ע;י;ל;(36, 10, 31, 9, 15481)
(36, 10, 33, 2, 15520);ב;מ;ה;י;ר;מ;ש;ך;ו;ל;מ;ן;מ;י;נ;ב;ן;ו;ע;מ;(36, 10, 31, 29, 15501)
(36, 10, 33, 22, 15540);פ;י;ל;א;ד;ב;ז;ה;ת;ת;מ;י;נ;ת;מ;ם;ש;ח;י;נ;(36, 10, 33, 3, 15521)
(36, 10, 34, 6, 15560);נ;ב;י;נ;ב;מ;י;ע;מ;ש;ה;ש;נ;מ;י;מ;ר;י;ט;ל;(36, 10, 33, 23, 15541)
(36, 10, 35, 6, 15580);ד;ב;ה;י;נ;ב;ל;א;ו;א;ו;ם;ר;מ;ע;י;ד;ע;מ;י;(36, 10, 34, 7, 15561)
(36, 10, 36, 13, 15600);ש;י;ל;א;ת;ו;מ;ר;מ;ה;י;נ;ו;י;ה;ו;ל;כ;ה;י;(36, 10, 35, 7, 15581)
(36, 10, 38, 4, 15620);י;נ;ב;ו;ו;ש;ע;י;ו;י;נ;ת;מ;ה;י;נ;ת;מ;ב;י;(36, 10, 36, 14, 15601)
(36, 10, 39, 11, 15640);ו;ן;ת;נ;ו;ה;י;מ;ל;ש;ו;י;ע;מ;ש;י;ו;נ;ב;ו;(36, 10, 38, 5, 15621)
(36, 10, 41, 4, 15660);א;ר;ז;ע;י;ר;ש;י;ש;ש;י;ב;ד;נ;כ;מ;ה;י;ד;ע;(36, 10, 39, 12, 15641)
(36, 10, 42, 7, 15680);ר;מ;א;ם;ו;ל;ש;ה;י;ר;מ;ש;ו;ה;י;מ;ל;ש;ו;ל;(36, 10, 41, 5, 15661)
(36, 10, 43, 14, 15700);ת;מ;ל;א;י;ע;י;ו;ב;נ;י;נ;ב;מ;ף;ס;ו;י;ה;י;(36, 10, 42, 8, 15681)
(36, 10, 43, 34, 15720);ב;ל;א;ו;י;ו;ו;ד;י;א;נ;י;ב;ז;ד;ב;ז;ה;י;ת;(36, 10, 43, 15, 15701)
(36, 10, 44, 17, 15740);י;ר;כ;נ;ם;י;ש;נ;י;א;ש;נ;ה;ל;א;ל;כ;ה;י;נ;(36, 10, 43, 35, 15721)
(36, 10, 44, 37, 15760);נ;ב;ו;מ;י;ש;י;ו;ם;י;ש;נ;ם;ה;מ;ש;י;ו;ת;ו;(36, 10, 44, 18, 15741)
(36, 10, 44, 39, 15762); ; ; ; ; ; ; ; ; ; ; ; ; ; ; ; ; ; ;ם;י;(36, 10, 44, 38, 15761)
